store_name,company,phone,email,category,tipo_lead,source_list,import_email,decisor,cargo_decisor,ciudad,nivel,ventas_estimadas_usd,n_productos,anos_tienda,plataforma,web,instagram,cif,tipo_empresa,n_administradores,telefonos_extra,emails_extra
Green Stuff World,,+34 965 14 51 07,,Arte y manualidades,tienda_online,No Amazon V1,jose@libertyseller.com,,,Sant Joan d'Alacant,1,793590,3171,9.7,PrestaShop,https://www.greenstuffworld.com,https://instagram.com/greenstuffworld,,,0,,
ARTEMIRANDA,,+34 923 24 43 97,info@artemiranda.es,Arte y manualidades,tienda_online,No Amazon V1,jose@libertyseller.com,,,,1,306638,1378,9.2,PrestaShop,https://www.artemiranda.com,https://www.instagram.com/artemiranda1922,B37496528,sociedad,0,,
casapiera.com,JOAN PIERA BELLES ARTS S.L.,+34 934 24 54 01,casapieraweb@gmail.com,Arte y manualidades,tienda_online,No Amazon V1,jose@libertyseller.com,PIERA DOMENECH JOAN ROGELI,Administrador solidario,Barcelona,1,247703,3275,7.6,PrestaShop,https://casapiera.com,https://www.instagram.com/casapierabcn,B65791477,,3,,info@casapiera.com
pinturas-andalucia.com,Pinturas Andalucía S.A.,+34 952 47 85 08,info@pinturas-andalucia.com,Arte y manualidades,tienda_online,No Amazon V1,jose@libertyseller.com,,,,1,227424,448,9.7,PrestaShop,https://pinturas-andalucia.com,https://www.instagram.com/pinturasandalucia,A29238599,,0,,info@pinturasandalucia.com
Milky Way Ediciones,CIF B-52531225,+34 985 08 74 30,info@milkywayediciones.com,Arte y manualidades,tienda_online,No Amazon V1,jose@libertyseller.com,,,Llanera,1,213007,1303,9.7,Shopify,https://www.milkywayediciones.com,https://www.instagram.com/mwediciones,B52531225,,0,,ventas@milkywayediciones.com
DekoArte,"DEKOARTE WALL DECOR, S.L.",+34 699 26 34 41,,Arte y manualidades,tienda_online,No Amazon V1,jose@libertyseller.com,GASCON PRADAS TAMARA,Administrador único,Valencia,1,166112,645,7.5,Shopify,https://dekoarte.es,https://www.instagram.com/dekoarteonline,,,3,,
BD Barcelona Design,,+34 635 54 33 90,press@bdbarcelona.com,Arte y manualidades,tienda_online,No Amazon V1,jose@libertyseller.com,,,Barcelona,1,149002,53,9.7,Shopify,https://www.bdbarcelona.com,https://www.instagram.com/bdbarcelonadesign,,,0,+34 934 57 00 52,"sales@bdbarcelona.com; barcelona@casamitjana.com; barcelona@gth.es; info@barcelo-montanaro.com"
Gokuraku Comics,Rubén Molins,+34 936 59 74 41,info@gokuraku.es,Arte y manualidades,tienda_online,No Amazon V1,jose@libertyseller.com,,,,1,145946,2892,8.3,PrestaShop,https://gokuraku.es,https://www.instagram.com/gokurakucomics,36525015A,,0,,"info@instint.net; info@thebotic.com"
pinturasalejo.com,,+34 620 55 40 05,online@pinturasalejo.com,Arte y manualidades,tienda_online,No Amazon V1,jose@libertyseller.com,,,Jerez de la Frontera,1,119772,288,8.7,PrestaShop,https://pinturasalejo.com,https://www.instagram.com/pinturasalejocentroasesor,B90011099,sociedad,0,+34 955 76 10 89,marketing@pinturasalejo.com
MiróShop,,+34 934 43 90 68,miroshop@fmirobcn.org,Arte y manualidades,tienda_online,No Amazon V1,jose@libertyseller.com,,,Barcelona,1,114521,100000,4.7,PrestaShop,https://miroshop.fmirobcn.org,https://www.instagram.com/fundaciomiro,G08428138,,0,+34 934 43 94 70,
Unique Poster,DEN UNIKE PLAKATEN LIMITED,+34 934 80 94 40,hola@theuniqueposter.com,Arte y manualidades,tienda_online,No Amazon V1,jose@libertyseller.com,,,,1,103884,12,5.7,PrestaShop,https://theuniqueposter.com,https://www.instagram.com/the_unique_poster,,,0,+34 722 85 62 16,
OMG BCN,Oh My God Design S.L.,+34 931 52 61 85,shop@omgbcn.com,Arte y manualidades,tienda_online,No Amazon V1,jose@libertyseller.com,BARTOLOME FONT IVO,Administrador solidario,Barcelona,1,100941,980,5.6,Shopify,https://www.omgbcn.com,https://www.instagram.com/omg_bcn,B02660512,,2,"+34 932 45 76 26; +34 933 19 43 20",info@omgbcn.com
www.cuadrosylienzos.com,"STILCUADROS, S.L.",+34 610 69 16 05,info@cuadrosylienzos.com,Arte y manualidades,tienda_online,No Amazon V1,jose@libertyseller.com,BERNABEU SANTONJA SANTIAGO,Administrador único,,1,89851,1048,6.8,PrestaShop,https://www.cuadrosylienzos.com,https://www.instagram.com/cuadrosylienzos,B54334321,,1,+34 610 69 16 05,
El enano Friki,,+34 640 77 78 80,informacion@elenanofriki.com,Arte y manualidades,tienda_online,No Amazon V1,jose@libertyseller.com,,,L'Hospitalet de Llobregat,1,77290,1869,8.6,PrestaShop,https://elenanofriki.com,https://www.instagram.com/elenanofriki,J67164038,sociedad,0,,
librosfugitivos.es,LIBROS FUGITIVOS C.B.,+34 660 38 36 76,contacto@librosfugitivos.es,Arte y manualidades,tienda_online,No Amazon V1,jose@libertyseller.com,,,Valencia,1,74314,15214,8.1,PrestaShop,https://librosfugitivos.es,https://www.instagram.com/librosfugitivos,E98634231,,0,,librosfugitivos@gmail.com
La Madriguera Shop,Madriguera,+34 621 32 89 69,pedidos@lamadriguerashop.com,Arte y manualidades,tienda_online,No Amazon V1,jose@libertyseller.com,,,Granada,1,71949,9,9.7,PrestaShop,https://lamadriguerashop.com,https://www.instagram.com/lamadriguerashop,74696092G,,0,+3434621328969,
elmodernogallery,Moderno Gallery S.L.,+34 911 48 89 26,hello@elmodernogallery.com,Arte y manualidades,tienda_online,No Amazon V1,jose@libertyseller.com,,,Madrid,1,65601,1458,3.3,Shopify,https://elmodernogallery.com,https://www.instagram.com/elmodernogallery,B13795182,,0,,"info@elmodernogallery.com; hello@elmoderno.es"
papeleriaraquel.es,PAPELERÍA Y BELLAS ARTES RAQUEL S.L.,+34 917 96 78 10,info@papeleriaraquel.es,Arte y manualidades,tienda_online,No Amazon V1,jose@libertyseller.com,DEL PINO SANCHEZ MIGUEL LUIS,Administrador único,Madrid,1,60746,625,8.3,PrestaShop,https://papeleriaraquel.es,,B87912200,,1,,
Arigato Sevilla,Sequra Worldwide S.A.,+34 955 54 74 92,info@arigatosevilla.net,Arte y manualidades,tienda_online,No Amazon V1,jose@libertyseller.com,SETH DAVID KRISTOFFER BACKSTROM,Presidente / consejero delegado,Sevilla,1,58935,7073,9.7,PrestaShop,https://arigatosevilla.net,https://www.instagram.com/arigato.sevilla,30223313W,,38,,clientes@sequra.es
Alita Cómics,Juan Carlos Sanmiguel Sesto ·,+34 881 91 46 47,info@alitacomics.com,Arte y manualidades,tienda_online,No Amazon V1,jose@libertyseller.com,,,A Coruña,1,57509,254,9.7,PrestaShop,https://www.alitacomics.com,https://www.instagram.com/alitacomics,32838336V,,0,"+34 881 97 56 02; +34 981 90 52 02",pedidos@alitacomics.com
Tienda Pinturas Málaga Sol,Pinturas Málaga Sol S.L.,+34 647 70 56 87,psol@pinturasmalagasol.es,Arte y manualidades,tienda_online,No Amazon V1,jose@libertyseller.com,,,,1,55948,165,9.6,PrestaShop,https://www.pinturasmalagasol.es,https://www.instagram.com/pinturas_malagasol,B29540945,sociedad,0,+34 952 33 13 31,
Librería Papelería El Paseo,,+34 925 24 59 54,admin@papeleriadelpaseo.com,Arte y manualidades,tienda_online,No Amazon V1,jose@libertyseller.com,,,Toledo,1,49701,25001,6.3,Shopify,https://www.papeleriadelpaseo.com,,70357692W,,0,,"info@papeleriadelpaseo.com; tupapeleriapaseo@gmail.com"
Tienda online de graffiti,,+34 932 31 16 32,info@molotow.es,Arte y manualidades,tienda_online,No Amazon V1,jose@libertyseller.com,,,,1,47393,206,8,PrestaShop,https://www.molotow.es,https://www.instagram.com/molotowbarcelona,B85900215,sociedad,0,,
www.grabadosylitografias.com,"Fine Art Dealers, S.L.",+34 667 43 10 57,a@grabadosylitografias.com,Arte y manualidades,tienda_online,No Amazon V1,jose@libertyseller.com,RUIZ COCA AGUSTIN,Administrador único,Madrid,1,45458,190,6.6,Shopify,https://www.grabadosylitografias.com,https://www.instagram.com/grabadosylitografias,B87265666,,1,"+34 914 57 43 18; +34 914 57 27 32",galeria@grabadosylitografias.com
Tienda Tomos y Grapas,,+34 616 98 18 33,info@tomosygrapas.com,Arte y manualidades,tienda_online,No Amazon V1,jose@libertyseller.com,,,,1,37955,11751,6.9,PrestaShop,https://tienda.tomosygrapas.com,https://www.instagram.com/tomosygrapas,B88386420,sociedad,0,+34 915 27 57 88,"tienda@tomosygrapas.com; admin@tomosygrapas.com"
CCA Andratx,,+34 971 13 77 70,info@ccandratx.com,Arte y manualidades,tienda_online,No Amazon V1,jose@libertyseller.com,,,Andratx,1,37072,23,2.3,Shopify,https://ccandratx.eu,https://www.instagram.com/ccandratx,,,0,,
Sorolla Galería de Arte,dicha entidad no se hace,+34 954 50 11 11,info@sorolla.com,Arte y manualidades,tienda_online,No Amazon V1,jose@libertyseller.com,,,Seville,1,36337,485,9.7,PrestaShop,https://www.sorolla.com,,B41953902,,0,,
www.tiendapinturas.es,"AKROON NEQUALIS, S.L.",+34 957 32 68 74,info@tiendapinturas.es,Arte y manualidades,tienda_online,No Amazon V1,jose@libertyseller.com,SAENZ DE LA TORRE TEJADA JOAQUIN CARLOS,Administrador único,Córdoba,1,35805,188,7.9,PrestaShop,https://www.tiendapinturas.es,https://www.instagram.com/pinturas_automocion,B72384241,,1,+34 608 27 02 68,administracion@akroon.es
cuadros estilo Pop,,+34 689 92 63 46,administracion@funatic.es,Arte y manualidades,tienda_online,No Amazon V1,jose@libertyseller.com,,,,1,33587,683,9.7,PrestaShop,https://funatic.es,https://www.instagram.com/funatichobby,J72727969,sociedad,0,,
FG Arte,,+34 696 54 76 60,info@fgarte.com,Arte y manualidades,tienda_online,No Amazon V1,jose@libertyseller.com,,,Madrid,1,32953,26,6.7,Shopify,http://fgarte.com,https://instagram.com/fgarte,,,0,,
MT Helmets,MANUFACTURAS TOMÁS S.A.U.,+34 968 16 69 91,info@mthelmets.com,Automoción y moto,tienda_online,No Amazon V1,jose@libertyseller.com,BORJA DEL OLMO DE SAAVEDRA,Consejero,Cartagena,1,525077,473,8.6,Shopify,https://mthelmets.com,https://www.instagram.com/mthelmets,A30608798,,19,,shop@mthelmets.com
Royal Body Kits,Class SL,+34 617 79 46 52,business@royalbodykits.com,Automoción y moto,tienda_online,No Amazon V1,jose@libertyseller.com,,,Alcorcón,1,369534,10792,7.9,Shopify,https://www.royalbodykits.com,https://instagram.com/royalbodykits,,,0,,"info@royalbodykits.com; sales@royalbodykits.com"
Motoscoot,44mm Vespino SC,+34 972 41 38 80,info@motoscoot.net,Automoción y moto,tienda_online,No Amazon V1,jose@libertyseller.com,,,Girona,1,352899,25001,9.7,Shopify,https://motoscoot.net,https://www.instagram.com/motoscoot_official,B17990755,,0,,
Joyor Electric Scooter,MOVING S.L.,+34 931 41 90 91,info@joyorscooter.com,Automoción y moto,tienda_online,No Amazon V1,jose@libertyseller.com,,,Barcelona,1,319663,568,6.4,Shopify,https://joyorscooter.com,https://www.instagram.com/joyorscooter_es,B66982901,,0,"+34 611 05 63 67; +34 644 26 54 59; +34 912 90 44 01; +34 644 28 17 25",support@joyorscooter.com
navarrohermanos.es,"Navarro Hermanos, S.A.",+34 679 37 99 38,info@navarrohnos.com,Automoción y moto,tienda_online,No Amazon V1,jose@libertyseller.com,,,,1,297370,1733,9.7,PrestaShop,https://navarrohermanos.es,https://www.instagram.com/navarrohermanos,A29056769,,0,+34 952 33 74 00,"info@navarrohermanos.com; info@navarrohermanos.es; marketing.online@navarrohermanos.com"
ACMOTOS,ACM BIKEPARTS SL,+34 644 70 74 57,info@acmotos.com,Automoción y moto,tienda_online,No Amazon V1,jose@libertyseller.com,SOL DIAZ IVAN,Administrador único,Barcelona,1,285352,8251,9.1,PrestaShop,https://acmotos.com,https://www.instagram.com/acmotos_es,B13995964,,1,+34 931 83 88 33,
outlete.es,MACRO OUT S.L.,+34 662 30 33 10,info@outlete.es,Automoción y moto,tienda_online,No Amazon V1,jose@libertyseller.com,BARCENILLA MONTERO JUAN CARLOS,Administrador único,Sant Boi de Llobregat,1,261407,1408,9.7,PrestaShop,https://outlete.es,https://www.instagram.com/motooutlete,,,1,+34 937 07 07 97,
Lubricantes Online,,+34 620 84 31 35,info@lubricantes-online.com,Automoción y moto,tienda_online,No Amazon V1,jose@libertyseller.com,,,Santomera,1,216888,46936,9.7,PrestaShop,https://lubricantes-online.com,https://www.instagram.com/lubricantesonlinecom,B73789513,sociedad,0,"+34 968 86 17 10; +34 868 24 16 12",
LubricantesWeb,Cubre SL,+34 660 35 80 91,comercial@lubricantesweb.es,Automoción y moto,tienda_online,No Amazon V1,jose@libertyseller.com,,,Seville,1,206511,2602,9.5,PrestaShop,http://lubricantesweb.es,https://www.instagram.com/lubricantesweb,,,0,+34 955 69 05 26,
Unbraked,Unbraked Motor Parts S.L.U.,+34 955 31 45 62,cliente@unbraked.es,Automoción y moto,tienda_online,No Amazon V1,jose@libertyseller.com,MONTOJO COLL EDUARD,Administrador único,,1,185678,6130,7.8,PrestaShop,https://unbraked.es,https://www.instagram.com/unbrakedmotoparts,B01714674,,1,,"cliente@unbraked.es; hol@unbraked.es"
www.boutiquemotor.es,Boutique Motor S.L.U.,+34 671 06 81 76,team2@boutiquemotor.es,Automoción y moto,tienda_online,No Amazon V1,jose@libertyseller.com,,,Madrid,1,179182,558,8.3,PrestaShop,https://www.boutiquemotor.es,https://www.instagram.com/boutiquemotor.es,B78552676,,0,+34 915 49 51 37,
SPORTIVO STORE,"LENTO MUY LENTO, S.L.",+34 915 42 56 61,info@sportivostore.com,Automoción y moto,tienda_online,No Amazon V1,jose@libertyseller.com,OTERO DEL CARPIO GREGORIO,Administrador único,Madrid,1,177406,2229,8.7,Shopify,http://www.sportivostore.com,https://www.instagram.com/sportivostore,B86339132,,1,+34 916 75 14 29,"support@sportivostore.com; support@sportivostore.com.By"
www.selcus.com,,+34 602 22 13 35,web@selcus.com,Automoción y moto,tienda_online,No Amazon V1,jose@libertyseller.com,,,,1,169360,490,9.3,PrestaShop,https://www.selcus.com,https://www.instagram.com/selcus_wheels_official,B98742661,sociedad,0,"+34 602 22 82 43; +34 647 65 25 87; +34 960 11 10 55",
Recambios Diez,"Piezaslowcost, S.L.",+34 911 98 38 73,info@recambiosdiez.com,Automoción y moto,tienda_online,No Amazon V1,jose@libertyseller.com,DE SOUSA RIBEIRO MANUEL ANGELINO,Administrador único,,1,165082,10318,7.6,PrestaShop,https://www.recambiosdiez.com,https://www.instagram.com/recambiosdiez,B27847821,,1,,ventas@recambiosdiez.com
Todo Campers,"EuropaSeSiente Accesorios y Repuestos Camper, S.L.",+34 955 02 24 09,info@todocampers.com,Automoción y moto,tienda_online,No Amazon V1,jose@libertyseller.com,,,Dos Hermanas,1,162944,20,9.7,PrestaShop,https://todocampers.com,https://www.instagram.com/todocampers,B90280439,,0,+351211450914,infopt@todocampers.com
Talaria Iberia,Euromoto Iberia SL,+34 623 58 27 57,info@talariaiberia.eu,Automoción y moto,tienda_online,No Amazon V1,jose@libertyseller.com,EUROMOTO DISTRIBUTION FS S,Administrador único,Sant Joan Despí,1,158066,847,2.8,Shopify,https://talariaiberia.eu,https://www.instagram.com/talaria.iberia,B56952849,,4,"+34 655 37 41 63; +34 604 93 46 68","talarianorte@gmail.com; support@talariaiberia.eu; pedidos@talariaiberia.eu"
Recoautos,RECICLADOS DESGUACE PREMIUM S.L.,+34 636 30 99 23,info@recoautos.com,Automoción y moto,tienda_online,No Amazon V1,jose@libertyseller.com,,,Mengíbar,1,154196,71,9.7,PrestaShop,https://recoautos.com,https://www.instagram.com/recoautos,B19897925,,0,"+34 679 37 14 38; +34 921 42 43 53",pedidos@recoautos.com
weldracingparts.com,,+34 654 47 54 84,info@weldracingparts.com,Automoción y moto,tienda_online,No Amazon V1,jose@libertyseller.com,,,,1,147576,2488,5.3,PrestaShop,https://weldracingparts.com,https://www.instagram.com/weldracingparts,B26943969,sociedad,0,,
Electyum ®,Daniel Bravo Perez,+34 689 31 35 56,contact@electyum.com,Automoción y moto,tienda_online,No Amazon V1,jose@libertyseller.com,,,,1,135558,447,6.7,Shopify,https://electyum.com,https://instagram.com/electyum,43571090M,,0,+34 917 90 97 38,orders@electyum.com
Recambium,Grupo Motor Online SL,+34 638 48 72 60,comercial@recambium.com,Automoción y moto,tienda_online,No Amazon V1,jose@libertyseller.com,,,Ciempozuelos,1,132197,14324,8.7,PrestaShop,https://www.recambium.com,https://www.instagram.com/recambium,B85343424,,0,+34 918 01 02 03,comercial@pidenosaceite.com
Europea de Carretillas,"EUROPEA DE CARRETILLAS MB, S.L.",+34 961 21 18 35,info@europeadecarretillas.com,Automoción y moto,tienda_online,No Amazon V1,jose@libertyseller.com,BLASCO LAGUNAS MARCOS,Administrador único,Beniparrell,1,127716,314,6.8,PrestaShop,https://www.europeadecarretillas.com,https://www.instagram.com/europeadecarretillas,B98696248,,2,,europea@europeadecarretillas.com
COC-Online,,+4930652123568,info@coc-online.com,Automoción y moto,tienda_online,No Amazon V1,jose@libertyseller.com,,,,1,123948,92,2.7,Shopify,https://www.coc-online.com,https://www.instagram.com/coconline_eu,B44570349,sociedad,0,,
harley-davidsonsiebla.com,Ver S L,+34 665 76 21 09,info@h-dsieblamalaga.com,Automoción y moto,tienda_online,No Amazon V1,jose@libertyseller.com,,,,1,114476,2653,9.3,PrestaShop,https://harley-davidsonsiebla.com,https://www.instagram.com/hdsieblamalaga,B92628411,sociedad,0,"+34 952 64 15 88; +34 606 32 88 14",tiendaonline@h-dsieblamalaga.com
Tienda online AditivoX.com,ADX Fluids S.L.,+34 657 37 37 37,,Automoción y moto,tienda_online,No Amazon V1,jose@libertyseller.com,MORENO BARRO JOSIAS,Administrador único,,1,113050,148,9.7,PrestaShop,https://www.aditivox.com,,B39886536,,1,,
Fabregues Motos,FABREGUES MOTORSPORTS S.L.,+34 977 50 01 00,web@fabregues.es,Automoción y moto,tienda_online,No Amazon V1,jose@libertyseller.com,FABREGUES CANALDA JUAN,Administrador solidario,Tarragona,1,107448,209,4.7,PrestaShop,https://fabreguesmotos.com,https://www.instagram.com/fabregues_motos,B43769959,,4,,returns@fabregues.es
Autoservicio del Motorista,"Motospirit, S.L.",+34 604 20 09 16,info@autoserviciomotorista.com,Automoción y moto,tienda_online,No Amazon V1,jose@libertyseller.com,GALLEGO VAN MEGROOT MARIANO GABRIEL,Administrador mancomunado,,1,105615,1537,9.7,PrestaShop,https://www.autoserviciomotorista.com,,B21851019,,2,,
www.dvial.es,,+34 966 26 31 07,info@dvial.es,Automoción y moto,tienda_online,No Amazon V1,jose@libertyseller.com,,,,1,102186,197,9.7,PrestaShop,https://www.dvial.es,,B54679444,sociedad,0,,
Tires online,"PNEUMÀTICS PERELLÓ, S.L.",+34 972 39 64 69,info@ventaneumaticos.com,Automoción y moto,tienda_online,No Amazon V1,jose@libertyseller.com,ORENCIO GONZALEZ ENCINAS,Presidente / consejero delegado,Vilablareix,1,100941,1827,9.7,PrestaShop,https://www.ventaneumaticos.com,https://www.instagram.com/ventaneumaticos,B17084641,,11,"+34 972 39 64 69; +34 600 60 56 25; +34 650 65 56 60",
Desguace Europa 2000,,+34 646 60 08 08,info@desguaceeuropa2000.com,Automoción y moto,tienda_online,No Amazon V1,jose@libertyseller.com,,,,1,98226,8342,5.4,PrestaShop,https://desguaceeuropa2000.com,,B12345678,sociedad,0,"+34 961 44 10 78; +34 627 24 34 62",online@desguaceeuropa2000.com
Jovive,,+34 627 10 71 67,info@jovive.es,Automoción y moto,tienda_online,No Amazon V1,jose@libertyseller.com,,,Elche,1,93473,34,7.9,Shopify,https://jovive.es,https://www.instagram.com/jovive_tiendas_de_techo,B54022975,sociedad,0,"+34 958 78 43 07; +34 691 20 41 23; +34 629 01 03 82",admin@jovivetent.com
www.thenauticstore.com,OZEAM FUTURE S.L.,+34 673 09 83 24,info@thenauticstore.com,Automoción y moto,tienda_online,No Amazon V1,jose@libertyseller.com,CARLOS PELEGRIN MARTIN,Administrador único,Cartagena,1,89512,121,8.3,PrestaShop,http://www.thenauticstore.com,,B30902837,,1,,
Zyam,"ZYAM EQUIPAMIENTOS, S.L.",+34 928 71 37 74,info@zyam.es,Automoción y moto,tienda_online,No Amazon V1,jose@libertyseller.com,MIRANDA TRUJILLO ZEUS,Administrador único,Gáldar,1,87701,1942,9.7,PrestaShop,https://zyam.es,,B76080829,,1,"+34 928 71 51 52; +34 629 82 05 68",
pitbikeimr.com,Difades S.L.U.,+34 966 67 18 28,info@pitbikeimr.com,Automoción y moto,tienda_online,No Amazon V1,jose@libertyseller.com,MUÑOZ ALFARO JOSE LUIS,Administrador único,Elche,1,82383,97,9.3,PrestaShop,https://pitbikeimr.com,https://www.instagram.com/pitbike_imr,B54796990,,1,+34 612 34 56 78,jose@pitbikeimr.com
www.tienda-moto.com,"OLYMPIA 2, S.L.",+34 609 00 07 48,info@tienda-moto.com,Automoción y moto,tienda_online,No Amazon V1,jose@libertyseller.com,RICARD SAYERAS QUERA,Administrador solidario,Figueres,1,81930,2046,9.7,PrestaShop,https://www.tienda-moto.com,https://www.instagram.com/tienda_moto,B17148784,,5,+34 972 50 79 34,rgpd@olympiagrup.com
topvsp.com,,+34 915 06 20 12,commercial@topvsp.com,Automoción y moto,tienda_online,No Amazon V1,jose@libertyseller.com,,,,1,80006,98,5.3,PrestaShop,https://topvsp.com,,,,0,+0238656509,
Desguaces Insulares,SC Ibiza SC,+34 615 04 65 19,info@desguacesinsulares.es,Automoción y moto,tienda_online,No Amazon V1,jose@libertyseller.com,,,,1,78309,13,9.7,PrestaShop,https://desguacesinsulares.es,https://www.instagram.com/desguacesinsulares,B38107397,,0,+34 922 12 31 16,gestion@desguacesinsulares.es
Gumer Camper Accesorios,,+34 633 30 80 71,info@gumercamper.com,Automoción y moto,tienda_online,No Amazon V1,jose@libertyseller.com,,,Dos Hermanas,1,77064,458,7.5,PrestaShop,https://gumercamperaccesorios.com,https://www.instagram.com/gumercamper,B67951467,sociedad,0,"+34 954 04 41 58; +34 955 93 76 28",
Motos Arribas,Motos Arribas S.L.,+34 683 54 16 04,info@motosarribas.com,Automoción y moto,tienda_online,No Amazon V1,jose@libertyseller.com,LUQUE RUIZ CAROLINA,Apoderado,Colmenar de Oreja,1,75310,6776,5.3,Shopify,https://www.motosarribas.com,https://www.instagram.com/motosarribas,B83954933,,1,"+34 915 27 01 30; +34 918 94 35 45; +34 918 08 91 25",comercial@motosarribas.com
www.tiendamotorista.com,,+34 681 65 91 22,tiendamotorista.com@gmail.com,Automoción y moto,tienda_online,No Amazon V1,jose@libertyseller.com,,,Gandia,1,75186,7766,9.7,PrestaShop,https://www.tiendamotorista.com,https://www.instagram.com/tiendamotorista,B46140745,sociedad,0,"+34 961 15 41 05; +34 962 05 69 90; +34 962 96 62 50",
grupogdh.com,Grupo Dynamo Hispaman S.L.,+34 680 40 05 00,info@gdh-yale.es,Automoción y moto,tienda_online,No Amazon V1,jose@libertyseller.com,GENERAL DE DISTRIBUCION Y MANUTENCION DE MAQUINARI,Administrador único,,1,71576,44,6.1,PrestaShop,https://grupogdh.com,https://www.instagram.com/grupogdh,B88425707,,10,"+34 916 16 41 92; +34 961 51 84 10",
todoenrecambio.com,,+34 916 79 14 88,info@todoenrecambio.com,Automoción y moto,tienda_online,No Amazon V1,jose@libertyseller.com,,,,1,66596,6837,2.4,PrestaShop,https://todoenrecambio.com,https://www.instagram.com/todoenrecambio,,,0,,
SailRACE,,+34 912 03 23 00,team@sailrace.com,Automoción y moto,tienda_online,No Amazon V1,jose@libertyseller.com,,,Madrid,1,63360,8056,7.8,Shopify,https://www.sailrace.com,https://instagram.com/SailRaceCom,B87438123,sociedad,0,,
NEXT MOTORS,NEXT Electric Motors S.L.,+34 696 54 45 13,hi@wearenextmotors.com,Automoción y moto,tienda_online,No Amazon V1,jose@libertyseller.com,XU REN XU LEI,Presidente / consejero delegado,Alicante,1,60621,20,2.1,Shopify,https://wearenextmotors.com,https://instagram.com/wearenextmotors,B42529917,,8,+34 910 50 20 85,hi@nextelectricmotors.com
Reciclauto,RECICLATGES ESCOLANO S.L.,+34 937 90 49 18,info@reciclauto.cat,Automoción y moto,tienda_online,No Amazon V1,jose@libertyseller.com,ESCOLANO MASANA JOSEP MARIA,Apoderado,,1,57306,11815,8.7,PrestaShop,https://reciclauto.cat,https://www.instagram.com/reciclauto,B61455614,,1,,reciclauto@reciclauto.cat
Peskayak,,+34 605 08 09 40,info@peskayak.com,Automoción y moto,tienda_online,No Amazon V1,jose@libertyseller.com,,,,1,56887,494,8.1,PrestaShop,https://www.peskayak.com,https://www.instagram.com/peskayak,B93366904,sociedad,0,,comercial@peskayak.com
CarcarePassion,"Querido Barco, s.l.",+34 935 14 96 96,info@carcarepassion.com,Automoción y moto,tienda_online,No Amazon V1,jose@libertyseller.com,CORTINA MADRIGAL JOSEP ORIOL,Administrador único,,1,56389,2017,7.7,Shopify,https://www.carcarepassion.com,https://www.instagram.com/carcarepassionshop,B66205063,,2,,dudas@carcarepassion.com
AF SCOOTERS,Autónomo,+34 617 23 91 89,afscooterss@gmail.com,Automoción y moto,tienda_online,No Amazon V1,jose@libertyseller.com,,,Castellón de la Plana,1,55948,1370,1.8,Shopify,https://afscooters.com,https://www.instagram.com/af_scooters,Y9153574W,,0,"+34 604 92 79 30; +34 614 10 19 91",contacto@afscooters.com
Desguaces Olivares,"DESGUACES OLIVARES, S.L.",+34 955 99 04 24,info@desguacesolivares.com,Automoción y moto,tienda_online,No Amazon V1,jose@libertyseller.com,DE LA VIÑA RODRIGUEZ FRANCISCO RAMON,Apoderado,,1,55642,19018,7.6,PrestaShop,https://desguacesolivares.es,https://www.instagram.com/desguacesolivares,B91556621,,1,+34 685 81 00 68,info@desguacesolivares.es
CarenadosGP,,+34 644 45 20 45,carenadosgp@gmail.com,Automoción y moto,tienda_online,No Amazon V1,jose@libertyseller.com,,,Madrid,1,54726,17955,9.7,PrestaShop,https://carenadosgp.com,https://www.instagram.com/carenadosgp,B85946572,sociedad,0,+34 911 12 32 12,"info@carenadosgp.com; info@carenadospg.com; pedidos@carenadosgp.com"
todollantasshop.net,NEUMATICOS TORREVIEJA S.L.,+34 965 71 03 77,info@todollantasshop.net,Automoción y moto,tienda_online,No Amazon V1,jose@libertyseller.com,,,,1,54182,5671,7.6,PrestaShop,https://todollantasshop.net,https://www.instagram.com/explore/tags/todollantasshop/,B54524749,,0,+34 697 78 89 81,cayetano@neumaticostorrevieja.es
Desguaces Alcalá,,+34 692 42 04 69,info@desguacesalcala.com,Automoción y moto,tienda_online,No Amazon V1,jose@libertyseller.com,,,Alcalá la Real,1,53504,406,9.7,PrestaShop,https://desguacesalcala.com,https://www.instagram.com/desguace_alcala,B23601198,sociedad,0,"+34 953 58 40 00; +34 953 12 11 13",
AutoSock ES,"VIKA 1, S.L.",+34 934 50 12 61,info@vika1.com,Automoción y moto,tienda_online,No Amazon V1,jose@libertyseller.com,SANCHEZ MUSSLER JOAQUIN,Administrador único,Barcelona,1,50244,28,8.9,Shopify,https://autosock.es,https://www.instagram.com/autosock_official,B58552191,,2,,
areacamper,,+34 968 95 23 55,info@areacamper.es,Automoción y moto,tienda_online,No Amazon V1,jose@libertyseller.com,,,,1,47393,2543,7.1,PrestaShop,http://www.areacamper.es,https://www.instagram.com/areacamper.es,B10813038,sociedad,0,+34 622 82 80 98,
Tienda Náutica Repamar,Repamar Nautica Europa S.L.,+34 956 92 60 30,info@repamar.es,Automoción y moto,tienda_online,No Amazon V1,jose@libertyseller.com,JOSE ANTONIO ACOSTA LOBATON,Administrador único,,1,47257,1696,6.6,PrestaShop,https://repamar.es,,B75972125,,1,+34 645 11 38 29,info@repamar.com
MP RACING,OFF ROAD PARTS SL,+34 662 19 18 89,info@offroadparts.es,Automoción y moto,tienda_online,No Amazon V1,jose@libertyseller.com,,,,1,46442,1299,7.3,PrestaShop,https://mpracingbike.es,https://www.instagram.com/mpracing_bike,B13437678,,0,+34 926 64 47 66,bicicletas@mpracing.es
Doña Carmen,,+34 942 90 00 16,info@donacarmen.es,Bebé e infantil,tienda_online,No Amazon V1,jose@libertyseller.com,,,Santander,1,549339,1137,8.7,Shopify,https://donacarmen.com,https://www.instagram.com/donacarmenbebes,,,0,,pedidos@donacarmen.es
Nícoli,"Nicoli Network, S.L.",+34 916 26 63 42,hello@nicolishop.com,Bebé e infantil,tienda_online,No Amazon V1,jose@libertyseller.com,INTEGRACION DE TECNICAS DE GESTION AUDITORES SLP,Otro cargo,Las Rozas de Madrid,1,541961,861,9.3,Shopify,https://nicolishop.com,,B84850809,,2,+34 915 91 53 93,"pedidos@nicolishop.com; jobs@nicolishop.com; info@nicolishop.com"
TINYCOTTONS,Información de la Empresa TINYCOTTONS S.L.,+34 901 10 00 99,info@tinycottons.com,Bebé e infantil,tienda_online,No Amazon V1,jose@libertyseller.com,,,Barcelona,1,308075,1713,8.6,Shopify,https://tinycottons.com,https://www.instagram.com/tinycottons,B66041583,sociedad,0,+34 931 22 76 38,
PAZ Rodríguez,CREACIONES PAZ RODRIGUEZ SL,+34 637 82 44 57,clientes@pazrodriguez.com,Bebé e infantil,tienda_online,No Amazon V1,jose@libertyseller.com,GONZALO RODRIGUEZ MANUEL ELADIO,Administrador único,Vigo,1,180846,503,9.1,Shopify,https://pazrodriguez.com,https://www.instagram.com/pazrodriguezcom,B27766708,,4,+34 986 27 01 39,shop@pazrodriguez.com
We are the new society,Saudi Arabia SA,+34 666 04 64 82,web@wearethenewsociety.com,Bebé e infantil,tienda_online,No Amazon V1,jose@libertyseller.com,,,Madrid,1,140956,1122,5.7,Shopify,https://wearethenewsociety.com,https://www.instagram.com/weare_thenewsociety,B88214606,,0,,"customerservice@wearethenewsociety.com; hi@wearethenewsociety.com; sales@wearethenewsociety.com; customerservice@thenewsocietykids.com"
es.babidu.com,"POLITICA PRIVACIDAD PUNT NOU, S.L.",+34 696 17 58 55,ecommerce@babidu.com,Bebé e infantil,tienda_online,No Amazon V1,jose@libertyseller.com,,,,1,114974,2121,7,PrestaShop,https://es.babidu.com,https://www.instagram.com/babidu_esp,B41520446,,0,+34 962 38 35 92,info@babidu.com
Dadati,,+34 911 09 57 00,online@dadati.es,Bebé e infantil,tienda_online,No Amazon V1,jose@libertyseller.com,,,,1,56887,310,6.9,PrestaShop,https://dadati.es,https://www.instagram.com/dadati_modainfantil,,,0,,
BIRINIT PETIT SL,Sierra Leona SLL,+34 687 99 26 59,hello@birinitpetit.com,Bebé e infantil,tienda_online,No Amazon V1,jose@libertyseller.com,,,Alfajarín,1,56763,662,4.1,Shopify,https://birinit.com,https://www.instagram.com/birinitpetit,B99553950,,0,,"info@birinitpetit.com; stores@birinitpetit.com"
Juliana Baby,VISTIENDO BEBES SL,+34 962 19 17 86,hola@julianababy.com,Bebé e infantil,tienda_online,No Amazon V1,jose@libertyseller.com,PASTOR CAMARA CARLOS,Administrador solidario,València,1,50109,373,1,Shopify,https://julianababy.com,https://www.instagram.com/julianavistiendobebes,B46370334,,4,+34 671 86 82 81,info@vistiendobebes.com
Pomerania Kids,,+34 644 72 77 51,info@pomeraniakids.com,Bebé e infantil,tienda_online,No Amazon V1,jose@libertyseller.com,,,,1,46635,12,9,PrestaShop,https://www.pomeraniakids.com,,B87047890,sociedad,0,,
Peques. Moda Infantil Online,Inmaculada Muñoz Cardós,+34 962 91 10 95,comercial@pequesmodainfantil.com,Bebé e infantil,tienda_online,No Amazon V1,jose@libertyseller.com,,,Ontinyent,1,38690,453,6.8,PrestaShop,https://pequesmodainfantil.com,https://www.instagram.com/peques.infantil,48291115Q,,0,+34 661 44 43 58,comercial@pequesinfantil.com
lacestademipeque.es,,+34 616 08 01 52,lacestademipeque@gmail.com,Bebé e infantil,tienda_online,No Amazon V1,jose@libertyseller.com,,,,1,34062,1430,7.5,PrestaShop,https://lacestademipeque.es,https://www.instagram.com/lacestademipeque,14619083F,,0,"+34 616 08 01 52; +34 662 31 25 44",
Iló-Liló,,+34 600 62 75 69,info@ilo-lilo.com,Bebé e infantil,tienda_online,No Amazon V1,jose@libertyseller.com,,,Seville,1,31233,378,7.8,Shopify,https://ilo-lilo.com,https://www.instagram.com/ilolilomodainfantil/,,,0,+34 640 96 17 89,
Petit Chami,,+34 601 00 96 57,comercial@petitchami.com,Bebé e infantil,tienda_online,No Amazon V1,jose@libertyseller.com,,,Madrid,1,30215,789,9.7,Shopify,http://petitchami.com,,B86613437,sociedad,0,"+34 915 76 50 83; +34 915 77 72 93",petit@petitchami.com
Pangasa,"Moda Infantil María López, S.L.",+34 661 23 33 91,pangasa@pangasa.com,Bebé e infantil,tienda_online,No Amazon V1,jose@libertyseller.com,GALLARDO LOPEZ MARIA PIEDAD,Administrador solidario,Baza,1,30045,196,1.2,Shopify,https://pangasababy.com,,B18668665,,3,+34 661 23 33 91,
Tienda de Ropa Infantil,Moda Infantil Parruliños S.L.,+34 698 17 92 39,info@ropaymodainfantil.es,Bebé e infantil,tienda_online,No Amazon V1,jose@libertyseller.com,NUÑEZ GONZALEZ MARTINA,Administrador único,Cambados,2,29196,6525,7.2,PrestaShop,https://ropaymodainfantil.es,https://instagram.com/parrulinos,B94140209,,1,+34 986 52 02 49,parrulinos@gmail.com
Máis Q Nenos,,+34 676 64 43 26,info@maisquenenos.es,Bebé e infantil,tienda_online,No Amazon V1,jose@libertyseller.com,,,,2,26820,381,8.3,PrestaShop,https://www.maisquenenos.es,https://www.instagram.com/maisquenenos,76869077H,,0,"+34 722 14 14 05; +34 650 23 20 45; +34 986 56 61 20",
Jo Mami Kids,,+34 611 65 68 82,hola@jomamikids.com,Bebé e infantil,tienda_online,No Amazon V1,jose@libertyseller.com,,,Gijón,2,25631,765,8.6,PrestaShop,https://www.jomamikids.com,https://www.instagram.com/jomamikids,71655251Q,,0,+34 611 65 68 22,
Moda Infantil Chicle,,+34 916 89 80 20,info@modainfantilchicle.com,Bebé e infantil,tienda_online,No Amazon V1,jose@libertyseller.com,,,Leganés,2,24217,709,3,Shopify,https://modainfantilchicle.com,https://www.instagram.com/modainfantil_chicle,,,0,,modainfantilchicle@gmail.com
www.janandfriends.com,,+34 931 19 50 29,hola@janandfriends.com,Bebé e infantil,tienda_online,No Amazon V1,jose@libertyseller.com,,,Sitges,2,23312,8,9.5,PrestaShop,https://www.janandfriends.com,https://www.instagram.com/janandfriends,B66222563,,0,+34 607 73 73 99,pedidos@janandfriends.com
Minis Baby&Kids,MINISBK S.L.,+34 686 83 78 83,info@minisbk.com,Bebé e infantil,tienda_online,No Amazon V1,jose@libertyseller.com,MIRANDA ARZAC GONZALO FILADELFO,Administrador solidario,,2,22995,453,8.4,Shopify,https://www.minisbk.com,https://www.instagram.com/minisbk,B19913532,,2,,minis@minisbk.com
Yvonne Infantil,,+34 642 56 18 99,mange.gr@hotmail.com,Bebé e infantil,tienda_online,No Amazon V1,jose@libertyseller.com,,,Seville,2,22452,614,9.7,Shopify,http://yvonneinfantil.com,https://www.instagram.com/yvonne_infantil,27299760W,,0,,
Regina for Kids,"Oyeregui, S.L.",+34 672 69 86 56,hello@reginaforkids.com,Bebé e infantil,tienda_online,No Amazon V1,jose@libertyseller.com,LETURIONDO AIZPIRI XABIER,Apoderado,Bilbao,2,21908,1510,9.7,Shopify,https://reginaforkids.com,https://www.instagram.com/reginaforkids,B48493662,,1,+34 944 05 06 41,clientes@reginaforkids.com
Modini Shop España,,+34 669 40 38 94,info@modinishop.com,Bebé e infantil,tienda_online,No Amazon V1,jose@libertyseller.com,,,Barcelona,2,20822,1772,9,Shopify,https://modinishop.com,https://www.instagram.com/modini_barcelona_mexico,B66782954,,0,,"info@modinishop.mx; ainfo@modinishop.com"
Minuandbaby,"MINU AND BABY, S.L.",+34 722 36 43 04,comercialminuandbaby@hotmail.com,Bebé e infantil,tienda_online,No Amazon V1,jose@libertyseller.com,PARREÑO VALVERDE NURIA,Administrador único,Moncada,2,19464,289,6,Shopify,https://minuandbaby.com,https://www.instagram.com/minuandbaby,B72607864,,1,,hola@minuandbaby.com
DeLucia moda infantil,GRUPO DELUCÍA S.L.,+34 650 51 26 03,info@deluciamodainfantil.com,Bebé e infantil,tienda_online,No Amazon V1,jose@libertyseller.com,CUADRADO SIMON LUCIA,Administrador único,Palma del Río,2,17427,122,5.3,PrestaShop,https://deluciamodainfantil.com,https://www.instagram.com/deluciavestidosdearras,B56051659,,2,,grupodeluciasl@gmail.com
Tribujito,Alba Corral García,+34 675 61 16 30,info@tribujito.com,Bebé e infantil,tienda_online,No Amazon V1,jose@libertyseller.com,,,Aranjuez,2,15390,3701,5.3,Shopify,https://tribujito.com,https://www.instagram.com/tribujito,50483011N,,0,"+34 918 37 51 27; +34 625 29 42 33; +34 937 31 62 49; +49640095870",
dbebesboutique.com,,+34 681 93 23 69,pedidos@dbebesboutique.com,Bebé e infantil,tienda_online,No Amazon V1,jose@libertyseller.com,,,Lucena,2,14938,258,8.6,PrestaShop,https://dbebesboutique.com,https://www.instagram.com/dbebesboutique,,,0,+34 957 24 68 81,
Pirrakas Kids,,+34 692 70 69 17,cuentanos@pirrakaskids.com,Bebé e infantil,tienda_online,No Amazon V1,jose@libertyseller.com,,,Palencia,2,14259,2396,1.7,Shopify,https://pirrakaskids.com,https://www.instagram.com/pirrakaskids,71951773E,,0,,
BOBOÓ,,+34 678 97 55 65,pedidos@boboo.es,Bebé e infantil,tienda_online,No Amazon V1,jose@libertyseller.com,,,Montijo,2,12901,410,7.7,Shopify,http://www.boboo.es,https://www.instagram.com/boboo.es,76256938R,,0,"+34 679 65 47 08; +34 675 61 39 02",Info@boboo.es
MiQueca,,+34 615 68 77 23,info@miqueca.es,Bebé e infantil,tienda_online,No Amazon V1,jose@libertyseller.com,,,,2,12674,278,3.9,PrestaShop,https://miqueca.es,https://www.instagram.com/miquecamodainfantil,,,0,+34 615 68 77 23,miquecamodainfantil@gmail.com
Mimimó,BIGDATABURELA SL,+34 610 85 54 45,hola@mimimo.es,Bebé e infantil,tienda_online,No Amazon V1,jose@libertyseller.com,RUBAL SOTO NATALIA,Administrador solidario,Burela,2,11543,922,5.1,Shopify,https://mimimo.es,https://www.instagram.com/mimimo_moda,B27482199,,2,,
L'Estel,Cristina Cervera Domenech (en adelante L'Estel) con,+34 964 45 07 89,info@lestel.es,Bebé e infantil,tienda_online,No Amazon V1,jose@libertyseller.com,,,,2,9958,100,5.7,PrestaShop,https://www.lestel.es,,73388395H,,0,,
chocolatemodainfantil.es,,+34 986 50 19 75,pedidos@chocolatemodainfantil.es,Bebé e infantil,tienda_online,No Amazon V1,jose@libertyseller.com,,,,2,9279,352,8.3,PrestaShop,https://chocolatemodainfantil.es,https://www.instagram.com/chocolate_modainfantil,35459620Z,,0,,
ByFrarosi,,+34 669 52 66 87,hola@byfrarosi.com,Bebé e infantil,tienda_online,No Amazon V1,jose@libertyseller.com,,,Santa Cruz de Tenerife,2,9053,5808,2.4,Shopify,https://byfrarosi.com,https://instagram.com/Byfrarosi,43349034Z,,0,+34 922 24 58 16,byfrarosi@gmail.com
cyrchic.com,Montserrat Rubio Rivas,+34 685 99 16 08,info@celesteyrosa.es,Bebé e infantil,tienda_online,No Amazon V1,jose@libertyseller.com,,,,2,8374,21,5,PrestaShop,https://cyrchic.com,https://www.instagram.com/cyrchic,,,0,,celesteyrosa2010@hotmail.com
lamartinica.es,,+34 986 24 13 62,info@lamartinica.es,Bebé e infantil,tienda_online,No Amazon V1,jose@libertyseller.com,,,,3,7967,116,2.3,PrestaShop,https://lamartinica.es,,B36322931,sociedad,0,,
Principelsa,,+34 938 37 45 57,info@principelsa.com,Bebé e infantil,tienda_online,No Amazon V1,jose@libertyseller.com,,,Barcelona,3,7921,153,6.4,PrestaShop,https://principelsa.com,https://www.instagram.com/principelsa,35087173Y,,0,,
Kurmi Kids,,+34 943 18 79 45,info@kurmikids.com,Bebé e infantil,tienda_online,No Amazon V1,jose@libertyseller.com,,,Donostia-San Sebastian,3,7016,2798,3.7,Shopify,https://kurmikids.com,https://instagram.com/kurmikids,X7251684Z,,0,+34 667 79 09 54,ventas@kurmikids.com
cottonbel,Cottonbel SL,+34 643 53 81 18,creativo@cottonbel.es,Bebé e infantil,tienda_online,No Amazon V1,jose@libertyseller.com,SANCHEZ MOÑUX FERNANDO,Administrador único,Madrid,3,6880,57,3.3,Shopify,https://cottonbel.es,https://www.instagram.com/cottonbelkids,B44784163,,1,,
Moda infantil by MO,,+34 630 31 84 39,administracion@modainfantilbymo.com,Bebé e infantil,tienda_online,No Amazon V1,jose@libertyseller.com,,,Ferrol,3,6518,141,5.7,Shopify,https://modainfantilbymo.com,https://www.instagram.com/modainfantilbymo,25077220K,,0,,ventas@modainfantilbymo.com
Piruleta Mataró,HELLO BABIES SL,+34 647 98 47 64,info@piruleta.shop,Bebé e infantil,tienda_online,No Amazon V1,jose@libertyseller.com,VILELLA RIERA NURIA,Administrador solidario,Mataró,3,6156,916,5.3,Shopify,https://piruleta.shop,https://instagram.com/piruleta.shop,B66203985,,3,,
www.laventanitademisninos.com,,+34 960 01 74 46,annaventanita@hotmail.com,Bebé e infantil,tienda_online,No Amazon V1,jose@libertyseller.com,,,Oliva,3,6156,683,7.5,PrestaShop,https://www.laventanitademisninos.com,https://www.instagram.com/laventanitademisninos,,,0,,
barbaraclaudia.com,,+34 858 10 64 99,barbaraclaudiamodainfantil@gmail.com,Bebé e infantil,tienda_online,No Amazon V1,jose@libertyseller.com,,,Guadix,3,5884,429,8.6,PrestaShop,https://barbaraclaudia.com,https://www.instagram.com/barbaraclaudia_modainfantil,75143449B,,0,,
tutubarcelona,HECHO PARA PRINCIPES S.L.,+34 636 16 41 26,info@tutubarcelona.com,Bebé e infantil,tienda_online,No Amazon V1,jose@libertyseller.com,CRISTINA MONTERO RUANO BRETH,Administrador único,Sant Just Desvern,3,5432,339,7.5,Shopify,https://www.tutubarcelona.com,,B65918880,,1,,
Beardburys,"CAROBELS COSMETICS, S.L.",+34 987 00 18 87,hola@beardburys.com,Belleza y cuidado personal,tienda_online,No Amazon V1,jose@libertyseller.com,,,León,1,1788396,38,8.6,PrestaShop,https://beardburys.com,https://www.instagram.com/beardburys,B24068256,,0,+34 987 25 81 83,
Manicura24,Ismona Europa SL,+34 640 64 59 18,info@manicura24.es,Belleza y cuidado personal,tienda_online,No Amazon V1,jose@libertyseller.com,ISABEL MUELLER,Administrador único,Sant Julià de Ramis,1,823703,852,9.7,Shopify,https://www.manicura24.es,https://www.instagram.com/manicura24,,,2,+34 872 98 70 71,pro@manicura24.es
CLOTSY BRAND,"CLOTSY BRAND, S.L.",+34 686 48 60 17,hola@clotsybrand.com,Belleza y cuidado personal,tienda_online,No Amazon V1,jose@libertyseller.com,SAURA CAMARA ALFONSO,Administrador único,Castellón de la Plana,1,725726,217,6.3,Shopify,https://www.clotsybrand.com,https://www.instagram.com/clotsy.brand,B02993038,,1,,"info@clotsybrand.com; info@lotsybrand.com"
Carner Barcelona,,+34 682 07 28 82,CONTACT@CARNERBARCELONA.COM,Belleza y cuidado personal,tienda_online,No Amazon V1,jose@libertyseller.com,,,Barcelona,1,491943,140,9.7,Shopify,https://carnerbarcelona.com,https://instagram.com/carnerbarcelona,B65291833,sociedad,0,"+34 932 00 89 77; +34 934 40 38 25; +34 690 35 48 00","communication@carnerbarcelona.com; customerservice@carnerbarcelona.com; digitalmarketing@carnerbarcelona.com"
Davines ES International,Davines España S.L.U.,+34 677 10 12 65,contacto_es@davines.es,Belleza y cuidado personal,tienda_online,No Amazon V1,jose@libertyseller.com,BOLLATI DAVIDE,Presidente / consejero delegado,Madrid,1,447628,266,4,Shopify,https://es.davines.com,https://www.instagram.com/davinesspain,B21846753,,18,,
Perfumería Online Muchas,Hogarlin S.A.,+34 677 67 39 97,web@muchas.es,Belleza y cuidado personal,tienda_online,No Amazon V1,jose@libertyseller.com,PIÑEIRO ALMUIÑA CARLOS,Apoderado,,1,393083,523,9.7,PrestaShop,https://muchas.es,https://www.instagram.com/muchasperfumerias,A36625507,,7,,"hogarlin@hogarlin.es; informatica@hogarlin.es"
Gran Velada,,+34 976 86 74 74,contacto@granvelada.com,Belleza y cuidado personal,tienda_online,No Amazon V1,jose@libertyseller.com,,,,1,381495,5434,9.7,PrestaShop,https://granvelada.com,https://www.instagram.com/granvelada,B99359739,sociedad,0,,
Arabic Parfums,,+34 602 46 54 28,contacto@arabicparfums.com,Belleza y cuidado personal,tienda_online,No Amazon V1,jose@libertyseller.com,,,Valencia,1,353431,16072,2.6,Shopify,https://arabicparfums.com,https://www.instagram.com/arabicparfumss,B75926337,sociedad,0,"+34 961 10 34 99; +34 962 95 56 42",
keshop,"KESHOP, S.L.",+34 935 10 43 91,ayuda@keshop.com,Belleza y cuidado personal,tienda_online,No Amazon V1,jose@libertyseller.com,MARIN FERNANDEZ ALBA,Administrador solidario,,1,340938,1014,9.7,PrestaShop,https://www.keshop.com,https://www.instagram.com/keshop_es,B66842147,,2,,
Olistic,"OLISTIC RESEARCH LABS, S.L.",+34 932 20 78 48,support@olisticscience.com,Belleza y cuidado personal,tienda_online,No Amazon V1,jose@libertyseller.com,GONZALEZ ATIENZA PEDRO LUIS,Presidente / consejero delegado,Barcelona,1,314639,47,6.1,Shopify,https://www.olisticscience.com,https://www.instagram.com/olistic_science,B67622431,,8,+34 655 99 70 46,support@olisticscience.com
Valquer®,VALQUER LABORATORIOS S.L.U.,+34 661 79 14 61,info@valquer.com,Belleza y cuidado personal,tienda_online,No Amazon V1,jose@libertyseller.com,CERRILLO ARREBOLA MANUEL,Apoderado,Villaminaya,1,302677,410,8.9,Shopify,https://www.valquer.com,https://www.instagram.com/valquer_laboratorios,B78094489,,2,+34 925 91 00 99,
WOW Concept,Stage Ventures SL,+34 620 50 58 89,adminit@wowshop.com,Belleza y cuidado personal,tienda_online,No Amazon V1,jose@libertyseller.com,,,Madrid,1,277476,14605,5.6,Shopify,https://wowconcept.com,https://www.instagram.com/wowconcept,B67487702,,0,"+34 917 51 77 83; +34 911 03 41 59","hola@wowconcept.com; hola@wowshop.com; marketing@wowshop.com; brands@wowshop.com"
Moncho Moreno,,+34 628 65 27 69,online@monchomoreno.com,Belleza y cuidado personal,tienda_online,No Amazon V1,jose@libertyseller.com,,,Madrid,1,264258,54,6.3,Shopify,https://monchomoreno.com,https://www.instagram.com/monchomoreno,B09656927,sociedad,0,,administracion@monchomoreno.com
Farmaciasdirect.eu,"Garrido, C.B.",+34 951 12 04 03,info@farmaciasdirect.com,Belleza y cuidado personal,tienda_online,No Amazon V1,jose@libertyseller.com,,,Seville,1,259189,1798,2.7,Shopify,https://www.farmaciasdirect.eu,https://www.instagram.com/farmaciasdirect,,,0,+34 901 13 22 90,rgpd@farmaciasdirect.com
LICO Cosmetics,,+34 639 86 75 30,contacto@licocosmetics.com,Belleza y cuidado personal,tienda_online,No Amazon V1,jose@libertyseller.com,,,La Rinconada,1,249774,66,9,Shopify,https://licocosmetics.com,https://www.instagram.com/lico_cosmetics,B90350026,sociedad,0,,
www.elitienda.com,Ana García Molina,+34 688 91 26 67,info@elitienda.com,Belleza y cuidado personal,tienda_online,No Amazon V1,jose@libertyseller.com,,,,1,246356,982,8.3,PrestaShop,http://www.elitienda.com,https://www.instagram.com/nubesersoluciones/,52684043J,,0,+34 962 11 06 56,elitienda@elitienda.com
All Yours,,+34 653 42 02 43,hello@allyours.com,Belleza y cuidado personal,tienda_online,No Amazon V1,jose@libertyseller.com,,,Barcelona,1,241037,3039,5,Shopify,https://www.allyours.com,https://www.instagram.com/all.yours.official,,,0,,sales@allyours.com
Bravo Perfomance,BRAVO PERFOMANCE SL,+34 600 28 29 76,info@bravospain.es,Belleza y cuidado personal,tienda_online,No Amazon V1,jose@libertyseller.com,,,Madrid,1,223859,602,4.1,Shopify,https://bravospain.es,https://www.instagram.com/bravospain_,B24853483,,0,,bravosuministros@gmail.com
Farmacia Pedro Moreno Arroyo,,+34 957 25 20 69,info@farmaciapedromorenoarroyo.es,Belleza y cuidado personal,tienda_online,No Amazon V1,jose@libertyseller.com,,,,1,217839,1302,6.5,PrestaShop,https://www.farmaciapedromorenoarroyo.es,https://www.instagram.com/farmaciapedromorenoarroyo,44374825M,,0,+34 630 54 46 34,
ORIENTFRAGANCE,,+34 623 10 93 80,sales@orientfragance.com,Belleza y cuidado personal,tienda_online,No Amazon V1,jose@libertyseller.com,,,Barcelona,1,214670,785,3.3,Shopify,https://www.orientfragance.com,https://www.instagram.com/orientfragance,B10679249,sociedad,0,,"ORIENTFRAGANCE@GMAIL.COM; info@orientfragance.com"
Drogueria El Barco Xativa,,+34 962 27 11 13,info@drogueriaelbarco.com,Belleza y cuidado personal,tienda_online,No Amazon V1,jose@libertyseller.com,,,Xàtiva,1,212373,423,9.7,PrestaShop,https://www.drogueriaelbarco.com,,20414828M,,0,,tienda@drogueriaelbarco.com
www.samparfums.es,Uso y la Política de Privacidad Responsable Dayasons S.L.,+34 928 80 62 50,atencionalcliente@samparfums.es,Belleza y cuidado personal,tienda_online,No Amazon V1,jose@libertyseller.com,,,Arrecife,1,198511,388,9.7,PrestaShop,https://www.samparfums.es,https://www.instagram.com/samparfums,B35342542,,0,+34 928 34 98 16,"no-reply@samparfums.es; atencionalcliente@samparfums.com"
Aloe Vera Exclusive,Aloe Vera Internacional Sa,+34 630 74 92 94,info@aloeveraexclusive.com,Belleza y cuidado personal,tienda_online,No Amazon V1,jose@libertyseller.com,MELIAN HERNANDEZ MARIA DEL CARMEN,Presidente / consejero delegado,Tuineje,1,192649,24,4.4,Shopify,https://aloeveraexclusive.com,https://www.instagram.com/aloeveraexclusive,A35233337,,10,+34 928 16 42 40,"ventas@aloeveraexclusive.com; info@aloveraexclusive.com"
PELO10,,+34 621 20 01 88,tienda@pelo10.com,Belleza y cuidado personal,tienda_online,No Amazon V1,jose@libertyseller.com,,,,1,188213,448,9.7,PrestaShop,https://pelo10.com,,G85804011,sociedad,0,,
Equivalenza - ES,"EQUIVALENZA RETAIL, SLU",+34 932 63 57 33,communication@equivalenza.com,Belleza y cuidado personal,tienda_online,No Amazon V1,jose@libertyseller.com,FREDERIC DONCHE,Presidente / consejero delegado,L'Hospitalet de Llobregat,1,187975,556,9,Shopify,https://equivalenza.com,https://www.instagram.com/equivalenzaes,B99307324,sociedad,18,,customer@equivalenza.com
SKINVITY,,+34 679 70 34 87,info@skinvity.com,Belleza y cuidado personal,tienda_online,No Amazon V1,jose@libertyseller.com,,,,1,184139,33,6.5,Shopify,https://skinvity.com,https://www.instagram.com/skinvity,B16846966,sociedad,0,+34 686 26 48 81,
DUBAL,,+34 681 04 96 04,atencionalcliente@dubalcosmetics.com,Belleza y cuidado personal,tienda_online,No Amazon V1,jose@libertyseller.com,,,Barcelona,1,182408,1270,8.3,PrestaShop,https://www.dubalcosmetics.com,https://www.instagram.com/dubalcosmetics,G85804011,sociedad,0,+34 933 99 14 03,
CORIOLISS,"Corioliss Europe, SL",+34 965 81 78 28,info@corioliss.es,Belleza y cuidado personal,tienda_online,No Amazon V1,jose@libertyseller.com,MILLA JIMENEZ VICENTE,Administrador único,Villena,1,175788,26,9.7,PrestaShop,https://www.corioliss.es,https://www.instagram.com/corioliss_spain,B53569273,,2,+34 698 90 45 06,admin@corioliss.es
ProfesorCBD,"CLACLA RULES, S.L.",+34 684 40 37 19,hello@profesorcbd.com,Belleza y cuidado personal,tienda_online,No Amazon V1,jose@libertyseller.com,IRIBARNE GARCIA-VALDECASAS FRANCISCO DE BORJA,Administrador único,Bilbao,1,173445,176,8.1,Shopify,https://profesorcbd.com,https://www.instagram.com/profesor_cbd,B88213863,,1,,prensa@profesorcbd.com
CentroBell Cosmética,Carrito Inicio Contáctenos Contáctenos Mapexbell S.L.,+34 928 24 05 40,pedidos@centrobell.com,Belleza y cuidado personal,tienda_online,No Amazon V1,jose@libertyseller.com,,,Las Palmas de Gran Canaria,1,170186,5374,7.1,PrestaShop,https://centrobell.com,https://www.instagram.com/centrobellcosmetica,B35906973,,0,,info@centrobell.com
Elixir Perfumes,ZUBI GROUP INVEST SL,+34 614 18 91 61,clientes@zubinvest.com,Belleza y cuidado personal,tienda_online,No Amazon V1,jose@libertyseller.com,ZUBILEWICZ STANIEK NICOLAS,Administrador único,,1,166191,456,2.9,Shopify,https://elixirperfumes.es,https://www.instagram.com/elixirperfumes.es,B72884265,,2,,
iunatural,DISTRIBUCIONES ESTETICAS PARKLAND SOLUCIONES S.L.,+34 693 26 87 46,contacto@iunatural.com,Belleza y cuidado personal,tienda_online,No Amazon V1,jose@libertyseller.com,,,,1,162547,1773,8.1,Shopify,https://iunatural.com,https://www.instagram.com/iunatural.beauty,B88136825,,0,+34 911 41 30 85,"shipping@iunatural.com; pedidos@iunatural.com"
Radhe Shyam,,+34 933 79 08 58,info@radheshyam.es,Belleza y cuidado personal,tienda_online,No Amazon V1,jose@libertyseller.com,,,,1,155893,1446,9.7,Shopify,https://radheshyam.es,https://www.instagram.com/radheshyamsa,A08878266,sociedad,0,+34 657 73 90 88,radheshyam@radheshyam.es
abril et nature,"abril et nature, S.L.",+34 628 36 55 74,collab@abriletnature.com,Belleza y cuidado personal,tienda_online,No Amazon V1,jose@libertyseller.com,M AUDIT SLP,Otro cargo,,1,154705,85,4.2,PrestaShop,https://www.abriletnature.es,https://www.instagram.com/abriletnature,B61795035,,1,"+34 935 40 50 58; +34 935 40 21 85","soporte@abriletnature.com; shop@somnishair.com; soporte@abriletnature.es; shop@abriletnature.es"
Cosmeticos24h,,+34 601 75 73 62,info@cosmeticos24h.com,Belleza y cuidado personal,tienda_online,No Amazon V1,jose@libertyseller.com,,,Elche,1,152170,3834,9.7,Shopify,https://cosmeticos24h.com,https://www.instagram.com/cosmeticos24h,B54681804,sociedad,0,+34 966 20 07 28,
Farmacia Chaves,"Musersabe, S.L.",+34 986 18 88 49,contacto@farmaciachaves.es,Belleza y cuidado personal,tienda_online,No Amazon V1,jose@libertyseller.com,CHAVES CASTRO MANUEL,Administrador solidario,,1,150586,2497,8.3,PrestaShop,https://farmaciachaves.es,https://www.instagram.com/farmaciachaves,35283103E,autonomo,2,+34 986 50 13 52,manuelchaves@redfarma.org
matarrania.com,"MATARRANIA Bio, S.L.",+34 978 07 90 29,info@matarrania.com,Belleza y cuidado personal,tienda_online,No Amazon V1,jose@libertyseller.com,CELMA ESTEVE EVELYN,Administrador único,,1,148900,448,9.2,PrestaShop,https://matarrania.com,https://www.instagram.com/matarrania_cosmetica_bio,B44262145,,1,,"administracio@matarrania.com; administracion@matarrania.com"
NOOVES NAILS,NUPEVE OE ●,+34 613 04 70 23,hola@noovesnails.com,Belleza y cuidado personal,tienda_online,No Amazon V1,jose@libertyseller.com,,,Alboraya,1,148051,241,3.7,Shopify,https://www.noovesnails.com,https://instagram.com/nooves_nails,E72881188,,0,+34 620 45 25 21,hello@noovesnails.com
ZENI AMBIENT,,+34 632 07 50 62,info@zeni-ambient.com,Belleza y cuidado personal,tienda_online,No Amazon V1,jose@libertyseller.com,,,Ulea,1,139326,451,3.7,Shopify,https://zeni-ambient.com,https://www.instagram.com/zeni.ambient,,,0,,
Homo Naturals,,+34 722 52 19 45,info@homonaturals.com,Belleza y cuidado personal,tienda_online,No Amazon V1,jose@libertyseller.com,,,Malgrat de Mar,1,132605,67,9.7,Shopify,https://www.homonaturals.com,https://instagram.com/homonaturals,B65482424,sociedad,0,"+34 722 24 18 50; +34 930 32 85 39",
Secrets,,+34 911 59 43 09,tienda@clinicasbarber.com,Belleza y cuidado personal,tienda_online,No Amazon V1,jose@libertyseller.com,,,Madrid,1,127308,200,6.6,Shopify,https://carlasecrets.com,https://www.instagram.com/carlasecrets_,B88362355,sociedad,0,,info@clinicasbarber.com
Korean Cosmetics Wholesale Supplier,"COSMETICS, S.L.",+34 937 82 18 64,sales@miin-cosmetics.com,Belleza y cuidado personal,tienda_online,No Amazon V1,jose@libertyseller.com,,,,1,125781,456,6.7,PrestaShop,https://www.miintrade.com,https://www.instagram.com/miintrade,B65918013,,0,"+34 931 02 62 29; +34 931 02 62 30; +34 931 02 62 31; +34 618 92 07 94; +34 644 82 99 32","lilin@miin-cosmetics.com; privacy@miin-cosmetics.com; sales@miin-cosmetics.com"
BC24,,+34 951 10 41 20,ventas@bc24.es,Belleza y cuidado personal,tienda_online,No Amazon V1,jose@libertyseller.com,,,,1,121198,510,6.9,PrestaShop,https://bc24.es,,B93026268,sociedad,0,,
NaturaBIO Cosmetics,Laboratoris Naturabio Cosmetics S.L.,+34 936 84 72 14,hola@naturabiocosmetics.com,Belleza y cuidado personal,tienda_online,No Amazon V1,jose@libertyseller.com,,,Terrassa,1,120587,267,7.5,PrestaShop,https://www.naturabiocosmetics.com,https://www.instagram.com/naturabio_cosmetics,B67075515,,0,,"info@www.naturabiocosmetics.com; info@naturabiocosmetics.com"
LaLuz by Lourdes Moreno,"Suplementación CONTÁCTANOS LALUZ BEAUTY ATRES, S.L.",+34 683 31 48 57,hello@lourdesmoreno.com,Belleza y cuidado personal,tienda_online,No Amazon V1,jose@libertyseller.com,,,Alicante,1,116615,159,6.5,Shopify,https://lourdesmoreno.com,https://www.instagram.com/laluzbylourdesmoreno,B54992177,,0,,hola@lourdesmoreno.com
5punto5,,+34 913 14 43 73,info@5punto5skinlab.com,Belleza y cuidado personal,tienda_online,No Amazon V1,jose@libertyseller.com,,,Madrid,1,114747,43,9.6,Shopify,https://5punto5skinlab.com,,B87701983,sociedad,0,,
The Hair Store,HYEGGELIG TRADING S.L.,+34 931 05 77 20,hola@thehairstore.es,Belleza y cuidado personal,tienda_online,No Amazon V1,jose@libertyseller.com,,,,1,114408,6407,8.1,PrestaShop,https://www.thehairstore.es,https://www.instagram.com/thehairstore_bcn,B67142661,,0,,hola@thechairstore.es
La Rueda Natural,,+34 958 51 17 60,info@laruedanatural.es,Belleza y cuidado personal,tienda_online,No Amazon V1,jose@libertyseller.com,,,,1,113559,314,6.7,PrestaShop,https://laruedanatural.es,https://www.instagram.com/laruedanatural,B19661818,sociedad,0,,
Bio Sakure,Sakure Life SL,+34 901 50 16 01,info@biosakure.com,Belleza y cuidado personal,tienda_online,No Amazon V1,jose@libertyseller.com,LUIS GARCIA GIRALDA CASAS,Administrador solidario,Murcia,1,111692,42,9.7,Shopify,https://biosakure.com,https://www.instagram.com/biosakure,B01916188,,2,+34 633 29 51 12,hola@biosakure.com
Endor Technologies,Endor Technologies S.L.,+34 934 02 04 68,endor@endortechnologies.com,Belleza y cuidado personal,tienda_online,No Amazon V1,jose@libertyseller.com,,,Barcelona,1,108976,18,5.8,Shopify,https://endortechnologies.com,,B64312416,,0,+34 634 54 40 26,endor@endornanotech.com
Parfums Star,,+33618902734,,Belleza y cuidado personal,tienda_online,No Amazon V1,jose@libertyseller.com,,,Vilablareix,1,106735,851,4.3,Shopify,https://parfumsstar.com,https://instagram.com/parfumsstar,,,0,"+33618902734; +43720549983",
BONAVELA,,+34 611 03 51 68,info@bonavela.com,Belleza y cuidado personal,tienda_online,No Amazon V1,jose@libertyseller.com,,,Aielo de Malferit,1,106430,353,6.4,Shopify,https://bonavela.com,,,,0,,info@bonavela.es
MallorcaWellness,Pablo Martín Schubert,+34 971 88 43 26,info@mallorcawellness.com,Belleza y cuidado personal,tienda_online,No Amazon V1,jose@libertyseller.com,,,Palma,1,103884,16,4.5,Shopify,https://mallorcawellness.com,https://www.instagram.com/spa_mallorca_wellness,X2380354S,,0,"+34 608 77 42 70; +34 613 08 30 44; +34 871 24 20 70",assistant@mallorcawellness.com
Coserty,"Coserty Global, S.L.U.",+34 690 98 67 11,orders@coserty.com,Belleza y cuidado personal,tienda_online,No Amazon V1,jose@libertyseller.com,FERNANDEZ RODRIGUEZ JOSE JAVIER,Administrador único,El Parador de las Hortichuelas,1,101734,3822,3.2,Shopify,https://www.coserty.com,https://www.instagram.com/cosertybeauty,B04890083,,1,+34 950 58 47 65,pedidos@coserty.com
In Tattoo Veritas,,+34 690 66 91 73,cliente@intattooveritas.com,Belleza y cuidado personal,tienda_online,No Amazon V1,jose@libertyseller.com,,,Madrid,1,98226,1754,7.6,PrestaShop,https://www.intattooveritas.com,https://www.instagram.com/in_tattoo_veritas_supplier,B87530101,,0,"+34 962 43 31 13; +34 621 09 27 84; +34 689 65 41 77; +34 690 66 91 73","pedidos@intattooveritas.com; pedidos@intattoveritas.com"
G19 Pharmacy,,+34 686 59 73 59,hello@g19pharmacy.com,Belleza y cuidado personal,tienda_online,No Amazon V1,jose@libertyseller.com,,,Madrid,1,95962,1457,2.3,Shopify,https://g19pharmacy.com,https://www.instagram.com/g19pharmacy,43166703G,autonomo,0,+34 914 35 21 14,marketing@g19pharmacy.com
Bloome,"BLOOME SPAIN, S.L.",+34 932 71 80 69,hola@heybloome.com,Belleza y cuidado personal,tienda_online,No Amazon V1,jose@libertyseller.com,VALES RODON POL,Administrador solidario,Barcelona,1,95623,48,4.4,Shopify,https://heybloome.com,https://www.instagram.com/bloomebyegos,B09996240,,2,,citas@heybloome.com
umoacosmetics,UMOA CARE S.L.,+34 662 04 10 30,hola@umoacosmetics.com,Belleza y cuidado personal,tienda_online,No Amazon V1,jose@libertyseller.com,SOTO VALDES MAFALDA,Presidente / consejero delegado,,1,92228,24,5.1,Shopify,https://umoacosmetics.com,https://instagram.com/umoacosmetics,B67817320,,8,,"hola@umoscosmetics.com; hola@umocosmetics.com"
Dioxnatur,,+34 965 02 22 00,pedidos@dioxnatur.com,Belleza y cuidado personal,tienda_online,No Amazon V1,jose@libertyseller.com,,,Alicante,1,88720,40,6.1,Shopify,https://dioxnatur.com,https://instagram.com/dioxnatur,B16854994,sociedad,0,+34 915 62 04 20,info@dioxnatur.com
Cristalinas,Hugworld International Distributions S.L.,+34 918 92 28 36,info@cristalinas.es,Belleza y cuidado personal,tienda_online,No Amazon V1,jose@libertyseller.com,AYALA LUNA SERGIO OCTAVIO,Consejero,,1,87475,123,9.2,PrestaShop,https://vidacristalinas.com,https://www.instagram.com/cristalinas.es,B84048032,,22,,
jcApotecari,,+34 638 65 18 62,contacte@jcapotecari.com,Belleza y cuidado personal,tienda_online,No Amazon V1,jose@libertyseller.com,,,Barcelona,1,86457,948,6.9,Shopify,https://jcapotecari.com,https://www.instagram.com/jcapotecari,B64604911,sociedad,0,+34 932 05 87 34,"hola@jcapotecari.com; orders@jcapotecari.com; shop@jcapotecari.com"
Onyx Nails,,+34 646 33 88 94,hola@onyxnails.es,Belleza y cuidado personal,tienda_online,No Amazon V1,jose@libertyseller.com,,,Barcelona,1,85212,336,2.8,Shopify,https://onyxnails.es,https://www.instagram.com/onyxnails.es,B75535302,sociedad,0,+34 650 47 62 69,
【Alkimia】,,+34 649 60 25 00,pedidos@alkimia.es,Belleza y cuidado personal,tienda_online,No Amazon V1,jose@libertyseller.com,,,,1,84193,14,5.9,PrestaShop,https://alkimia.es,https://www.instagram.com/alkimia,B27585926,sociedad,0,"+34 915 28 50 47; +34 638 03 37 08; +34 915 27 56 96",central@alkimia.es
TRUSS ESPANA,BRITO COSMETICS SL,+34 919 18 74 68,info@trussespana.com,Belleza y cuidado personal,tienda_online,No Amazon V1,jose@libertyseller.com,OLIMPIO DE BRITO TIAGO,Administrador solidario,Madrid,1,83175,64,5.2,Shopify,https://trussespana.com,https://www.instagram.com/trussespana,,,3,+34 672 61 59 01,
Grupo Belleza,,+34 647 73 22 43,info@grupobelleza.com,Belleza y cuidado personal,tienda_online,No Amazon V1,jose@libertyseller.com,,,Cornellà de Llobregat,1,81704,613,5.1,Shopify,https://grupobelleza.com,https://www.instagram.com/grupobelleza1987,B66443706,,0,"+34 934 74 48 33; +34 646 34 44 80",
Economic Nails,,+34 951 21 33 05,ventas@economicnails.es,Belleza y cuidado personal,tienda_online,No Amazon V1,jose@libertyseller.com,,,,1,80798,720,8,PrestaShop,https://economicnails.es,https://www.instagram.com/economicnails.es,B93383719,sociedad,0,+34 951 10 41 20,
FARMA DORSCH,"FRIDDA DORSCH, S.L.",+34 637 81 43 02,fd@farmadorsch.com,Belleza y cuidado personal,tienda_online,No Amazon V1,jose@libertyseller.com,,,San Agustín del Guadalix,1,80006,70,5.7,Shopify,https://farmadorsch.com,https://www.instagram.com/farmadorsch,B78854999,,0,+34 918 48 90 05,"administracion@friddadorsch.com; fd@friddadorsch.com"
Unison,Getox Aplicaciones S.L.,+34 653 73 91 49,unisonestetica@gmail.com,Belleza y cuidado personal,tienda_online,No Amazon V1,jose@libertyseller.com,OLEKSANDR VELYCHKO,Administrador único,Barcelona,1,77426,768,2.1,Shopify,https://unisonestetica.es,https://www.instagram.com/unison.barcelona,B67435255,,1,+34 635 72 67 20,
Perricone MD España,Información Pure Skincare Cosmeceútica S.L.,+34 665 53 63 93,pedidos_web@puresc.com,Belleza y cuidado personal,tienda_online,No Amazon V1,jose@libertyseller.com,,,,1,76951,88,9.7,Shopify,https://perriconemd.es,https://www.instagram.com/perriconemd_es,B65912149,sociedad,0,,
Cosmeclinik,ZAIRENAS S.L.,+34 913 10 47 71,cosmeclinik@cosmeclinik.com,Belleza y cuidado personal,tienda_online,No Amazon V1,jose@libertyseller.com,,,Madrid,1,75808,58,9.7,PrestaShop,https://cosmeclinik.com,https://www.instagram.com/cosmeclinik,A81017493,,0,,"info@nuevaimagenalcala.es; reservas@9punto9.es"
COCORO®,,+34 693 76 09 03,hola@cocoro-intim.com,Belleza y cuidado personal,tienda_online,No Amazon V1,jose@libertyseller.com,,,Barcelona,1,75435,66,9.7,Shopify,https://cocoro-intim.com,https://www.instagram.com/cocorointim,B44825024,sociedad,0,,
Camassia Naturkosmetik,,+3408005556190,info@camassia-naturkosmetik.de,Belleza y cuidado personal,tienda_online,No Amazon V1,jose@libertyseller.com,,,,1,75435,109,5.6,PrestaShop,https://www.camassia-naturkosmetik.de,https://www.instagram.com/camassia_naturkosmetik,B04785176,sociedad,0,,kontakt@camassia-naturkosmetik.de
beardburys-essentials,,+34 601 42 24 66,hola@beardburys-essentials.com,Belleza y cuidado personal,tienda_online,No Amazon V1,jose@libertyseller.com,,,León,1,72571,70,2.8,Shopify,https://beardburys-essentials.com,https://www.instagram.com/beardburysessentials,B24068256,sociedad,0,,
Massada,,+34 652 34 59 30,info@massada.es,Belleza y cuidado personal,tienda_online,No Amazon V1,jose@libertyseller.com,,,Mutilva Baja,1,69086,146,9.7,Shopify,https://massada.es,https://www.instagram.com/massadanatural,A31595663,sociedad,0,+34 948 35 10 16,
La Crème Organics,Double Scoop,+34 977 31 62 17,hola@lacremeorganics.com,Belleza y cuidado personal,tienda_online,No Amazon V1,jose@libertyseller.com,,,Reus,1,68588,298,9.7,Shopify,https://lacremeorganics.com,https://www.instagram.com/lacremeorganics,39905339V,,0,,
Es.lazartigue.com– Lazartigue ES,PAGO SEGURO CB,+34 934 52 50 53,hello@labo-svr.com,Belleza y cuidado personal,tienda_online,No Amazon V1,jose@libertyseller.com,,,Barcelona,1,67094,93,6.8,Shopify,https://es.lazartigue.com,https://www.instagram.com/lazartiguespain,,,0,,hello_spain@lazartigue.com
NeceserOnline.com,Neceser Online S.L.,+34 646 02 34 18,info@neceseronline.com,Belleza y cuidado personal,tienda_online,No Amazon V1,jose@libertyseller.com,ISIDORO REYES GOMEZ,Administrador único,,1,66099,364,6,PrestaShop,https://neceseronline.com,https://www.instagram.com/neceseronline,B02631216,,2,,
Cosmetics Afro Latino,Pelo Y Cosmetics S.L.,+34 632 75 39 23,cosafrolatino@gmail.com,Belleza y cuidado personal,tienda_online,No Amazon V1,jose@libertyseller.com,ASGHAR WAHEED,Administrador único,Madrid,1,64605,1100,4,Shopify,https://cosmeticsafrolatino.es,https://instagram.com/cosafrolatino,,,2,+34 632 18 90 61,
La Bella Medical Aesthetics,,+5085935005,hello@labellact.com,Belleza y cuidado personal,tienda_online,No Amazon V1,jose@libertyseller.com,,,,1,62862,14,1.2,Shopify,https://www.labella.us,https://www.instagram.com/labellamedct,,,0,+8608407300,
OH! beauty,,+34 608 88 57 40,info@ohpeluqueros.com,Belleza y cuidado personal,tienda_online,No Amazon V1,jose@libertyseller.com,,,Barcelona,1,61493,10804,3.4,Shopify,http://ohbeauty.store,https://www.instagram.com/ohpeluqueros,B83167437,sociedad,0,+34 923 49 24 18,
productosdepeluqueria.info,YUMAPOL 2000 SL,+34 605 56 46 04,info@productosdepeluqueria.info,Belleza y cuidado personal,tienda_online,No Amazon V1,jose@libertyseller.com,TERUEL VILA ALBERTO,Administrador único,Barcelona,1,59886,2434,7.4,PrestaShop,https://productosdepeluqueria.info,https://www.instagram.com/productodepeluqueria,B66967464,,1,+34 931 19 98 68,productodepeluqueria@gmail.com
tienda.soniagonzalez.es,"48H MULTIPLES PAGOS Contactanos Beauty Sonia Gonzalez, s.l.",+34 637 24 63 79,info@centromedicosg.com,Belleza y cuidado personal,tienda_online,No Amazon V1,jose@libertyseller.com,,,,1,59479,116,5.9,PrestaShop,https://tienda.soniagonzalez.es,https://www.instagram.com/centrosoniagonzalez,B13666607,,0,,
castroseis,SQUIRREL & FRIENDS S.L.,+34 981 00 93 75,hello@castroseis.com,Belleza y cuidado personal,tienda_online,No Amazon V1,jose@libertyseller.com,FRIAS HERCE FRANCISCO JOSE,Administrador solidario,A Coruña,1,59071,4696,14.7,Shopify,https://castroseis.com,https://www.instagram.com/castroseisstore,B70599709,,2,,
E L I J A H,,+34 936 31 59 47,shop@whoiselijah.com,Belleza y cuidado personal,tienda_online,No Amazon V1,jose@libertyseller.com,,,Barcelona,1,58800,14,7.5,Shopify,https://whoiselijah.com,https://www.instagram.com/elijah,,,0,+34 932 32 60 92,"info@whoiselijah.com; shop@elijahgrooming.com"
Mythic Essence - Perfumes de equivalencia de calidad al mejor precio - MythicEssence.com,DAVID SERRANO ARRONIS,+34 644 33 97 25,at.cliente@mythicessence.com,Belleza y cuidado personal,tienda_online,No Amazon V1,jose@libertyseller.com,,,Elche,1,58392,958,1.8,Shopify,https://mythicessence.com,https://instagram.com/_mythicessence,74394045Q,,0,,
La Pharmacie Française,,+34 629 11 84 43,info@lapharmacie.es,Belleza y cuidado personal,tienda_online,No Amazon V1,jose@libertyseller.com,,,Barcelona,1,58256,1106,4.2,Shopify,https://www.lapharmacie.es,https://www.instagram.com/lapharmaciebarcelona,B06927883,sociedad,0,,
mediderma.com,"MEDIDERMA, S.L.",+34 961 41 42 21,info@mediderma.com,Belleza y cuidado personal,tienda_online,No Amazon V1,jose@libertyseller.com,SERRANO BALLESTEROS PILAR,Apoderado,Valencia,1,57883,224,9.7,PrestaShop,https://mediderma.com,https://www.instagram.com/medidermapro,,,3,,info.es@sesderma.com
curtidosmenacho.com,Curtidos Menacho SL,+34 956 46 02 12,info@curtidosmenacho.com,Belleza y cuidado personal,tienda_online,No Amazon V1,jose@libertyseller.com,MENACHO PEREZ ISMAEL,Administrador único,Ubrique,1,56638,68,6.3,PrestaShop,https://curtidosmenacho.com,https://www.instagram.com/curtidosmenacho_leathers,B72266380,,1,,
www.perfumesmalaga.es,,+34 617 67 67 00,hola@perfumesmalaga.es,Belleza y cuidado personal,tienda_online,No Amazon V1,jose@libertyseller.com,,,,1,56355,334,5.4,PrestaShop,https://www.perfumesmalaga.es,https://www.instagram.com/luxury_perfums_ltg,25698113Y,,0,+34 635 68 47 25,
Oficina de Perfumes,,+34 626 79 74 90,info@oficinadeperfumes.es,Belleza y cuidado personal,tienda_online,No Amazon V1,jose@libertyseller.com,,,Madrid,1,56219,299,3,Shopify,https://oficinadeperfumes.com,,B83039099,sociedad,0,+34 915 21 82 44,
Dr. Hauschka,"Fahle Ecolines, S.L.",+34 609 74 22 76,info@fahle-ecolines.com,Belleza y cuidado personal,tienda_online,No Amazon V1,jose@libertyseller.com,RUIZ MOLINA AMELIA,Apoderado,Vilafranca del Penedès,1,55393,158,3,Shopify,https://drhauschka.es,https://www.instagram.com/drhauschka.es,B61000303,,1,+34 938 99 16 06,
Saper Organic Skincare,,+34 628 47 67 14,info@saper.es,Belleza y cuidado personal,tienda_online,No Amazon V1,jose@libertyseller.com,,,,1,54590,67,8.9,Shopify,https://www.saper.es,https://www.instagram.com/saper_cosmetica,B19329176,sociedad,0,+34 661 34 80 88,
Cosmetica Lider,,+34 968 23 12 53,info@cosmeticalider.com,Belleza y cuidado personal,tienda_online,No Amazon V1,jose@libertyseller.com,,,Murcia,1,52960,1884,6.1,Shopify,https://cosmeticalider.com,https://www.instagram.com/cosmeticalider,,,0,+34 968 60 41 51,
Cosmetics Tenerife®,,+34 922 73 37 11,online@cosmetictenerife.es,Belleza y cuidado personal,tienda_online,No Amazon V1,jose@libertyseller.com,,,Adeje,1,52146,1002,6.7,Shopify,https://www.cosmeticstenerife.es,https://www.instagram.com/CosmeticsTenerife.es,,,0,,"online@cosmeticstenerife.es; comercial@cosmeticstenerife.es"
Karseell,,+34 963 73 90 35,comercial@karseell.eu,Belleza y cuidado personal,tienda_online,No Amazon V1,jose@libertyseller.com,,,Valencia,1,51874,49,1.5,Shopify,https://karseell.eu,https://www.instagram.com/karseelloficial_eu,B98471626,sociedad,0,"+34 687 70 23 50; +34 687 70 23 51",
Tu Micropigmentación,David Saiz Osorio,+34 914 70 05 20,info@tumicropigmentacion.es,Belleza y cuidado personal,tienda_online,No Amazon V1,jose@libertyseller.com,,,,1,51467,118,8.3,PrestaShop,https://tumicropigmentacion.es,https://www.instagram.com/tumicropigmentacion,50633458Q,,0,,
nikecosmetics,RUY PERFUMES S.A.U.,+34 954 66 14 61,info@nikecosmetics.es,Belleza y cuidado personal,tienda_online,No Amazon V1,jose@libertyseller.com,,,,1,50652,36,3.4,PrestaShop,https://nikecosmetics.es,https://www.instagram.com/nikecosmetics.beauty,A29596624,,0,,
YERBAS VIVAS,CELEPLAME SL,+34 963 33 99 94,info@yerbasvivas.es,Belleza y cuidado personal,tienda_online,No Amazon V1,jose@libertyseller.com,CARRASCO MORON MARIA DOLORES,Administrador único,,1,49701,45,6.3,PrestaShop,https://yerbasvivas.es,https://www.instagram.com/yerbas_vivas,B46355723,,1,"+34 963 92 38 67; +34 963 94 30 59; +34 964 23 47 15; +34 618 83 26 00",celeplame@lajaboneria.es
▷ BioBio,Biobio Productos Ecológicos S.L.,+34 645 07 21 60,biobio@biobio.es,Belleza y cuidado personal,tienda_online,No Amazon V1,jose@libertyseller.com,,,,1,49294,582,9.7,PrestaShop,https://biobio.es,https://www.instagram.com/biobio.productoseco,B82578683,,0,+34 910 11 98 28,
Exialoe,"Euro Éxito Aloe, S.L.",+34 966 86 05 00,aloe@euroexito.com,Belleza y cuidado personal,tienda_online,No Amazon V1,jose@libertyseller.com,LORENZO PIÑEIRO CATALINA,Administrador solidario,Alicante,1,49022,677,9.2,PrestaShop,https://www.exialoe.es,https://www.instagram.com/exialoe_official,,,3,+34 965 88 87 28,
Especialistas en Alisado Keratina,,+34 692 10 24 66,info@alisadobrasil.es,Belleza y cuidado personal,tienda_online,No Amazon V1,jose@libertyseller.com,,,,1,48343,259,8,PrestaShop,https://alisadobrasil.es,,,,0,,
RevitaLash España,Aura Distribuidora Productos Cosméticos SL,+34 937 96 10 58,info@auracosmetics.es,Belleza y cuidado personal,tienda_online,No Amazon V1,jose@libertyseller.com,,,Mataró,1,47393,33,7.5,Shopify,https://revitalash.es,https://www.instagram.com/revitalash_es,B65624926,,0,,customercare@revitalash.com
farmaciacastrillon.es,,+34 684 65 21 22,info@farmaciacastrillon.es,Belleza y cuidado personal,tienda_online,No Amazon V1,jose@libertyseller.com,,,,1,47076,7835,5.6,PrestaShop,https://farmaciacastrillon.es,https://www.instagram.com/farmaciacastrillon,71866922H,,0,+34 985 63 05 01,
Productos de peluqueria online,,+34 962 05 11 45,info@maspeluqueria.es,Belleza y cuidado personal,tienda_online,No Amazon V1,jose@libertyseller.com,,,,1,46487,2934,8.3,PrestaShop,https://www.maspeluqueria.es,https://www.instagram.com/maspeluqueria.es,53090640Q,autonomo,0,,
GoldenBrows,,+34 642 58 40 41,hola@goldenbrows.es,Belleza y cuidado personal,tienda_online,No Amazon V1,jose@libertyseller.com,,,Santa Cruz de Tenerife,1,46340,38,2.1,Shopify,https://goldenbrows.es,https://www.instagram.com/goldenbrows_,,,0,+34 624 81 26 11,
Cosmetics & Co,SIN CAJA MADERAS DE ORIENTE 100VP SC,+34 605 84 99 14,INFO@COSMETICS-CO.NET,Belleza y cuidado personal,tienda_online,No Amazon V1,jose@libertyseller.com,,,Badajoz,1,46046,1882,9.5,PrestaShop,https://www.cosmetics-co.net,https://www.instagram.com/cosmeticscoperfumeria,,,0,+34 924 34 26 04,
Le Parfum Secret,,+34 647 87 96 65,info@leparfumsecret.es,Belleza y cuidado personal,tienda_online,No Amazon V1,jose@libertyseller.com,,,Manises,1,45752,638,7.5,Shopify,https://leparfumsecret.es,https://www.instagram.com/leparfumsecretclub,B98672132,sociedad,0,+34 605 45 35 69,
Blauceldona,,+34 610 64 23 78,blauceldona@blauceldona.com,Belleza y cuidado personal,tienda_online,No Amazon V1,jose@libertyseller.com,,,Barcelona,1,44575,302,9.5,Shopify,https://blauceldona.com,https://www.instagram.com/blauceldona,B56191810,sociedad,0,"+34 616 75 06 67; +34 648 82 40 14; +34 690 93 66 30; +34 934 53 38 13",
Cococrem,,+34 663 28 32 90,info@cococrem.es,Belleza y cuidado personal,tienda_online,No Amazon V1,jose@libertyseller.com,,,,1,44428,568,9.3,PrestaShop,https://cococrem.es,https://www.instagram.com/cococremcosmetica,B98970551,sociedad,0,,
Cosmeticosvalencia,Beauty Space 11.11 S.L.,+34 961 02 08 22,hola@cosmeticosvalencia.es,Belleza y cuidado personal,tienda_online,No Amazon V1,jose@libertyseller.com,NAVARRO RICO ALBERTO,Administrador único,Valencia,1,44281,4385,13.9,Shopify,https://cosmeticosvalencia.es,https://www.instagram.com/cosmeticos_valencia,B09720269,,1,,"pedidos@cosmeticosvalencia.es; info@cosmeticosvalencia.es"
Mathiss Ibiza,"ATHISS EIVISSA, S.L.",+34 650 59 28 44,web@mathissibiza.com,Belleza y cuidado personal,tienda_online,No Amazon V1,jose@libertyseller.com,,,,1,43998,2092,9.7,PrestaShop,https://mathissibiza.com,https://www.instagram.com/mathiss_profesional,B57097065,,0,+34 971 39 88 30,info@mathissibiza.com
twelve beauty,"Beauty Lab Twelve, S.L.",+34 916 58 88 20,info@twelvebeauty.com,Belleza y cuidado personal,tienda_online,No Amazon V1,jose@libertyseller.com,GRAFFIN ROLDAN SONIA,Apoderado,Ondara,1,43862,44,9.7,Shopify,https://twelvebeauty.com,https://www.instagram.com/twelvebeautyspain,B22850226,,4,,"mail@twelvebeauty.com; hello@twelvebeauty.com; orders@twelvebeauty.com"
Viking Tattoo Shop,,+34 648 47 78 17,pedidos@vikingtattooshop.com,Belleza y cuidado personal,tienda_online,No Amazon V1,jose@libertyseller.com,,,L'Eliana,1,43545,842,4.1,Shopify,https://vikingtattooshop.com,https://www.instagram.com/vikingsuppliesvalencia,B19955988,,0,,
Masco Beauty,Mascobeauty Company SLU,+34 613 37 06 68,hello@mascobeauty.com,Belleza y cuidado personal,tienda_online,No Amazon V1,jose@libertyseller.com,RUIZ MARTINEZ LETICIA,Administrador único,Lardero,1,43104,29,3.9,Shopify,https://www.mascobeauty.com,https://www.instagram.com/masco_beauty,B13798178,,1,,
carmencosmeticos.com,Carmen Delgado Perea,+34 957 72 74 81,info@carmencosmeticos.com,Belleza y cuidado personal,tienda_online,No Amazon V1,jose@libertyseller.com,,,,1,42074,56,3.2,PrestaShop,https://carmencosmeticos.com,https://www.instagram.com/carmencosmeticos_com,30946715P,,0,+34 618 82 46 29,
La Fresca Cosmetica,FRESCA COSMÉTICA ECOLÓGICA S.L.,+34 654 30 13 89,hola@lafrescacosmetica.com,Belleza y cuidado personal,tienda_online,No Amazon V1,jose@libertyseller.com,,,Albacete,1,41780,30,5.9,Shopify,https://lafrescacosmetica.com,https://www.instagram.com/lafrescabellezaartesana,B02603546,,0,"+34 967 03 73 23; +34 654 30 13 89",lafrescashopping@gmail.com
Dalire Cosmetics,Nezeni Cosmetis SL,+34 660 95 14 18,clientes@dalire.com,Belleza y cuidado personal,tienda_online,No Amazon V1,jose@libertyseller.com,,,Gines,1,41191,27,9.7,Shopify,https://dalire.com,https://www.instagram.com/dalirecosmetics,B87980868,,0,,info@conversios.io
www.topcabello.es,,+34 961 43 18 04,info@topcabello.es,Belleza y cuidado personal,tienda_online,No Amazon V1,jose@libertyseller.com,,,Valencia,1,40309,1050,9.7,PrestaShop,https://www.topcabello.es,,E22749923,sociedad,0,"+34 911 77 44 44; +390571542421",
Dafna's Personal Skincare,,+34 696 27 42 43,info@dafnaskincare.com,Belleza y cuidado personal,tienda_online,No Amazon V1,jose@libertyseller.com,,,,1,39720,89,9.7,Shopify,https://dafnaskincare.com,https://instagram.com/dafnaskincare,B87220331,sociedad,0,+34 659 72 59 98,
Magic Redux,KARENALE SL,+34 616 62 36 92,info@magicredux.com,Belleza y cuidado personal,tienda_online,No Amazon V1,jose@libertyseller.com,FIGUERAS CERVERA ALEJANDRO JOSE,Administrador único,Barcelona,1,39279,14,5,Shopify,https://magicredux.es,https://www.instagram.com/magicreduxofficial,B67314559,sociedad,2,"+34 633 11 39 80; +34 659 57 10 73; +34 722 54 47 13",
greenmagic.es,GREENMAGICBUSINESS S.L.,+34 621 02 11 73,info@greenmagic.es,Belleza y cuidado personal,tienda_online,No Amazon V1,jose@libertyseller.com,CAÑAS SERRANO MIGUEL ANGEL,Administrador único,El Viso del Alcor,1,38985,177,4,Shopify,https://greenmagic.es,,B10997013,,1,,thegreenmagic.sl@gmail.com
MYLITTLEMOMO,AVISO LEGAL C.B.,+34 627 84 25 83,info@mylittlemomo.es,Belleza y cuidado personal,tienda_online,No Amazon V1,jose@libertyseller.com,,,Madrid,1,38396,71,9.7,Shopify,https://www.mylittlemomo.es,https://instagram.com/mylittlemomo,B72912421,,0,"+34 914 35 43 78; +34 912 56 81 74",
Masglo España,"COSMETICOS IBERICA, S.L.",+34 684 79 22 50,servicioalcliente@masgloiberica.com,Belleza y cuidado personal,tienda_online,No Amazon V1,jose@libertyseller.com,,,Madrid,1,38102,289,4.6,Shopify,https://masglo.com.es,https://www.instagram.com/masglospain_oficial,B01647791,,0,+34 643 71 64 06,servicioalcliente@cerescos.com
Comercial Díaz,CEPEP S.L.,+34 917 10 91 63,info@comercial-diaz.es,Belleza y cuidado personal,tienda_online,No Amazon V1,jose@libertyseller.com,,,Madrid,1,37706,327,7,PrestaShop,https://peluqueriayesteticacomercialdiaz.es,,B80190440,,0,,
MA BELLE,MA BELLE Salón de Belleza SL,+34 664 43 21 20,info@mabelle.es,Belleza y cuidado personal,tienda_online,No Amazon V1,jose@libertyseller.com,SOLYMOSI CRISTINA HORTENSIA,Administrador único,Madrid,1,37231,102,3,Shopify,https://mabelle.es,https://www.instagram.com/mabelle.experience,B88636253,,1,+34 910 25 58 15,
Abella Biocosmética,,+34 605 80 73 53,hola@abella.bio,Belleza y cuidado personal,tienda_online,No Amazon V1,jose@libertyseller.com,,,,1,36925,47,5.7,Shopify,https://www.abella.bio,https://www.instagram.com/abellabio,72969779W,,0,,
Jabón Zorro D'Avi,Avelina Cuñado Rubio,+34 661 77 23 84,info@jabondezorro.com,Belleza y cuidado personal,tienda_online,No Amazon V1,jose@libertyseller.com,,,Puebla de Sanabria,1,36631,31,7.5,PrestaShop,https://www.jabondezorro.com,https://www.instagram.com/jabondezorro,71414820G,,0,,
Bruno Vassari Cosmetics,"MARCA Y SERVICIOS DE COSMÉTICA, S.A.",+34 934 53 78 02,info@brunovassari.com,Belleza y cuidado personal,tienda_online,No Amazon V1,jose@libertyseller.com,,,Barcelona,1,36631,106,5.7,Shopify,https://brunovassari.com,https://www.instagram.com/brunovassari_cosmetics,A08951030,,0,,
Fantasy Nails,,+34 952 42 59 22,hello@fantasynails.es,Belleza y cuidado personal,tienda_online,No Amazon V1,jose@libertyseller.com,,,,1,36484,7,6.6,Shopify,https://fantasynails.es,https://www.instagram.com/fantasy_nails_europe,B93210094,sociedad,0,,"info@fantasynails.es; administracion@fantasynails.es"
Octyl Cosmetics,Octyl Cosmetics SLU,+34 640 95 83 28,info@octyl.es,Belleza y cuidado personal,tienda_online,No Amazon V1,jose@libertyseller.com,RUIZ GONZALEZ JOSE ANTONIO,Administrador único,Peligros,1,36337,63,7.6,Shopify,https://octyl.es,https://www.instagram.com/octyl_oficial,B19678036,,2,,info@octylcosmetics.com
CRYSTAL NAILS,Divina Elite Cosmetics SL,+34 865 67 08 51,info@crystalnailstienda.es,Belleza y cuidado personal,tienda_online,No Amazon V1,jose@libertyseller.com,MOLNAR TUNDE,Administrador único,Madrid,1,36280,573,8.3,PrestaShop,https://www.crystalnailstienda.es,https://www.instagram.com/crystalnailsespana,B54977822,,1,"+34 910 51 25 36; +34 691 91 68 68",
Castaño de Indias,CASTAÑO DE INDIAS BRAND S.L.,+34 919 30 64 26,info@castanodeindias.es,Belleza y cuidado personal,tienda_online,No Amazon V1,jose@libertyseller.com,DE LA SOTA GARCIA TERESA,Administrador único,Madrid,1,35488,171,5.1,Shopify,https://castanodeindias.es,https://www.instagram.com/castanodeindias,50722784X,,1,,
Perfumería Topaz,Perfumerías Topaz S.L.,+34 928 27 16 73,info@perfumeriatopaz.es,Belleza y cuidado personal,tienda_online,No Amazon V1,jose@libertyseller.com,,,,1,35454,399,8.3,PrestaShop,https://perfumeriatopaz.es,https://www.instagram.com/perfumeriatopaz,B35414804,,0,"+34 928 27 16 73; +34 928 27 99 27","dpo@perfumeriatopaz.es; dpo@perfumeriatopas.es"
INZOKA STUDIO,,+34 644 39 93 72,inzokastudio@gmail.com,Belleza y cuidado personal,tienda_online,No Amazon V1,jose@libertyseller.com,,,Barcelona,1,34696,216,6.2,Shopify,https://www.inzoka.com,https://instagram.com/inzokastudio,,,0,,
MILILITROS DE PERFUME®,,+34 951 15 11 43,info@mililitrosdeperfume.com,Belleza y cuidado personal,tienda_online,No Amazon V1,jose@libertyseller.com,,,,1,34379,154,7.5,PrestaShop,https://mililitrosdeperfume.com,https://www.instagram.com/mililitrosdeperfumemalaga,B93760478,sociedad,0,,info@mililitrosdeperfume.om
Ferrolan,"ALANTA, S.A.",+34 933 91 90 11,online@ferrolan.com,Bricolaje y reforma,tienda_online,No Amazon V1,jose@libertyseller.com,ANTONIJOAN ROCA ANTONI,Presidente / consejero delegado,Barcelona,1,343077,1387,9.7,PrestaShop,https://ferrolan.es,https://www.instagram.com/ferrolan_oficial,A08893521,,15,,protecciondatos@ferrolan.com
panelfix.es,"Hierros Tous, S.L.U.",+34 647 47 49 04,comercial@panelfix.es,Bricolaje y reforma,tienda_online,No Amazon V1,jose@libertyseller.com,TOUS CANALS XAVIER,Repr.143 Rrm,,1,244772,129,5.3,Shopify,https://panelfix.es,https://www.instagram.com/panelfix_es,,,1,+34 919 93 03 31,soporte@panelfix.es
TECROSTAR,Tecro Space S.L.,+34 941 30 03 90,tecrostar@tecrostar.com,Bricolaje y reforma,tienda_online,No Amazon V1,jose@libertyseller.com,ANGULO GONZALEZ CELIA,Apoderado,Villalobar de Rioja,1,205482,82,9.7,PrestaShop,https://www.tecrostar.com,https://www.instagram.com/tecrostar,B01300508,,2,"+4930408172882; +442036955553","marketing@tecrostar.com; tecro@tecro.es"
Tu Calentador Económico,Pinatura S.L.,+34 644 51 86 28,info@tucalentadoreconomico.es,Bricolaje y reforma,tienda_online,No Amazon V1,jose@libertyseller.com,PINA LOZANO JOSE LUIS,Administrador único,,1,187975,425,6.3,PrestaShop,https://tucalentadoreconomico.es,,,,1,+34 935 92 25 49,mailto.info@tucalentadoreconomico.es
Motif,MOTIF Wallpapers S.L.U.,+6562260589,hola@motif.es,Bricolaje y reforma,tienda_online,No Amazon V1,jose@libertyseller.com,CARDA BLANCH INMACULADA,Apoderado,,1,179420,1223,9.3,PrestaShop,https://www.motif.es,https://www.instagram.com/motif_es,,,2,"+6562352379; +6562380903; +6562419220; +6562505915; +6562543405",profesionales@motif.es
Servicolor,Sequra Worldwide S.A.,+34 637 80 26 19,hola@servicolor.com,Bricolaje y reforma,tienda_online,No Amazon V1,jose@libertyseller.com,SETH DAVID KRISTOFFER BACKSTROM,Presidente / consejero delegado,Ondara,1,173400,1065,9.7,PrestaShop,https://servicolor.com,https://www.instagram.com/sequra_es/,B54894498,,38,+34 966 47 70 22,clientes@sequra.es
Pinturas Sanguino ®,"Pinturas Sanguino, S.L.",+34 696 99 23 07,sanguino@pinturassanguino.com,Bricolaje y reforma,tienda_online,No Amazon V1,jose@libertyseller.com,,,Madrid,1,163973,661,9.7,PrestaShop,https://pinturassanguino.com,https://www.instagram.com/pinturassanguino,B28893105,sociedad,0,+34 915 01 44 01,
KREAdecor,EUROMAT DECO S.L.,+34 952 32 70 74,tienda@kreadecor.com,Bricolaje y reforma,tienda_online,No Amazon V1,jose@libertyseller.com,GONZALEZ PEDRAZA FRANCISCO JOSE,Administrador único,,1,154400,534,8.4,Shopify,https://kreadecor.com,https://www.instagram.com/kreadecor,B56675333,,1,,info@kreadecor.com
TiendaManilla,,+34 690 31 08 09,info@tiendamanilla.com,Bricolaje y reforma,tienda_online,No Amazon V1,jose@libertyseller.com,,,Zierbena,1,137086,871,6.9,Shopify,https://tiendamanilla.com,https://www.instagram.com/tienda_manilla,B55481766,sociedad,0,,pedidos@tiendamanilla.com
Tecnomaquinas,,+34 686 05 92 59,info@tecnomaquinas.es,Bricolaje y reforma,tienda_online,No Amazon V1,jose@libertyseller.com,,,,1,128632,265,9.7,PrestaShop,https://tecnomaquinas.es,,71281273H,,0,+34 947 48 09 00,
Unión Ferretera,,+34 637 43 22 48,clientes@unionferretera.com,Bricolaje y reforma,tienda_online,No Amazon V1,jose@libertyseller.com,,,Silvota,1,117837,7835,9.7,PrestaShop,https://www.unionferretera.com,https://www.instagram.com/unionferretera,B33340993,sociedad,0,+34 985 26 33 34,"informacion@unioferretera.com; informacion@unionferretera.com"
www.lacasadelaescalera.com,,+34 654 03 53 51,info@lacasadelaescalera.com,Bricolaje y reforma,tienda_online,No Amazon V1,jose@libertyseller.com,,,,1,112145,15,8.9,PrestaShop,https://www.lacasadelaescalera.com,,J56505324,sociedad,0,+34 986 51 00 71,
Comprar pintura online,,+34 976 04 55 47,info@pinturasangar.es,Bricolaje y reforma,tienda_online,No Amazon V1,jose@libertyseller.com,,,Zaragoza,1,104087,60,6.6,PrestaShop,https://pinturasangar.es,https://www.instagram.com/angarpintura,25447016T,autonomo,0,,
Tienda de Pinturas Online,Tiendas de Pinturas Armenteros S.L.U.,+34 953 57 30 02,info@tiendadepinturas.es,Bricolaje y reforma,tienda_online,No Amazon V1,jose@libertyseller.com,ARMENTEROS NAVAS JOSE MANUEL,Administrador solidario,,1,96075,202,8,PrestaShop,https://www.tiendadepinturas.es,https://www.instagram.com/tiendadepinturas_es,B23808660,,3,,
Tilesonline.es,,+34 685 92 47 98,info@tilesonline.es,Bricolaje y reforma,tienda_online,No Amazon V1,jose@libertyseller.com,,,Castellón de la Plana,1,82835,739,7.6,PrestaShop,https://www.tilesonline.es,https://www.instagram.com/tilesonline.es,,,0,,
▷ UNI,"HER, S.L.",+34 916 68 13 17,atencionalcliente@uni-her.com,Bricolaje y reforma,tienda_online,No Amazon V1,jose@libertyseller.com,,,,1,77053,268,8.9,PrestaShop,https://www.uni-her.com,,B78752755,,0,,
Barral,"HANSGROHE, S.A.",+34 916 74 61 16,info@barral.com,Bricolaje y reforma,tienda_online,No Amazon V1,jose@libertyseller.com,CHRISTOPHE GERMAIN PAUL GOURLAN,Presidente / consejero delegado,,1,75061,2160,8.3,PrestaShop,https://www.barral.com,https://www.instagram.com/hbbarral,B79317897,,14,"+912067420612016; +34 673 53 96 63",info@showroombarral.com
UNO Cerraduras,"CAVERO FERRETERIA E INSTALACIONES, SL",+34 659 61 68 12,clientes@unocerraduras.es,Bricolaje y reforma,tienda_online,No Amazon V1,jose@libertyseller.com,CAVERO GONZALEZ ANDRES,Administrador único,,1,74009,26,4.1,PrestaShop,https://unocerraduras.es,,B87191060,,1,+34 659 61 68 12,cliente@unocerraduras.es
Cerrajería Somera,CERRAJERÍA SOMERA S.L.,+34 944 10 23 03,admin@cerrajeriasomera.com,Bricolaje y reforma,tienda_online,No Amazon V1,jose@libertyseller.com,,,,1,71949,194,9.7,PrestaShop,https://cerrajeriasomera.es,https://www.instagram.com/cerrajeriasomera,B48589857,,0,+34 699 62 80 14,admin@cerrajeriasomera.es
Alubama,"ALUMINIOS BARRAJÓN MARTÍN, S.L.",+34 916 04 93 59,info@alubama.com,Bricolaje y reforma,tienda_online,No Amazon V1,jose@libertyseller.com,BARRAJON MARTIN DAVID,Administrador solidario,Madrid,1,65974,196,9.7,PrestaShop,https://www.alubama.com,https://www.instagram.com/alubama_ventanas,B80853377,,1,,
HotFireDoor Fireplace Doors,Ferrogón Metal SLU,+34 644 77 79 69,info@hotfiredoor.com,Bricolaje y reforma,tienda_online,No Amazon V1,jose@libertyseller.com,GONZALEZ BUENO JOSE,Administrador único,,1,59343,566,9.7,PrestaShop,https://puertasparachimeneas.com,https://www.instagram.com/hotfiredoor,,,1,+34 936 92 45 60,rgpd@ferrogon.com
Cerrajería Directa,Francisco Alvarez,+34 674 54 49 94,info@cerrajeriadirecta.com,Bricolaje y reforma,tienda_online,No Amazon V1,jose@libertyseller.com,,,,1,56219,124,8,PrestaShop,https://cerrajeriadirecta.com,https://www.instagram.com/cerrajeriadirecta,,,0,,cerrajeriadirecta@gmail.com
Pinturas Mata S.L.,Pinturas Mata S.L.,+34 615 23 74 18,info@pinturasmata.com,Bricolaje y reforma,tienda_online,No Amazon V1,jose@libertyseller.com,,,Marbella,1,55133,30,5.4,PrestaShop,https://www.pinturasmata.com,https://www.instagram.com/pinturasmata,B92198167,,0,"+34 678 39 81 95; +34 952 78 10 32",pedidosweb@pinturasmata.com
Cerraduras antibumping,,+34 935 33 07 32,info@cerradurasantibumping.com.es,Bricolaje y reforma,tienda_online,No Amazon V1,jose@libertyseller.com,,,,1,52553,209,8.3,PrestaShop,https://www.cerradurasantibumping.com.es,,44681794Q,,0,,
Grifo Mahou en casa,"MAHOU, S.A.",+34 915 26 90 90,contacta@mahou.es,Bricolaje y reforma,tienda_online,No Amazon V1,jose@libertyseller.com,MAHOU HERRAIZ JOSE ANTONIO,Presidente / consejero delegado,Madrid,1,51331,25,3.4,Shopify,https://grifoencasa.mahou.es,,G85804011,sociedad,169,+34 638 60 26 63,
Comercial Emilio,"COMERCIAL AGRÍCOLA EMILIO, S.L.",+34 982 22 42 10,info@comercialagricolaemilio.es,Bricolaje y reforma,tienda_online,No Amazon V1,jose@libertyseller.com,,,,1,50652,253,7.7,PrestaShop,https://comercialagricolaemilio.es,https://www.instagram.com/comercialagricolaemilio,B27148550,,0,+34 982 30 30 05,
VODALAND,VODALAND S.L.,+34 658 93 60 78,info@vodaland.es,Bricolaje y reforma,tienda_online,No Amazon V1,jose@libertyseller.com,,,Valencia,1,49158,309,4.3,Shopify,https://www.vodaland.es,https://www.instagram.com/vodaland.spain,B98976111,,0,,ventas@vodaland.es
Tornillería Industrial Inox,"Balearic Fasteners, S.L.",+34 871 18 04 10,info@balearic-fasteners.com,Bricolaje y reforma,tienda_online,No Amazon V1,jose@libertyseller.com,,,,1,45899,15,8.3,PrestaShop,https://www.balearic-fasteners.com,,B57466187,,0,,
Dispival Online,DISPIVAL SANTANDER S.L.,+34 672 73 68 11,info@pinturasdispival.com,Bricolaje y reforma,tienda_online,No Amazon V1,jose@libertyseller.com,IVAN DELGADO BLANCO,Administrador único,,1,44281,1637,8.3,PrestaShop,https://dispivalonline.es,,B39389796,,1,,info@pinturasdispival.com.com
www.topllaves.com,"ELECTRON 2014, S.L.",+34 967 60 28 91,info@topllaves.com,Bricolaje y reforma,tienda_online,No Amazon V1,jose@libertyseller.com,ALBA CUERDA OMAR,Administrador solidario,,1,42515,1349,9.4,PrestaShop,https://www.topllaves.com,https://www.instagram.com/topllaves,B02551315,,3,+34 601 00 26 31,
Herramientas para tallar madera,Distribucion Herramienta Manual SL,+34 696 95 85 58,info@gubias.com.es,Bricolaje y reforma,tienda_online,No Amazon V1,jose@libertyseller.com,ORTEGA VAZQUEZ FERNANDO,Administrador único,Terrassa,1,40750,268,8.3,PrestaShop,https://gubias.com.es,https://www.instagram.com/gubias.com.es,B67473447,,1,,
Tocho Comercial,,+34 690 09 32 19,tocho@tocho-comercial.com,Bricolaje y reforma,tienda_online,No Amazon V1,jose@libertyseller.com,,,Betanzos,1,40309,5221,5.5,PrestaShop,https://tocho-comercial.com,https://www.instagram.com/tochocomercial,B15127293,sociedad,0,+34 981 77 65 71,ventas@tocho-comercial.com
www.perfilalu10.com,Perfilalu10,+34 651 12 45 20,info@alu10.com,Bricolaje y reforma,tienda_online,No Amazon V1,jose@libertyseller.com,,,,1,38396,53,3.1,PrestaShop,https://www.perfilalu10.com,,X5911579G,,0,,
ferresegur.es,Cupones Síguenos CONTACTO FerreSegur Sistemas Integrales de Seguridad SL,+34 949 12 10 99,info@ferresegur.es,Bricolaje y reforma,tienda_online,No Amazon V1,jose@libertyseller.com,,,Guadalajara,1,36122,1232,7,PrestaShop,https://ferresegur.es,,B19319656,,0,+34 652 53 49 73,
Andamios ASC,,+34 608 87 79 99,info@ascspain.com,Bricolaje y reforma,tienda_online,No Amazon V1,jose@libertyseller.com,,,,1,35601,28,7.9,PrestaShop,https://www.ascandamios.es,https://www.instagram.com/asc_spain/,X3402954N,,0,+34 972 15 62 75,info@ascspain.com
Herramientas para alicatador,Eldeco-Florencio Caballero SL,+34 649 45 61 49,info@herramientasparaalicatador.es,Bricolaje y reforma,tienda_online,No Amazon V1,jose@libertyseller.com,PEREZ DIAZ ESPERANZA REMEDIOS,Administrador único,Altea,1,33112,513,4.8,Shopify,https://herramientasparaalicatador.es,https://www.instagram.com/herramientasparaalicatador.es,B02147718,,7,,
HISPANOX S.A.,,+34 937 29 99 60,hispanox@hispanox.com,Bricolaje y reforma,tienda_online,No Amazon V1,jose@libertyseller.com,,,,1,31527,478,8.6,PrestaShop,https://www.hispanox.com,,A58496837,sociedad,0,,
Pinmat,"NOVA PINMAT, SA",+34 666 44 21 87,info@pinmat.com,Bricolaje y reforma,tienda_online,No Amazon V1,jose@libertyseller.com,CARVAJAL FLORIDO ANTONIO,Presidente / consejero delegado,Mataró,1,31063,12,9.7,PrestaShop,https://www.pinmat.es,https://www.instagram.com/Pinmatsa,A93460038,,12,"+34 937 98 40 08; +34 937 98 46 95; +34 902 18 19 24",info@pinmat.es
GEDORE,GEDORE Ibérica S.L.,+34 666 14 20 33,marketing@gedore.es,Bricolaje y reforma,tienda_online,No Amazon V1,jose@libertyseller.com,BROCHER RAINER,Administrador solidario,Vitoria-Gasteiz,2,29875,9070,8.9,Shopify,https://www.gedore.es,https://www.instagram.com/gedore_original,,,4,+34 945 29 22 62,
Ferretería González,FERRETERIA CERRAJERIA GONZALEZ S.L.,+34 611 02 49 66,tienda@ferreteriagonzalez.com,Bricolaje y reforma,tienda_online,No Amazon V1,jose@libertyseller.com,GONZALEZ MATEOS JESUS MANUEL,Administrador único,Cádiz,2,28857,103,8.3,PrestaShop,https://www.ferreteriagonzalez.com,,B67850875,,1,"+34 687 98 62 25; +34 956 27 92 58","info@ferreteriagonzalez.com; tienda@ferreteriagonzale.com"
Ferretería Esmas,FERRETERIA Y SUMINISTROS HMAS S.L.,+34 974 22 88 97,info@ferreteriaesmas.com,Bricolaje y reforma,tienda_online,No Amazon V1,jose@libertyseller.com,MAS PUYUELO JOSE-RAMON,Administrador único,,2,28347,461,7.5,PrestaShop,https://www.ferreteriaesmas.com,,B22192702,,1,,
Viva Parquet,,+34 607 66 22 53,consultas@vivaparquet.com,Bricolaje y reforma,tienda_online,No Amazon V1,jose@libertyseller.com,,,Vélez-Málaga,2,27668,448,9.7,PrestaShop,https://vivaparquet.com,https://www.instagram.com/vivaparquet,53740687Z,autonomo,0,"+34 951 39 19 75; +34 951 83 21 11",
Estufamania,FUEGO Y CEMENTO SL,+34 910 12 88 63,calor@estufamania.com,Bricolaje y reforma,tienda_online,No Amazon V1,jose@libertyseller.com,DE LOS REYES RODRIGUEZ RICARDO,Administrador único,Madrid,2,27329,1090,9.5,Shopify,https://estufamania.com,https://www.instagram.com/estufamania,B86821675,sociedad,1,+34 622 42 83 34,
Arquinter alfombras,Arquinter Trading SL,+34 916 37 77 02,info@arquinter.es,Bricolaje y reforma,tienda_online,No Amazon V1,jose@libertyseller.com,YAZDANI HEJAZI POUBASH,Administrador único,Las Rozas de Madrid,2,26650,245,5.4,Shopify,https://www.arquinter.es,https://www.instagram.com/arquinter_alfombras,B81810145,,1,,
Ferretesa,"Facebook Twitter Instagram Ferrete, S.A.",+34 916 15 37 17,atencionalcliente@ferretesa.com,Bricolaje y reforma,tienda_online,No Amazon V1,jose@libertyseller.com,,,Pamplona,2,26141,412,6.6,PrestaShop,https://ferretesa.com,https://www.instagram.com/ferrete_sa,B56871098,,0,,info@ferretesa.com
Makina,,+34 913 68 18 14,ventas@makina-online.com,Bricolaje y reforma,tienda_online,No Amazon V1,jose@libertyseller.com,,,,2,25122,1466,2.4,PrestaShop,https://makina-online.es,,A78970233,sociedad,0,,
Alfombrillas de Coche,,+34 979 72 11 76,info@alfombrillasdecoche.com,Bricolaje y reforma,tienda_online,No Amazon V1,jose@libertyseller.com,,,,2,24896,762,8.3,PrestaShop,https://www.alfombrillasdecoche.com,,12664991H,autonomo,0,,info@lfombrillasdecoche.com
www.ferreteriafabian.com,"Ferretería Fabián, S.L.",+34 958 60 39 46,info@ferreteriafabian.com,Bricolaje y reforma,tienda_online,No Amazon V1,jose@libertyseller.com,SANCHEZ VENEGAS FABIAN,Administrador único,,2,24670,118,7.5,PrestaShop,http://www.ferreteriafabian.com,,B19511476,,1,,
Rampuixa,"Materiales de Construcción Rampuixa, S.A.",+34 971 31 35 12,comercial@rampuixa.com,Bricolaje y reforma,tienda_online,No Amazon V1,jose@libertyseller.com,SERRA BRUNNER ADRIAN,Administrador solidario,,2,24262,1963,5.4,Shopify,https://www.rampuixa.com,https://instagram.com/rampuixa_oficial,A07107386,,4,,
Grip-on Tools,"Tools, S.Coop",+34 946 22 53 58,webinfo@grip-on.com,Bricolaje y reforma,tienda_online,No Amazon V1,jose@libertyseller.com,,,Berriz,2,23764,85,5.4,Shopify,https://shop.grip-on.com,https://www.instagram.com/gripon_tools,,,0,,
El Hogar del Campista,,+34 922 98 38 57,info@hogardelcampista.es,Bricolaje y reforma,tienda_online,No Amazon V1,jose@libertyseller.com,,,,2,23176,403,3.9,PrestaShop,https://elhogardelcampista.es,https://www.instagram.com/elhogardelcampista,B72833262,sociedad,0,+34 620 03 20 19,
mi pipo,"SITATRIZ, S.L.",+34 961 84 64 54,mipipo@mipipo.es,Bricolaje y reforma,tienda_online,No Amazon V1,jose@libertyseller.com,MORENO SANMARTIN BEATRIZ,Administrador único,,2,22814,5894,9.7,PrestaShop,https://www.mipipo.es,https://www.instagram.com/mipipo.es,B98439672,,1,,pedidos@mipipo.es
Comprar Taquillas,MARMA EQUIPAMIENTO INDUSTRIAL SL,+34 976 12 68 05,info@marmataquillasmetalicas.es,Bricolaje y reforma,tienda_online,No Amazon V1,jose@libertyseller.com,CORTES MONFORT MARIA,Administrador único,,2,22089,101,8.3,PrestaShop,https://marmataquillasmetalicas.es,https://www.instagram.com/marmataquillas,B99335754,,1,,
lacasadelapintura.com,,+34 934 10 09 54,info@lacasadelapintura.com,Bricolaje y reforma,tienda_online,No Amazon V1,jose@libertyseller.com,,,Barcelona,2,21727,51,9.7,PrestaShop,http://lacasadelapintura.com,,J65788630,sociedad,0,,
Baglinox,BAGLINOX S.L.,+34 948 29 05 52,baglinox@baglinox.com,Bricolaje y reforma,tienda_online,No Amazon V1,jose@libertyseller.com,MURO BAGLIETTO RICARDO,Presidente / consejero delegado,,2,21365,346,8.1,PrestaShop,https://www.baglinox.com,https://www.instagram.com/baglinox_official,B31475999,,11,,
New Rock Boots & Shoes,New Rock Shoes S.L.,+34 968 71 80 27,newrock@newrock.com,Calzado,tienda_online,No Amazon V1,jose@libertyseller.com,ANTONIO ORTUÑO LORENTE,Administrador único,Yecla,1,2028279,3689,9.7,Shopify,https://newrock.com,https://instagram.com/newrock,B30466783,,3,,store@newrock.com
Castañer,,+34 872 43 23 05,customercare@castaner.com,Calzado,tienda_online,No Amazon V1,jose@libertyseller.com,,,Banyoles,1,893230,500,9.7,Shopify,https://castaner.com,https://www.instagram.com/castanerofficial,B50667823,sociedad,0,+34 608 84 02 74,
Inside Shop,,+34 900 10 32 57,clientes@inside-shops.com,Calzado,tienda_online,No Amazon V1,jose@libertyseller.com,,,,1,804590,3930,9.7,PrestaShop,https://inside-shops.com,https://www.instagram.com/insideshops,A30015382,sociedad,0,"+34 968 30 19 44; +34 618 99 89 05",
Xti Store,,+34 653 48 40 97,INFO@XTISTORE.COM,Calzado,tienda_online,No Amazon V1,jose@libertyseller.com,,,Yecla,1,608636,12917,14.2,Shopify,https://xtistore.com,https://www.instagram.com/xtishoes,,,0,"+34 968 71 83 13; +34 968 79 18 57",info@xtistore.es
Shoes Wonders.com,ANTIGUO IRIARTE C.B.,+34 900 80 00 95,info@wonders.com,Calzado,tienda_online,No Amazon V1,jose@libertyseller.com,,,Elche,1,539652,229,9.7,PrestaShop,https://wonders.com,https://www.instagram.com/wondersshoes,,,0,"+34 965 68 39 11; +34 965 55 52 40",
mtngshoes,"MTNG EUROPE EXPERIENCE, SLU",+34 965 02 63 34,online@mustang.es,Calzado,tienda_online,No Amazon V1,jose@libertyseller.com,ROS VIDAL SANTIAGO,Apoderado,Torrellano,1,513206,1239,5.4,Shopify,https://www.mtngshoes.com,https://www.instagram.com/mtngmustang,,,3,+34 966 63 24 74,
Hereu Studio,,+34 645 93 64 84,customercare@hereustudio.com,Calzado,tienda_online,No Amazon V1,jose@libertyseller.com,,,Barcelona,1,505703,600,9.5,Shopify,https://hereustudio.com,https://www.instagram.com/hereu_,B57978645,sociedad,0,,"info@hereustudio.com; press@hereustudio.com; sales@hereustudio.com"
PrettyBallerinas,Desarrollos Insulares S.A.U.,+34 971 37 45 39,info@prettyballerinas.es,Calzado,tienda_online,No Amazon V1,jose@libertyseller.com,GRANT BELL DAVID,Consejero,Ferreries,1,453286,910,9.7,Shopify,https://www.prettyballerinas.com,https://www.instagram.com/prettyballerinas,A07232754,,5,"+34 961 85 04 37; +34 971 37 45 39; +34 606 94 66 18; +34 608 05 24 03; +34 608 07 37 08",
Corbeto's Boots,WESTERN RETAIL SL,+34 630 60 53 10,info@corbetosboots.com,Calzado,tienda_online,No Amazon V1,jose@libertyseller.com,CORBETO RODRIGUEZ JORDI,Administrador único,Barcelona,1,423954,1743,7.2,PrestaShop,https://www.corbetosboots.com,https://www.instagram.com/corbetosboots,B06942684,,1,+34 933 02 06 42,"CONTACTO@CORBETOSBOOTS.COM; PEDIDOS@CORBETOSBOOTS.COM"
Catchalot,Pasos Cadiz S.L.,+34 638 13 60 45,informacion@catchalot.es,Calzado,tienda_online,No Amazon V1,jose@libertyseller.com,NATALIA CARVAJAL ROMERO,Apoderado,El Puerto de Santa María,1,414132,3480,8.2,PrestaShop,https://catchalot.es,https://www.instagram.com/catchalot_oficial,B11207123,,3,,tiendaonline@catchalot.com
Calzado de Mujer– PORRONET,"PORRONET, SLU",+34 965 68 37 68,sac@porronet.es,Calzado,tienda_online,No Amazon V1,jose@libertyseller.com,MARTINEZ BELIJAR FRANCISCA,Apoderado,Elche,1,378508,239,9.6,Shopify,https://www.porronet.es,https://www.instagram.com/porronetshoes,B53514832,sociedad,2,,soporte@porronet.es
miMaO ®,,+34 911 92 28 88,clientes@mimao.es,Calzado,tienda_online,No Amazon V1,jose@libertyseller.com,,,,1,366784,2811,3.1,Shopify,https://mimao.eu,https://www.instagram.com/mimao_style,B84394659,sociedad,0,,
Calzados Pitillos,Sequra Worldwide S.A.,+34 941 38 55 79,info@calzadospitillos.com,Calzado,tienda_online,No Amazon V1,jose@libertyseller.com,SETH DAVID KRISTOFFER BACKSTROM,Presidente / consejero delegado,Arnedo,1,348271,866,9.7,Shopify,https://calzadospitillos.com,https://www.instagram.com/calzadospitillos,B26309492,,38,,clientes@sequra.es
OKAASPAIN,OKAASPAIN,+34 911 13 89 09,hola@okaaspain.com,Calzado,tienda_online,No Amazon V1,jose@libertyseller.com,,,,1,345691,1182,8.6,PrestaShop,https://www.okaaspain.com,https://www.instagram.com/okaaspain,B86910585,,0,+34 695 40 34 46,"hola@spain.com; info@okaaspain.com"
YELLOWSHOP,,+34 973 94 98 39,atc@yellowshop.es,Calzado,tienda_online,No Amazon V1,jose@libertyseller.com,,,Barcelona,1,337928,15191,4.2,Shopify,https://www.yellowshop.es,https://www.instagram.com/yellowshop.es,B65359531,,0,,
Zacaris,"SHOES RETAIL, titular del sitio",+34 902 10 70 57,atc@zacaris.com,Calzado,tienda_online,No Amazon V1,jose@libertyseller.com,,,Bell-lloc d'Urgell,1,325016,25001,9.7,Shopify,https://www.zacaris.com,https://www.instagram.com/zacaris_com,G85804011,sociedad,0,+34 976 79 63 67,privacidad@zacaris.com
Lodi,"Aura Future, S.L.",+34 910 59 90 42,lodilovers@lodi.es,Calzado,tienda_online,No Amazon V1,jose@libertyseller.com,ABELLAN FRANCES JOAQUIN,Apoderado,,1,316676,117,9.7,PrestaShop,https://www.lodi.es,https://www.instagram.com/lodishoes,B53049391,,2,"+34 954 82 59 14; +34 965 39 72 13",lodilovers@lodi.es
Mayka,"GERMAS SHOES, S.L.",+34 670 38 16 50,info@zapatosmayka.es,Calzado,tienda_online,No Amazon V1,jose@libertyseller.com,,,Alicante,1,313054,8713,6.1,Shopify,https://zapatosmayka.es,https://www.instagram.com/maykafootwear,B03151826,,0,+34 966 28 68 99,
zapatosbaratos-lowcost.com,Sequra Worldwide S.A.,+34 640 62 79 44,info@zapatosbaratos-lowcost.com,Calzado,tienda_online,No Amazon V1,jose@libertyseller.com,SETH DAVID KRISTOFFER BACKSTROM,Presidente / consejero delegado,,1,295627,1278,8.4,PrestaShop,https://zapatosbaratos-lowcost.com,https://www.instagram.com/calzadoselche_oficial,F72870207,,38,+34 868 17 16 15,support@ambris.com
PEDRO MIRALLES,PE EME & COMPANY ONLINE 1959 SL,+34 965 27 77 00,contact@mirallescompany.com,Calzado,tienda_online,No Amazon V1,jose@libertyseller.com,MIRALLES LLOPEZ PEDRO,Administrador único,Elche,1,293681,1558,11,Shopify,https://pedromiralles.com,https://www.instagram.com/pedromiralles,B02907186,,1,"+34 680 35 01 25; +34 966 63 09 11",info@pedromiralles.com
flordeasoka,,+34 912 82 53 80,shoes@flordeasoka.com,Calzado,tienda_online,No Amazon V1,jose@libertyseller.com,,,Madrid,1,285092,139,7,Shopify,https://flordeasoka.com,https://instagram.com/flordeasoka,B84142934,sociedad,0,,"info@flordeasoka.com; custom@flordeasoka.com; london@flordeasoka.com; paris@flordeasoka.com"
Online shoes store,Zapaterías Rosma SL,+34 682 61 63 99,hola@luisatoledo.es,Calzado,tienda_online,No Amazon V1,jose@libertyseller.com,BARROSO SERRANO OSCAR,Administrador único,,1,278834,94,9.1,PrestaShop,https://luisatoledo.com,https://www.instagram.com/luisatoledoofficial,B82535170,,1,,hola@luisatoledo.com
Cubanas Shoes,Sierra Leona SLL,+351913815097,support@cubanas-shoes.com,Calzado,tienda_online,No Amazon V1,jose@libertyseller.com,,,Barcelona,1,268140,1636,9.7,Shopify,https://cubanas-shoes.com,https://www.instagram.com/cubanas_shoes,B67624585,,0,"+351912374516; +351914670819",
Barefoot You,Barefoot You 1930 SL,+34 621 39 95 19,ayuda@barefootyou.com,Calzado,tienda_online,No Amazon V1,jose@libertyseller.com,BENET FRANCIA SERGI,Administrador solidario,Barcelona,1,260139,594,3.2,Shopify,https://barefootyou.com,https://www.instagram.com/barefoot_you,B56804651,,2,"+34 621 39 89 07; +34 653 43 06 55; +34 621 09 15 01",
WALKINPITAS,REPNAVAL S.L.,+34 985 79 28 51,info@webmefy.es,Calzado,tienda_online,No Amazon V1,jose@libertyseller.com,,,Olloniego,1,259189,538,9.7,Shopify,https://walkinpitas.com,https://www.instagram.com/walkinpitas,,,0,+34 985 98 68 41,info@walkinpitas.com
Arcos,ARCOS HERMANOS S.A.,+34 967 21 02 61,soporte@arcos.com,Cocina y electrodomésticos,tienda_online,No Amazon V1,jose@libertyseller.com,ZWILLING INTERNATIONAL GMBH,Consejero,Albacete,1,547076,1338,7.4,Shopify,https://www.arcos.com,https://www.instagram.com/arcos,,,17,+34 660 72 43 93,
Ufesa,B&B Trends S.L.,+34 935 60 67 05,consultas@ufesa.es,Cocina y electrodomésticos,tienda_online,No Amazon V1,jose@libertyseller.com,NEGRA BARRABEIG INES,Presidente / consejero delegado,Santa Perpètua de Mogoda,1,371594,563,8.1,Shopify,https://www.ufesa.es,https://www.instagram.com/ufesa_oficial,B86880473,,10,+34 902 99 70 53,
Cuchillería el Artesano,,+34 670 55 30 21,info@cuchilleriaelartesano.com,Cocina y electrodomésticos,tienda_online,No Amazon V1,jose@libertyseller.com,,,Albacete,1,314956,3506,8.2,PrestaShop,https://cuchilleriaelartesano.com,https://www.instagram.com/cuchilleria_elartesano,05117655V,autonomo,0,+34 666 55 44 33,
www.lecuine.com,Lecom Projects S.L.,+34 621 14 25 97,info@lecuine.com,Cocina y electrodomésticos,tienda_online,No Amazon V1,jose@libertyseller.com,DROZD DELGADO MARIANO,Administrador único,Barcelona,1,260931,2277,9.7,PrestaShop,https://www.lecuine.com,https://www.instagram.com/lecuinecom,B65890642,sociedad,4,"+34 930 03 06 64; +34 930 13 06 42",
Jata,"ELECTRODOMÉSTICOS JATA, S.A.",+34 946 21 55 40,administracion2@jata.es,Cocina y electrodomésticos,tienda_online,No Amazon V1,jose@libertyseller.com,GARCIA MARTINEZ GUILLERMO,Administrador solidario,,1,241037,2213,9.7,PrestaShop,https://www.jata.es,https://www.instagram.com/jataytuhogar,A48275044,,7,+34 663 78 21 99,comercial@jata.es
Cornet Barcelona,GAUDÍ LUXURY ART S.L.,+34 914 34 71 42,wecare@cornetbarcelona.com,Cocina y electrodomésticos,tienda_online,No Amazon V1,jose@libertyseller.com,MARTIN FERNANDEZ ANGELA,Apoderado,Barcelona,1,218235,129,9.6,Shopify,https://www.cornetbarcelona.com,,B66981143,,2,,
Ganiveteria Roca,GANIVETERIA ROCA S.L.,+34 933 02 12 41,info@ganiveteriaroca.cat,Cocina y electrodomésticos,tienda_online,No Amazon V1,jose@libertyseller.com,FABREGAS TORRA ELENA,Presidente / consejero delegado,Barcelona,1,192253,729,9.7,PrestaShop,http://www.ganiveteriaroca.com,https://www.instagram.com/ganiveteriaroca,,,10,,
Electrolider,"GARDE ELECTRODOMESTICOS ANDALUCÍA, S.L.",+34 609 47 29 20,ventas@electrolider.com,Cocina y electrodomésticos,tienda_online,No Amazon V1,jose@libertyseller.com,GARCIA ANDRADES PABLO,Administrador solidario,,1,177281,1039,6.4,PrestaShop,https://www.electrolider.com,,B92705987,,5,"+34 952 24 13 14; +34 952 29 68 48; +34 952 31 00 12; +34 952 78 78 96",info@electrolider.com
Electro Premium,,+34 977 42 57 13,info@electropremium.com,Cocina y electrodomésticos,tienda_online,No Amazon V1,jose@libertyseller.com,,,Tortosa,1,160103,1162,8.3,PrestaShop,https://www.electropremium.com,https://www.instagram.com/electro.premium,B43441278,sociedad,0,,
Electrotodo recambios de electrodomésticos,,+34 742 02 81 49,tienda@electrotodo.es,Cocina y electrodomésticos,tienda_online,No Amazon V1,jose@libertyseller.com,,,Talavera de la Reina,1,157478,25001,5.8,Shopify,https://electrotodo.es,,B45548559,sociedad,0,"+34 825 71 13 27; +34 981 53 31 64; +34 925 21 69 69",
Stainless steel kitchenware,INOXIBAR S.L.,+34 946 82 48 75,info@alcalink.com,Cocina y electrodomésticos,tienda_online,No Amazon V1,jose@libertyseller.com,MATANZAS GONZALEZ ARSENIO,Pres.Honorif,Berriz,1,121198,418,9.7,PrestaShop,https://inoxibar.com,https://www.instagram.com/inoxibar_kitchenware,B48067573,,1,,"info@inoxibar.com; inoxibar@inoxibar.com"
qubbos,,+34 911 09 22 68,atencionalcliente@qubbos.es,Cocina y electrodomésticos,tienda_online,No Amazon V1,jose@libertyseller.com,,,Amorebieta-Etxano,1,114974,5028,6.3,Shopify,https://qubbos.es,https://www.instagram.com/qubbos_es,B48082242,sociedad,0,+34 900 10 48 87,
Horno Santo Cristo,Opiniones de Horno Santo Cristo HORNO SANTO CRISTO S.A.U.,+34 627 30 82 88,pedidos@hornosantocristo.com,Cocina y electrodomésticos,tienda_online,No Amazon V1,jose@libertyseller.com,,,Palma,1,111126,5,7,PrestaShop,https://hornosantocristo.com,,A57404469,,0,,"pedidos@hornosantocristo.com; victor@hornosantocristo.com"
Shop AMC España,"AMC España Alfa Metalcraft Corp, S.A.U.",+34 936 53 53 70,belen.ogayar@amc.info,Cocina y electrodomésticos,tienda_online,No Amazon V1,jose@libertyseller.com,DIRK PETER REZNIK,Presidente / consejero delegado,,1,105819,65,1.8,Shopify,https://es.amc.info,https://www.instagram.com/amc_espana,A08537540,,24,,es@amc.info
La Compañía Francesa,PAYS D’OC SL,+34 640 03 08 33,clientes@laciafrancesa.com,Cocina y electrodomésticos,tienda_online,No Amazon V1,jose@libertyseller.com,,,Madrid,1,86117,1022,5.3,Shopify,https://laciafrancesa.com,https://www.instagram.com/laciafrancesa,B83777144,,0,+34 917 40 23 40,imedio.eduardo@gmail.com
Florentine Kitchen Knives,,+34 931 26 18 91,info@florentinekitchenknives.com,Cocina y electrodomésticos,tienda_online,No Amazon V1,jose@libertyseller.com,,,Barcelona,1,82156,405,9.7,Shopify,https://florentinekitchenknives.com,https://www.instagram.com/florentinekitchenknives,,,0,,"care@florentinekitchenknives.com; press@florentinekitchenknives.com; sales@florentinekitchenknives.com; shipping@florentinekitchenknives.com"
dosprimeras,"Dosprimeras Complementos, S.L.",+34 697 16 90 69,soporte@dosprimeras.com,Cocina y electrodomésticos,tienda_online,No Amazon V1,jose@libertyseller.com,IGLESIAS PANICHELLI ANA,Administrador único,San Sebastián de los Reyes,1,79101,122,8.5,Shopify,https://dosprimeras.com,https://www.instagram.com/dosprimeras,B01693266,,1,,"hello@dospriemras.com; hello@dosprimeras.com"
Bermello,"BERMELLO, S.A.",+34 988 14 00 14,administracion@bermello.com,Cocina y electrodomésticos,tienda_online,No Amazon V1,jose@libertyseller.com,BERMELLO FERNANDEZ JORGE FRANCISCO,Presidente / consejero delegado,Ourense,1,76181,85,6.8,PrestaShop,https://bermello.com,https://www.instagram.com/tiendasbermello,,,8,,"bermello@bermello.com; contacto@bermello.com"
Tescoma,Tescoma España S.L.,+34 965 67 43 83,info@tescoma.es,Cocina y electrodomésticos,tienda_online,No Amazon V1,jose@libertyseller.com,,,,1,70331,2508,2.6,Shopify,https://www.tescomaonline.es,https://www.instagram.com/tescoma_spain,B53630646,,0,,"eshop@tescoma.es; marketing@tescoma.es; info@tescoma.com.ru; info@tescoma.it"
Muaré,S. GRAMAGE HOGAR S.L.,+34 656 82 73 45,info@muarehome.com,Cocina y electrodomésticos,tienda_online,No Amazon V1,jose@libertyseller.com,GRAMAGE MOLLA SERGIO,Administrador único,Ontinyent,1,66721,901,5.5,Shopify,https://muarehome.com,https://www.instagram.com/muare.home,B53965489,,3,+34 672 64 39 99,administracion@sgpartners.es
Tramontina Iberica,Tramontina Ibérica SLU,+34 915 76 78 30,help.tusa@tramontina.com,Cocina y electrodomésticos,tienda_online,No Amazon V1,jose@libertyseller.com,ZILLI MATEUS,Administrador único,Madrid,1,59128,406,1.2,Shopify,https://tramontina.com.es,https://www.instagram.com/tramontina.iberica,,,1,+917718819224,"pedidos.tiberica@tramontina.com; contacto.tiberica@tramontina.com"
juanlucas.com,Activa Juan Lucas,+34 607 33 34 90,info@juanlucas.com,Cocina y electrodomésticos,tienda_online,No Amazon V1,jose@libertyseller.com,HINOJOSA PEREZ ANTONIO,Apoderado,,1,56140,6587,9.7,PrestaShop,https://juanlucas.com,https://www.instagram.com/tiendasjuanlucas,B93666816,,2,"+34 952 00 69 34; +34 952 30 96 00; +34 952 34 71 82",info@kwsolutions.es
AguaFría,Abalier Europe S.L.,+34 910 60 17 67,info@aguafria.pt,Cocina y electrodomésticos,tienda_online,No Amazon V1,jose@libertyseller.com,PAJUELO SANCHEZ ALBERTO,Administrador único,,1,52689,59,3,PrestaShop,https://aguafria.pt,,B90441809,,1,,info@aguafria.es
El Almacén de Loza,,+34 914 35 23 32,info@elalmacendeloza.com,Cocina y electrodomésticos,tienda_online,No Amazon V1,jose@libertyseller.com,,,Madrid,1,50244,566,3,Shopify,https://elalmacendeloza.com,https://www.instagram.com/elalmacendeloza,,,0,+34 686 18 77 84,coco@elalmacendeloza.com
ANEKO,KAIKA MADRID S.L.,+34 620 14 35 80,tienda@aneko.es,Cocina y electrodomésticos,tienda_online,No Amazon V1,jose@libertyseller.com,KADOTA SAORI,Administrador único,,1,47936,146,5.5,PrestaShop,https://aneko.es,https://www.instagram.com/aneko_madrid,B70802665,,1,,anekomadrid@gmail.com
Reparamix,"TECNICAS OJEDA, S.L.",+34 916 35 17 42,info@reparamix.es,Cocina y electrodomésticos,tienda_online,No Amazon V1,jose@libertyseller.com,OJEDA TERRES ALBERTO,Administrador único,Madrid,1,46306,287,7.9,Shopify,https://reparamix.es,https://www.instagram.com/reparamix,B87671343,,2,+34 633 05 72 80,clientes@reparamix.es
primagran.es,,+34 932 20 23 22,info@primagran.es,Cocina y electrodomésticos,tienda_online,No Amazon V1,jose@libertyseller.com,,,,1,44869,28,5.5,PrestaShop,https://primagran.es,https://www.instagram.com/primagran.es,,,0,,odo@primagran.pl
1outlet.es,CODA & GUERRERO S. L,+34 603 56 79 10,uno.outlet@gmail.com,Cocina y electrodomésticos,tienda_online,No Amazon V1,jose@libertyseller.com,,,,1,44677,455,3.1,PrestaShop,https://1outlet.es,https://www.instagram.com/unooutlet2019,B72268485,,0,"+34 956 40 54 98; +34 621 03 48 63",uno.outlet@gmail.com
www.agua-viva.info,,+34 937 91 48 31,contacto@agua-viva.es,Cocina y electrodomésticos,tienda_online,No Amazon V1,jose@libertyseller.com,,,Barcelona,1,41338,41,9.7,PrestaShop,https://www.agua-viva.info,,43355848C,,0,"+34 937 92 61 46; +34 660 75 56 54",contacto@agua-viva.info
JL Barrasa,Barrasa S.L.,+34 941 20 77 22,info@jlbarrasa.com,Cocina y electrodomésticos,tienda_online,No Amazon V1,jose@libertyseller.com,GARCIA CASTILLO MARIA VEGA,Apoderado,,1,39720,41,9.7,PrestaShop,https://jlbarrasa.com,,B26124651,,1,,
House Factory,,+34 659 50 00 57,admon@housefactoryelectrodomesticos.com,Cocina y electrodomésticos,tienda_online,No Amazon V1,jose@libertyseller.com,,,,1,37231,151,3.3,Shopify,https://housefactoryelectrodomesticos.com,https://instagram.com/housefactoryelectrodomesticos,B72761836,,0,"+34 664 68 80 14; +34 610 45 39 46",
UTSET 1894,,+34 933 84 16 07,info@utset.com,Cocina y electrodomésticos,tienda_online,No Amazon V1,jose@libertyseller.com,,,,1,35963,517,7.5,Shopify,https://utset.com,https://www.instagram.com/utset1894,B67199372,,0,,
Gripfilm,,+34 623 06 25 73,gripfilmsales@gmail.com,Cocina y electrodomésticos,tienda_online,No Amazon V1,jose@libertyseller.com,,,Cuarte de Huerva,1,32478,138,6.6,Shopify,https://gripfilm.com,https://www.instagram.com/gripfilmcom,B84242858,sociedad,0,,info@gripfilm.com
Twin Hogar® Electrodomésticos,,+34 681 87 61 81,hola@twinhogar.com,Cocina y electrodomésticos,tienda_online,No Amazon V1,jose@libertyseller.com,,,Lorquí,1,31844,568,2.5,Shopify,https://twinhogar.com,,B55411847,sociedad,0,+34 868 11 09 21,info@twinhogar.com
www.cuchilleriadelprofesional.com,ABELEDA S.L.,+34 952 21 92 92,info@cuchilleriadelprofesional.com,Cocina y electrodomésticos,tienda_online,No Amazon V1,jose@libertyseller.com,,,,1,30384,598,9.7,PrestaShop,https://www.cuchilleriadelprofesional.com,https://www.instagram.com/cuchilleriadelprofesional,B93488013,,0,,info@cuchilleriamoreno.com
dimessa.com,IMECI SL,+34 685 52 95 32,info@dimessa.com,Cocina y electrodomésticos,tienda_online,No Amazon V1,jose@libertyseller.com,LOPEZ PEDRAZ JORGE,Administrador único,,2,26435,13,7.8,PrestaShop,https://dimessa.com,,B41576158,,1,,
Repuestos Teka,Abastec S.L.,+34 954 35 33 00,info@repuestosteka.es,Cocina y electrodomésticos,tienda_online,No Amazon V1,jose@libertyseller.com,FLORIDO SERRANO MARIA,Apoderado,,2,26141,2701,7.2,PrestaShop,https://repuestosteka.es,,B41738154,,1,,info@abastec.es
Mint-Deco Home,,+34 961 48 59 19,contacto@mint-deco.com,Cocina y electrodomésticos,tienda_online,No Amazon V1,jose@libertyseller.com,,,Ontinyent,2,25801,734,4.7,Shopify,https://mint-deco.com,,B98510845,sociedad,0,,
Recambios Castaño,RECAMBIOS CASTAÑO E HIJOS S.L.U.,+34 681 21 67 57,n@recambioscastano.es,Cocina y electrodomésticos,tienda_online,No Amazon V1,jose@libertyseller.com,CASTAÑO MONGE LEOVIGILDO,Administrador único,Seville,2,25575,3007,8.3,PrestaShop,https://www.recambioscastano.com,,B41595521,,1,"+34 954 37 72 61; +34 954 91 51 16",
Regalogar,Ferrate Electrodomésticos S.L.,+34 628 08 23 84,info@regalogar.es,Cocina y electrodomésticos,tienda_online,No Amazon V1,jose@libertyseller.com,,,,2,25349,5097,9.1,PrestaShop,https://regalogar.es,,B85955367,,0,"+34 977 31 31 39; +34 977 33 28 36",tienda@regalogar.es
Electrodomésticos Bombay,,+34 926 22 26 76,info@electrodomesticosbombay.es,Cocina y electrodomésticos,tienda_online,No Amazon V1,jose@libertyseller.com,,,,2,24443,6158,9.6,PrestaShop,https://electrodomesticosbombay.es,,B13372503,sociedad,0,"+34 900 85 85 50; +34 917 57 00 67","clientes@electrodomesticosbombay.es; info@electrodomesticosbombay.es.com"
Refrigeración Industrial,"Cevik, S.A.",+34 671 38 41 04,info@zelsio.com,Cocina y electrodomésticos,tienda_online,No Amazon V1,jose@libertyseller.com,,,,2,23719,547,9.7,PrestaShop,https://www.refrigeracionzelsio.es,,B98344146,,0,"+34 699 09 64 97; +34 963 79 98 29",
Cuchillería Las Burgas,,+34 981 15 11 03,info@cuchillerialasburgas.es,Cocina y electrodomésticos,tienda_online,No Amazon V1,jose@libertyseller.com,,,A Coruña,2,22633,241,8.5,PrestaShop,https://cuchillerialasburgas.com,https://www.instagram.com/cuchillerialasburgas,32451890V,,0,+34 690 16 15 21,
ReleMat,,+34 937 98 07 76,info@relemat.es,Cocina y electrodomésticos,tienda_online,No Amazon V1,jose@libertyseller.com,,,Mataró,2,22270,2940,9.7,PrestaShop,https://www.relemat.es,,J65334369,,0,+34 667 26 38 47,info@relemat.com
Electrodomésticos Suárez S.A.,Electrodomésticos Suárez S.A.,+34 618 29 37 66,suarez@electrodomesticossuarez.com,Cocina y electrodomésticos,tienda_online,No Amazon V1,jose@libertyseller.com,SUAREZ ORTIZ ANTONIO,Administrador solidario,Granada,2,21727,321,8.3,PrestaShop,https://www.electrodomesticossuarez.com,,A18086819,,2,"+34 958 25 62 10; +34 958 53 51 04",
Life Battery,,+34 974 21 50 71,info@bateriasrobot.com,Cocina y electrodomésticos,tienda_online,No Amazon V1,jose@libertyseller.com,,,,2,21048,208,9.7,PrestaShop,https://www.bateriasrobot.com,,B22367890,sociedad,0,,
Tienda Online Codilamar,CODILAMAR S.L.,+34 876 03 66 60,codilamar@codilamar.com,Cocina y electrodomésticos,tienda_online,No Amazon V1,jose@libertyseller.com,DOMINGUEZ VIERA JUAN FRANCISCO,Apoderado,,2,19690,1220,6.2,PrestaShop,https://codilamar.com,,B35511666,,3,,hiperservice@hiperservice.com
www.gedar.es,Telas Filtrantes NW25 y SL,+34 653 89 49 07,gedar@gedar.es,Cocina y electrodomésticos,tienda_online,No Amazon V1,jose@libertyseller.com,,,Chauchina,2,18559,232,8.3,PrestaShop,https://www.gedar.es,,B18927202,,0,+34 958 44 75 06,
PracticDomus,PRACTIC DOMUS S.L.,+34 699 26 24 78,info@practicdomus.es,Cocina y electrodomésticos,tienda_online,No Amazon V1,jose@libertyseller.com,MARTINEZ TORRALBA SERGIO,Administrador único,Manresa,2,16522,4118,7.5,Shopify,https://practicdomus.es,https://instagram.com/practicdomus,,,2,+34 699 26 24 78,practicdomus@gmail.com
Depuragua,,+34 606 67 18 82,pedidos@depuragua.com,Cocina y electrodomésticos,tienda_online,No Amazon V1,jose@libertyseller.com,,,,2,16295,51,8.3,PrestaShop,https://www.depuragua.com,,97684211R,autonomo,0,,
The Official Online Store for Real Madrid CF,,+12123173200,customerservices@shop.realmadrid.com,Deporte y fitness,tienda_online,No Amazon V1,jose@libertyseller.com,,,Madrid,1,12375573,1452,6.2,Shopify,https://us.shop.realmadrid.com,https://www.instagram.com/realmadrid,,,0,+34 913 98 43 00,
NOX,,+34 934 19 68 34,web@noxsport.com,Deporte y fitness,tienda_online,No Amazon V1,jose@libertyseller.com,,,Sant Joan Despí,1,552723,419,4.1,Shopify,https://noxsport.com,https://www.instagram.com/noxpadel,B64985708,sociedad,0,,
Servitoro,,+34 647 66 93 71,info@servitoro.com,Deporte y fitness,tienda_online,No Amazon V1,jose@libertyseller.com,,,Valencia,1,500452,930,9.7,PrestaShop,https://www.servitoro.com,https://instagram.com/servitoro,G85804011,sociedad,0,"+34 963 30 85 93; +34 963 30 84 70",servitoro@servitoro.com
Atmosfera Sport©,COLECCIONES Colecciones Adidas Ultraboost Supernova Court Adizero Evo SL,+34 961 21 60 46,,Deporte y fitness,tienda_online,No Amazon V1,jose@libertyseller.com,,,,1,441653,1994,9.7,PrestaShop,https://www.atmosferasport.es,https://www.instagram.com/atmosferasport_oficial,B96393020,sociedad,0,,
PadelPROShop,FLOORBALL SHOP SPAIN SL,+34 632 91 17 91,info@padelproshop.com,Deporte y fitness,tienda_online,No Amazon V1,jose@libertyseller.com,UGALDE DIEZ JUAN-MARIA,Administrador solidario,,1,386803,3168,5.5,Shopify,https://padelproshop.com,https://www.instagram.com/padelproshop,B87593513,,4,,"pedidos@padelproshop.com; marketing@padelproshop.com"
SmartGyro,,+34 916 42 95 20,info@smartgyro.es,Deporte y fitness,tienda_online,No Amazon V1,jose@libertyseller.com,,,Madrid,1,371628,295,9.7,PrestaShop,https://smartgyro.es,https://www.instagram.com/smartgyro,,,0,,
www.tiendamalagacf.com,,+34 952 10 44 88,atencionalcliente@malagacf.es,Deporte y fitness,tienda_online,No Amazon V1,jose@libertyseller.com,,,,1,329293,161,9.7,PrestaShop,https://www.tiendamalagacf.com,https://www.instagram.com/malagacf,A29680790,sociedad,0,,administracion@malagacf.es
RCD Mallorca Club de fútbol,"SPORTS EMOTION HUB, S.L.",+34 902 10 75 60,rcdmallorca@futbolemotion.com,Deporte y fitness,tienda_online,No Amazon V1,jose@libertyseller.com,SANCHEZ BROTO CARLOS,Apoderado,Zaragoza,1,306038,675,3.2,Shopify,https://tienda.rcdmallorca.es,https://www.instagram.com/rcdmallorcaoficial,B50907229,,9,+34 976 08 04 10,"soporte@futbolemotion.com; tienda@rcdmallorca.es"
REVISTA LIBERO SL,"Denominación Social Revista Libero, S.L.U.",+34 687 86 68 33,info@revistalibero.com,Deporte y fitness,tienda_online,No Amazon V1,jose@libertyseller.com,,,Madrid,1,282636,64,9.5,Shopify,https://revistalibero.com,,B86427952,,0,,
Botiga Oficial Girona FC,,+34 972 20 29 77,info@gironafc.cat,Deporte y fitness,tienda_online,No Amazon V1,jose@libertyseller.com,,,Girona,1,273606,349,7.5,Shopify,https://botiga.gironafc.cat,https://www.instagram.com/gironafc,A17088329,,0,+34 972 72 88 66,
www.tagoya.com,,+34 976 46 46 80,tagoya@tagoya.com,Deporte y fitness,tienda_online,No Amazon V1,jose@libertyseller.com,,,,1,268536,343,8.4,PrestaShop,https://www.tagoya.com,https://www.instagram.com/tagoya_sport,B99217358,sociedad,0,,
Pádel Ibérico Oficial,"Team Sport DM, S.L.",+34 634 59 03 14,admin@padeliberico.es,Deporte y fitness,tienda_online,No Amazon V1,jose@libertyseller.com,,,,1,260535,101,9.6,PrestaShop,https://www.padeliberico.es,https://www.instagram.com/padeliberico,B73864589,,0,"+34 679 18 44 79; +34 968 77 29 52",
Fitness Tech,FITNESS TECH SOLUTIONS S.L.,+34 603 52 79 42,info.fitnesstech@gmail.com,Deporte y fitness,tienda_online,No Amazon V1,jose@libertyseller.com,,,Valencia,1,254617,570,5.8,Shopify,https://www.fitnesstech.es,https://www.instagram.com/fitnesstech.es,B67677278,,0,+34 960 10 63 94,"info@fitnesstech.es; pedidos@fitnesstech.es"
Velodrom CC,Velodrom 5.0 Barcelona SL,+34 872 00 16 88,info@velodrom.cc,Deporte y fitness,tienda_online,No Amazon V1,jose@libertyseller.com,CAMPLLONCH GARCIA JAVIER,Repr.143 Rrm,Barcelona,1,251822,16572,5.3,Shopify,https://www.velodrom.cc,https://www.instagram.com/velodrom.cc,B67069765,,4,"+34 937 68 23 73; +34 931 56 67 88","ecuador@velodrom.cc; girona@velodrom.cc; katowice@velodrom.cc; tours@velodrom.cc"
Pedalmoto Tienda de Bicicletas,"Pedalmoto, S.L.",+34 958 13 21 54,pedidos@pedalmoto.com,Deporte y fitness,tienda_online,No Amazon V1,jose@libertyseller.com,,,Granada,1,249276,1919,8.5,PrestaShop,https://pedalmoto.com,https://www.instagram.com/pedalmoto,B18300764,,0,"+34 958 95 82 30; +34 782 01 76 64; +34 784 92 13 14; +34 810 52 27 85",pedidos@pedalmoto.com
arminse.es,Armeria Arminse SL,+34 936 58 68 56,arminse@arminse.es,Deporte y fitness,tienda_online,No Amazon V1,jose@libertyseller.com,,,,1,241762,1462,9.7,PrestaShop,https://arminse.es,https://www.instagram.com/armeria_arminse,B58425539,,0,,
Caramel Fingerboards - Fingerboard store,,+34 695 90 05 90,fb.shop@caramelfingerboards.com,Deporte y fitness,tienda_online,No Amazon V1,jose@libertyseller.com,,,Port de Sagunt,1,239623,447,6,Shopify,https://www.caramelfingerboards.com,https://www.instagram.com/caramelfingerboards,X5086687F,,0,,
365Rider,Zapatillas Adidas Adizero Evo SL,+518898134,info@365rider.com,Deporte y fitness,tienda_online,No Amazon V1,jose@libertyseller.com,,,,1,237642,752,8.9,PrestaShop,https://www.365rider.com,https://www.instagram.com/365rider,B98471832,,0,"+34 963 47 35 31; +518898134",info@agpd.es
Indoorwall Climbing Gyms,"WORLD PRO RIDE, S.L.",+34 937 30 75 36,info@indoorwall.com,Deporte y fitness,tienda_online,No Amazon V1,jose@libertyseller.com,MACIA PAREDES ISRAEL,Presidente / consejero delegado,,1,223463,52,8.2,PrestaShop,https://www.indoorwall.com,https://www.instagram.com/indoorwallcenters,B66469750,,7,"+34 932 55 79 12; +34 931 15 15 04",
www.comercialmoyano.com,Comercial Moyano S.L.,+34 680 56 45 61,info@comercialmoyano.com,Deporte y fitness,tienda_online,No Amazon V1,jose@libertyseller.com,RODOLFO MORENO MARTIN,Administrador mancomunado,Madrid,1,211581,7949,9.7,PrestaShop,https://www.comercialmoyano.com,https://www.instagram.com/comercialmoyano,B48206999,,2,,
Berria Bikes,"BERRIA BIKE, S.L.",+34 654 32 13 21,,Deporte y fitness,tienda_online,No Amazon V1,jose@libertyseller.com,VITORIA CANO DAVID,Presidente / consejero delegado,Villarrobledo,1,197322,31,4.2,Shopify,https://berriabikes.com,https://www.instagram.com/berriabikes,B02513349,,7,,
PUKAS SURF SHOP,,+34 689 40 59 31,sales@pukassurfshop.com,Deporte y fitness,tienda_online,No Amazon V1,jose@libertyseller.com,,,Donostia-San Sebastian,1,194312,7012,3.6,Shopify,https://pukassurfshop.com,https://www.instagram.com/pukassurfshop,B20830675,sociedad,0,"+34 943 32 60 35; +34 943 42 72 28; +34 943 49 21 77; +34 943 78 44 60","logistics@pukassurfshop.com; info@pukassurf.com; shop@pukassurf.com"
Single Quiver Surfshop,HARVEN SURF S.L.,+34 633 11 70 38,info@singlequiver.com,Deporte y fitness,tienda_online,No Amazon V1,jose@libertyseller.com,MADDOCK GAMEZ HANNA,Apoderado,Barakaldo,1,186391,3255,8.9,PrestaShop,https://singlequiver.com,https://www.instagram.com/singlequiver_surfshop,B35089226,,1,,support@singlequiver.com
Aire Libre,"SEPRAILI Aire Libre, SL",+34 915 57 21 78,attcliente@airelibre.es,Deporte y fitness,tienda_online,No Amazon V1,jose@libertyseller.com,,,Madrid,1,185157,7693,9,PrestaShop,https://www.airelibre.es,https://www.instagram.com/airelibre.es,B83923128,,0,,
ROD-Fitness,,+34 605 38 24 70,market@rod-fitness.com,Deporte y fitness,tienda_online,No Amazon V1,jose@libertyseller.com,,,,1,182589,48,2.4,Shopify,https://rod-fitness.com,https://instagram.com/rodfitnesses,,,0,+34 664 72 82 27,info@rod-fitness.com
Biciclasica.com,,+34 985 33 17 77,info@biciclasica.com,Deporte y fitness,tienda_online,No Amazon V1,jose@libertyseller.com,,,,1,177112,2074,9.7,PrestaShop,https://www.biciclasica.com,https://www.instagram.com/biciclasica,B52575180,sociedad,0,,
AFB Motorsport,Auto Fashion Brands S.L.,+34 933 22 26 13,info@afbmotorsport.com,Deporte y fitness,tienda_online,No Amazon V1,jose@libertyseller.com,AZNAREZ MONTOY EDUARDO,Administrador único,,1,174362,2531,6.3,PrestaShop,https://afbmotorsport.com,https://www.instagram.com/afbmotorsport,B66450149,,1,+34 937 21 27 34,
Conor Bikes,"Conor Sports, S.A.",+34 948 33 17 03,info@conorbikes.com,Deporte y fitness,tienda_online,No Amazon V1,jose@libertyseller.com,ORBAICETA GUISASOLA MARIA JESUS,Presidente / consejero delegado,Valle de Egüés,1,172732,1139,5.4,PrestaShop,https://conorbikes.com,https://instagram.com/conor_bikes,A31153117,,10,,web@conorbikes.com
Rafa Nadal Shop,,+34 971 17 16 80,shop@rafanadalacademy.com,Deporte y fitness,tienda_online,No Amazon V1,jose@libertyseller.com,,,,1,167855,376,8.7,PrestaShop,https://shop.rafanadalacademy.com,https://www.instagram.com/rafanadalshop,B57459273,sociedad,0,,
YogaYe.com,Condiciones Generales Home Condiciones Generales YogaYe SL,+34 644 35 50 00,info@YogaYe.com,Deporte y fitness,tienda_online,No Amazon V1,jose@libertyseller.com,,,Montgat,1,165501,86,9.7,Shopify,https://www.yogaye.com,https://www.instagram.com/yogaye,B65383796,,0,,
momabikes.fr,"MOMA TRADE, S.L.U.",+34 932 65 30 43,info@momabikes.com,Deporte y fitness,tienda_online,No Amazon V1,jose@libertyseller.com,MORERA MARTINEZ JUAN,Repr.143 Rrm,Barcelona,1,164607,106,3,Shopify,https://momabikes.fr,https://www.instagram.com/momabikes,B66424045,,2,,
Guarnicionería Los Nietos,"GUARNICIONERÍA ARTESANA LOS NIETOS, S.L.",+34 626 90 58 89,info@guarnicionerialosnietos.com,Deporte y fitness,tienda_online,No Amazon V1,jose@libertyseller.com,TEJERO AHUMADA JUAN MANUEL,Administrador único,,1,163566,1059,9.7,PrestaShop,https://guarnicionerialosnietos.com,https://www.instagram.com/los_nietos_guarnicioneria,B72123060,,3,+34 626 90 58 89,
Rival Boxing Gear Spain S.L.,Rival Boxing Gear Spain S.L.,+34 951 12 71 60,customerservice@rivalboxing.com,Deporte y fitness,tienda_online,No Amazon V1,jose@libertyseller.com,HENDRIKUS FERDINANDUS VAN HATTUM,Administrador único,,1,162038,106,3.9,Shopify,https://rivalboxinggear.es,https://www.instagram.com/rivalboxinggear.es,,,1,,"rivalboxinggymokc@hotmail.com; eswholesale@rivalboxing.com; spaincustomerservice@rivalboxing.com; aucustomerservice@rivalboxing.com"
Adrada,ADRADA S.L.,+34 671 10 70 70,central@adrada.es,Deporte y fitness,tienda_online,No Amazon V1,jose@libertyseller.com,ROJAS SUAREZ INES CRISTINA,Administrador único,,1,158677,7019,9.7,PrestaShop,https://adrada.es,https://www.instagram.com/adrada.es,B50300607,,1,"+34 976 73 42 44; +34 618 16 30 57",central@adrada.com
TerraBike,"Terrabike Terrassa Terrabike Terrassa, S.L.",+34 636 88 56 44,tb@terra-bike.com,Deporte y fitness,tienda_online,No Amazon V1,jose@libertyseller.com,,,,1,157863,3975,3.5,PrestaShop,https://terra-bike.com,https://www.instagram.com/terrabiketerrassa,B64339161,sociedad,0,"+34 937 83 80 07; +34 952 26 83 02",tb@terra-bike.es
akonfitness.com,AKON Fitness S.L.,+34 608 80 44 76,administracion@akonfitness.com,Deporte y fitness,tienda_online,No Amazon V1,jose@libertyseller.com,HUERTA GONZALEZ CARLOS,Administrador solidario,,1,156527,400,6,Shopify,https://akonfitness.com,https://www.instagram.com/akonfitness,B04978136,,2,"+34 629 59 40 45; +34 679 99 42 36","hola@akonfitness.com; marketing@akonfitness.com; pedidosakonfitness@gmail.com"
SPS Sport,Balonmano HTM KIEL RHEIN NECKAR LÖWEN FÜCHSE BERLIN SC,+34 619 37 96 83,info@sps-sport.com,Deporte y fitness,tienda_online,No Amazon V1,jose@libertyseller.com,,,Granada,1,153359,425,9.7,PrestaShop,https://sps-sport.com,https://www.instagram.com/spsbalonmano/,B01769355,,0,"+34 650 27 95 18; +34 958 81 71 90",
Salter,"COMERCIAL SALTER, S.A.",+34 934 70 00 55,gestioncomercial@salter.es,Deporte y fitness,tienda_online,No Amazon V1,jose@libertyseller.com,PEYDRO BARQUET SALVADOR,Administrador solidario,Barcelona,1,150269,33,8.9,PrestaShop,https://www.salter.es,https://www.instagram.com/salter_fitness,A08544298,sociedad,6,"+34 612 34 56 78; +34 601 60 76 87",gestiondatos@salter.es
Escuela Cántabra de Surf,Depuis sa,+34 609 48 28 23,ecsurf@escuelacantabradesurf.com,Deporte y fitness,tienda_online,No Amazon V1,jose@libertyseller.com,,,Somo,1,147067,33,9.7,PrestaShop,https://www.escuelacantabradesurf.com,https://www.instagram.com/escuelacantabradesurf,B39825286,sociedad,0,+34 942 51 06 15,
SubeyBajaBikes,ORBEA RISE SL,+34 953 75 33 87,info@subeybajabikes.com,Deporte y fitness,tienda_online,No Amazon V1,jose@libertyseller.com,,,Úbeda,1,145132,1597,9.7,PrestaShop,https://subeybajabikes.com,https://www.instagram.com/subeybajabikes,B23665490,,0,,pedrodelablanca-4@hotmail.com
ORTLIEB España,,+34 972 26 82 99,info@ortlieb.es,Deporte y fitness,tienda_online,No Amazon V1,jose@libertyseller.com,,,Olot,1,143197,213,1.6,Shopify,https://es.ortlieb.com,https://www.instagram.com/ortlieb_waterproof,B17491242,sociedad,0,+491738572087,"customerservice@ortlieb.de; info@vicsportsafers.es; deinservice@ortlieb.com"
RunnerPro,RUNNERWELLNESS SL,+34 622 38 79 62,hola@runnerpro.app,Deporte y fitness,tienda_online,No Amazon V1,jose@libertyseller.com,REDONDO RODRIGUEZ CRISTOBAL,Administrador único,,1,141567,12,2,Shopify,https://runnerpro.app,,B13985650,sociedad,1,,"cristobal.redondo@runnerpro.app; contacto@cristobalrunning.com"
M+ store,,+34 933 77 04 21,info@mplusstore.es,Deporte y fitness,tienda_online,No Amazon V1,jose@libertyseller.com,,,Cornellà de Llobregat,1,134336,11499,5.6,Shopify,https://mplusstore.es,https://www.instagram.com/mplus_store,A59119081,sociedad,0,+34 683 22 89 46,
Pescasub,MAÑEZ VILA SL,+34 646 18 92 72,info@pescasub.es,Deporte y fitness,tienda_online,No Amazon V1,jose@libertyseller.com,MAÑEZ SECADURAS SILVIA,Administrador único,,1,126799,1403,9.5,PrestaShop,https://www.pescasub.es,,B13781299,,1,,
Ciclos Cabello,Advanced SL,+34 957 25 00 52,info@cicloscabello.com,Deporte y fitness,tienda_online,No Amazon V1,jose@libertyseller.com,,,Córdoba,1,126494,1149,9.7,PrestaShop,https://cicloscabello.com,https://www.instagram.com/cicloscabello,B14211965,sociedad,0,"+34 956 34 64 17; +34 957 25 00 52; +34 957 28 74 59","cmd@cicloscabello.com; cordobacentral@cicloscabello.com; jerez@cicloscabello.com; linares@cicloscabello.com"
predatorstore.es,PREDATOR STORE SL,+34 613 19 95 94,info@predatorstore.es,Deporte y fitness,tienda_online,No Amazon V1,jose@libertyseller.com,VALLE RONCERO FRANCISCO JAVIER,Administrador solidario,,1,121503,674,3.2,PrestaShop,https://predatorstore.es,,B13734843,,2,,predatorstore2023@gmail.com
"Evil Bikes Global, S.L.",,+18776963845,info@evil-bikes.com,Deporte y fitness,tienda_online,No Amazon V1,jose@libertyseller.com,,,Madrid,1,120131,178,8.8,Shopify,https://eu.evil-bikes.com,,B86483922,sociedad,0,"+34 902 46 38 45; +34 902 46 32 45","support@evil-bikes.com; europe@evil-bikes.com; europeinfo@evil-bikes.com"
Tienda de baloncesto Fuikaomar,Fuikaomar,+34 627 73 50 87,info@fuikaomar.es,Deporte y fitness,tienda_online,No Amazon V1,jose@libertyseller.com,,,,1,118652,2630,8.1,PrestaShop,https://www.fuikaomar.es,https://www.instagram.com/fuikaomar,36129097F,,0,,silvia@fuikaomar.es
Caribbean,"BORNA NEGOCIOS, SL",+34 915 76 11 17,info@caribbean.es,Deporte y fitness,tienda_online,No Amazon V1,jose@libertyseller.com,MUÑOZ CUELLAR PEREZ PLA BORJA,Administrador solidario,Madrid,1,114985,1139,9.7,Shopify,https://caribbean.es,https://www.instagram.com/caribbeansportshop,B86568789,,4,"+34 626 38 88 97; +34 676 14 51 19",
Zona Deporte,Zona Deporte,+34 722 72 67 66,hola@zonadeporte.es,Deporte y fitness,tienda_online,No Amazon V1,jose@libertyseller.com,,,,1,109995,697,3.2,PrestaShop,https://www.zonadeporte.es,,B66518689,,0,+34 935 46 31 95,sat@zonadeporte.es
Miemi Pesca,,+34 636 07 03 63,info@miemipesca.com,Deporte y fitness,tienda_online,No Amazon V1,jose@libertyseller.com,,,Salamanca,1,108161,2597,9.7,PrestaShop,https://miemipesca.com,https://www.instagram.com/miemi_pesca,07851820B,,0,+34 923 25 83 76,
Banwood EUR,,+34 627 57 06 44,administracion@banwood.com,Deporte y fitness,tienda_online,No Amazon V1,jose@libertyseller.com,,,Córdoba,1,106532,143,2.1,Shopify,https://banwood.eu,https://www.instagram.com/banwoodbikes,B56079262,sociedad,0,,info@banwood.com
Bicis Pina,Bicis Pina S.L.,+34 925 24 08 80,info@bicispina.com,Deporte y fitness,tienda_online,No Amazon V1,jose@libertyseller.com,,,Toledo,1,105921,1512,7.9,PrestaShop,https://www.bicispina.com,https://www.instagram.com/bicicletaspina,B45562295,,0,"+34 925 51 20 36; +34 926 11 31 43",
SkydiveShop.com,Service Contact Us Progressive Sky SLU,+34 644 27 15 47,info@skydiveshop.com,Deporte y fitness,tienda_online,No Amazon V1,jose@libertyseller.com,,,Bollullos de la Mitación,1,105004,266,3.2,Shopify,https://skydiveshop.com,https://instagram.com/skydiveshopcom,B56562663,,0,,sales@skydiveshop.com
Armería el Jabalí,,+34 644 60 51 86,644605186armeria@armeriaeljabali.es,Deporte y fitness,tienda_online,No Amazon V1,jose@libertyseller.com,,,Pozoblanco,1,104223,586,7.7,PrestaShop,https://www.armeriaeljabali.es,,30192296N,,0,+34 644 60 51 86,"armeria@armeriaeljabali.es; ajabali@outlook.com"
www.tiendahipicaonline.es,URVITEM SLU,+34 633 80 49 55,info@tiendahipicaonline.es,Deporte y fitness,tienda_online,No Amazon V1,jose@libertyseller.com,,,Córdoba,1,102073,849,7.9,PrestaShop,https://www.tiendahipicaonline.es,https://www.instagram.com/tiendahipicaonline,B13995071,,0,"+34 695 53 45 39; +34 854 72 65 65",
PitbikeGP,PitbikeGP Import S.L.U.,+34 605 25 27 86,info@pitbikegp.com,Deporte y fitness,tienda_online,No Amazon V1,jose@libertyseller.com,BOUSO GASALLA EVA,Administrador único,Burela,1,101281,449,8.3,PrestaShop,https://www.pitbikegp.com,https://www.instagram.com/pitbikegp_official,B42935593,,2,+34 982 10 79 00,
tuvalum,,+34 634 04 26 51,hola@tuvalum.com,Deporte y fitness,tienda_online,No Amazon V1,jose@libertyseller.com,,,Paterna,1,99357,138,7.3,Shopify,https://tuvalum.it,https://www.instagram.com/tuvalum,,,0,"+34 604 23 88 09; +34 917 90 97 38",
golf Driver,,+34 952 88 25 23,info@golfriendshop.com,Deporte y fitness,tienda_online,No Amazon V1,jose@libertyseller.com,,,,1,99018,932,9.7,PrestaShop,https://golfriends.es,https://www.instagram.com/golfriends,B92164177,sociedad,0,+34 952 88 23 23,
Equipassio,EQUIPASSIO PRODUCTOS EQUESTRES SL,+34 607 87 58 88,info@equipassio.com,Deporte y fitness,tienda_online,No Amazon V1,jose@libertyseller.com,,,,1,98452,7281,7.6,PrestaShop,https://www.equipassio.com,https://www.instagram.com/equipassio,B55135032,,0,"+34 972 28 22 76; +34 607 07 45 69",
www.flickhockey.com,FLICK HOCKEY SL,+34 937 88 48 62,info@flickhockey.com,Deporte y fitness,tienda_online,No Amazon V1,jose@libertyseller.com,CARRERA OLIVA JORGE,Administrador único,Terrassa,1,94718,2822,8.2,Shopify,https://flickhockey.com,https://www.instagram.com/flickhockey,B66773995,,1,"+34 602 22 41 87; +34 937 88 68 42",web@flickhockey.com
Tablas De Snowboard,OOH Space S.L.,+34 644 06 34 90,hola@tablasdesnowboard.es,Deporte y fitness,tienda_online,No Amazon V1,jose@libertyseller.com,HUERGO LACUNZA FERNANDO,Administrador único,,1,94265,219,8.3,PrestaShop,https://tablasdesnowboard.es,https://www.instagram.com/tablasdesnowboard.es,B86996816,,1,+34 644 09 37 11,
Scott Concept Store,"Cyclon Bike, S.L.",+34 976 97 33 13,cyclon@scottconceptstore.com,Deporte y fitness,tienda_online,No Amazon V1,jose@libertyseller.com,LUCIA ALTABA JORGE,Administrador único,Zaragoza,1,94039,511,7,PrestaShop,https://www.scottconceptstore.es,https://www.instagram.com/scottcyclonzaragoza,B99378960,,1,"+34 669 26 84 32; +34 690 24 13 81",
La Boutique del Pescador,,+34 690 86 14 84,info@laboutiquedelpescador.es,Deporte y fitness,tienda_online,No Amazon V1,jose@libertyseller.com,,,,1,91096,2493,7.5,PrestaShop,https://www.laboutiquedelpescador.es,https://www.instagram.com/laboutiquedelpescador,B45684453,,0,"+34 916 70 60 80; +34 926 97 79 23; +34 925 80 43 76",
CaranvaSports,Garantía CaranvaSports Caranva Sports SL,+34 699 63 16 13,info@caranvasports.com,Deporte y fitness,tienda_online,No Amazon V1,jose@libertyseller.com,,,Ciudad Real,1,89738,696,1.2,Shopify,https://www.caranvasports.es,https://www.instagram.com/caranva_sports,B75520114,,0,,
Sea You Barcelona,[NOMBRE COMPLETO /,+34 661 67 37 02,,Deporte y fitness,tienda_online,No Amazon V1,jose@libertyseller.com,,,Barcelona,1,87928,6,6.9,Shopify,https://seayoubarcelona.com,https://www.instagram.com/seayoubarcelona,,,0,,
SKATESPAIN,Skatespain Shop S.L.,+34 633 63 00 35,info@skatespain.com,Deporte y fitness,tienda_online,No Amazon V1,jose@libertyseller.com,GARRIDO GALDON JAVIER,Administrador solidario,Valencia,1,83854,3221,1.6,Shopify,https://skatespain.shop,https://instagram.com/skatespain_shop,B40540320,,2,,
mastoro.es,Rafael Monsálvez Pérez. Titular de Mastoro.es,+34 644 15 79 97,info@mastoro.es,Deporte y fitness,tienda_online,No Amazon V1,jose@libertyseller.com,,,,1,83514,334,8.4,PrestaShop,https://mastoro.es,https://www.instagram.com/mastorovalencia,22686828L,,0,+34 963 52 50 60,
TIENDA OFICIAL RACING DE FERROL,SMARTNET SL,+34 981 35 93 45,atc@smart-keting.com,Deporte y fitness,tienda_online,No Amazon V1,jose@libertyseller.com,BERNARD LILLO ALEJANDRO JOSE,Administrador solidario,Getafe,1,81364,217,3,Shopify,https://store.racingclubferrol.net,https://www.instagram.com/racingclubferrolsad,B86133360,sociedad,4,,"dpo@gfmservicios.com; rgpd@smart-keting.com; tienda.rcferrol@smart-keting.com"
www.stockbjj.com,STOCKBJJ S.L.,+34 629 73 65 20,info@stockbjj.com,Deporte y fitness,tienda_online,No Amazon V1,jose@libertyseller.com,CALDERON GONZALEZ SERGIO,Administrador solidario,Santiago de Compostela,1,81025,595,9.7,Shopify,https://www.stockbjj.com,,B05495163,,3,,
Tucano Bikes,Tucano Bikes SL,+34 611 63 37 03,info@tucanobikes.com,Deporte y fitness,tienda_online,No Amazon V1,jose@libertyseller.com,BUSTILLO SALCINES MARIA,Apoderado,Barcelona,1,77290,45,7.4,PrestaShop,https://www.tucanobikes.net,https://www.instagram.com/tucanobikes,B63665897,,1,"+34 911 30 51 54; +34 911 49 13 09; +34 912 19 21 16; +34 923 15 65 55; +34 937 36 46 40",sat@tucanobikes.com
Centro del Deporte .Com,,+34 644 23 25 00,info@centrodeldeporte.com,Deporte y fitness,tienda_online,No Amazon V1,jose@libertyseller.com,,,Palencia,1,76611,1266,9.7,PrestaShop,https://www.centrodeldeporte.com,https://www.instagram.com/centrodeldeportecom,E34225045,sociedad,0,,
LaBosch,Montaña MOTERRA SL,+34 938 79 25 52,web@labosch.es,Deporte y fitness,tienda_online,No Amazon V1,jose@libertyseller.com,,,Cardedeu,1,75819,403,10.5,Shopify,https://www.labosch.es,https://www.instagram.com/labosch.ebikeshops,B05384540,sociedad,0,,info@labosch.es
Aceza,Jonathan Carrillo Muñoz,+34 633 25 29 53,info@aceza.es,Deporte y fitness,tienda_online,No Amazon V1,jose@libertyseller.com,,,Madrid,1,75310,89,4.5,Shopify,https://aceza.es,https://www.instagram.com/aceza.esp,02294206W,,0,,"acezaesp@gmail.com; acezaesp@gmai.com; acezase@gmail.com; info@aceza.com"
www.climbingzone.es,,+34 942 10 19 64,info@climbingzone.es,Deporte y fitness,tienda_online,No Amazon V1,jose@libertyseller.com,,,Barcenilla de Piélagos,1,75140,48,9.4,PrestaShop,https://www.climbingzone.es,,72031693V,,0,,
ClinicTech Ⓡ,"NATURAL CLINICTECH, S.L.",+34 650 51 52 53,contacto@clinictech.es,Deporte y fitness,tienda_online,No Amazon V1,jose@libertyseller.com,GONZALEZ QUESADA BLANCA INMACULADA,Administrador único,Bilbao,1,74439,19,8.3,PrestaShop,https://clinictech.es,https://www.instagram.com/clinictech.es,,,2,+34 900 49 41 34,
Esqui,Outlet S.L.,+34 670 96 03 61,info@esqui-outlet.com,Deporte y fitness,tienda_online,No Amazon V1,jose@libertyseller.com,MIGUEL DIAZ AGUILERA,Administrador solidario,Solsona,1,73941,37,7.5,PrestaShop,https://esqui-outlet.com,https://www.instagram.com/esquioutlet,B25855735,,2,,
Dream Bike,MOTO RACING S.C.,+34 607 55 33 45,info@dreambike.es,Deporte y fitness,tienda_online,No Amazon V1,jose@libertyseller.com,,,,1,72820,517,7.5,PrestaShop,https://dreambike.es,https://www.instagram.com/ktmdreambike_,J09421934,sociedad,0,"+34 947 23 89 38; +34 607 55 33 45",
Excopesa,Integra Media Digital S.L.,+34 987 21 52 08,excopesa@excopesa.es,Deporte y fitness,tienda_online,No Amazon V1,jose@libertyseller.com,,,,1,70953,527,5.4,PrestaShop,https://www.excopesa.es,https://www.instagram.com/excopesa,A24271165,,0,,
Gonca Bass,Crank Norman Lures DD Rapala Scatter Lucky Craft CB,+34 651 33 30 26,gonca@goncabass.es,Deporte y fitness,tienda_online,No Amazon V1,jose@libertyseller.com,,,Madrid,1,69584,1706,8.9,PrestaShop,https://goncabass.es,,02542816M,,0,+34 913 11 13 43,
Comercial Casas,,+34 968 93 48 44,info@comercialcasas.com,Deporte y fitness,tienda_online,No Amazon V1,jose@libertyseller.com,,,,1,68588,10440,8.4,PrestaShop,https://comercialcasas.com,https://www.instagram.com/comercial_casas,22949326H,,0,,info@comercialcasas.es
Recambios Sanchez,ORBEA RISE SL,+34 956 70 17 95,info@recambiosanchez.com,Deporte y fitness,tienda_online,No Amazon V1,jose@libertyseller.com,,,Arcos de la Frontera,1,66348,222,9.7,PrestaShop,http://www.recambiosanchez.com,https://www.instagram.com/recambiosanchez,B11685492,,0,+34 691 32 77 00,
Aventura del Noroeste,DEPORTES Y AVENTURA DEL NOROESTE SL,+34 678 65 79 81,aventuradelnoroeste@gmail.com,Deporte y fitness,tienda_online,No Amazon V1,jose@libertyseller.com,,,,1,66099,1529,8.3,PrestaShop,http://www.aventuradelnoroeste.es,https://www.instagram.com/aventuradelnoroeste.es,B73658122,,0,,
bikeclub.es,"Iberian Bike Subscriptions, S.L.",+34 930 47 87 79,info@bikeclub.es,Deporte y fitness,tienda_online,No Amazon V1,jose@libertyseller.com,BDO ABOGADOS Y ASESORES TRIBUTARIOS SLP,Apoderado,Barcelona,1,64729,32,3.2,Shopify,https://bikeclub.es,https://www.instagram.com/bikeclub.es,B13682562,,5,,electrónico info@bikeclub.es
The Cut BMX,,+34 931 26 88 98,sales@thecutbmx.com,Deporte y fitness,tienda_online,No Amazon V1,jose@libertyseller.com,,,Barcelona,1,63609,1512,4.7,Shopify,https://thecutbmx.com,https://instagram.com/thecutbmx,,,0,,
Sklum,Sklum Home and Deco SL,+34 910 21 04 65,,Hogar y decoración,tienda_online,No Amazon V1,jose@libertyseller.com,OROVAL BERNAT JULIO,Apoderado,Valencia,1,5492145,1242,6.6,PrestaShop,https://www.sklum.com,https://www.instagram.com/sklum.welovedesign,B98845936,,2,+34 678 47 56 68,
Kenay,,+34 961 09 86 77,hola@kenayhome.com,Hogar y decoración,tienda_online,No Amazon V1,jose@libertyseller.com,,,Valencia,1,1006993,446,6.9,PrestaShop,https://kenayhome.com,https://www.instagram.com/kenayhome,B98355662,sociedad,0,"+351217009684; +34 960 61 22 22",
DECOWOOD,"DECOWOOD EUROPA, SL",+34 938 70 51 41,info@decowood.com,Hogar y decoración,tienda_online,No Amazon V1,jose@libertyseller.com,JIMENEZ JIMENEZ FERNANDO,Repr.143 Rrm,La Roca,1,533903,119,7.7,PrestaShop,https://decowood.com,https://www.instagram.com/decowood,B66479692,,1,+33374472085,info@decowood.es
Jané,"JANÉ, S.A.",+34 931 76 09 76,legal@groupjane.com,Hogar y decoración,tienda_online,No Amazon V1,jose@libertyseller.com,MENDEZ BERMEJO MONTSERRAT,Apoderado,,1,479178,105,7.7,PrestaShop,https://janeworld.com,https://www.instagram.com/janeproducts,,,5,+34 937 03 18 00,legal@groupjane.com
LUFE,Instagram Tik Tok Facebook Youtube Pinterest Contacto TODOLUFE S.L.,+34 943 81 07 95,info@muebleslufe.com,Hogar y decoración,tienda_online,No Amazon V1,jose@libertyseller.com,,,Aizarnazabal,1,460144,241,9.4,PrestaShop,https://muebleslufe.com,https://www.instagram.com/muebleslufe,B75104711,,0,,
Muebles BOOM,,+34 963 76 00 76,info@mueblesboom.com,Hogar y decoración,tienda_online,No Amazon V1,jose@libertyseller.com,,,Madrid,1,438620,282,7.4,PrestaShop,https://www.mueblesboom.com,,B47596861,sociedad,0,,online@mueblesboom.com
muy mucho,"HABITUS GLOBAL RETAIL, S.L.U.",+34 932 89 04 10,gerenciamuymucho@gmail.com,Hogar y decoración,tienda_online,No Amazon V1,jose@libertyseller.com,PEREZ BARRAGAN MANUEL JESUS JUAN,Administrador único,,1,389100,3687,5.1,Shopify,https://muymucho.com,https://www.instagram.com/muymucho,,,3,,"muymucho.gourie@gruponumero1.com; muymucho.laguna@gruponumero1.com; muymucho.val@bflgroup.ae; muymucho@binipreu.es"
molisandco,,+34 858 95 94 27,info@molisandco.com,Hogar y decoración,tienda_online,No Amazon V1,jose@libertyseller.com,,,Barcelona,1,363933,201,7.6,Shopify,https://molisandco.com,https://www.instagram.com/molisandco,,,0,"+34 910 17 72 66; +34 910 22 85 23; +34 911 27 41 04; +34 911 96 21 91; +34 912 26 47 44",
bainba.com,,+34 647 52 88 12,info@bainba.com,Hogar y decoración,tienda_online,No Amazon V1,jose@libertyseller.com,,,,1,356226,163,6.7,PrestaShop,https://bainba.com,https://www.instagram.com/bainba_es,B21704762,sociedad,0,+34 965 08 28 28,
CLIM Profesional,Clim Suministros Online SL,+34 901 00 18 04,clientes@climprofesional.com,Hogar y decoración,tienda_online,No Amazon V1,jose@libertyseller.com,GONZALEZ BURGOS JESUS,Administrador único,Salteras,1,343631,303,9.7,PrestaShop,https://www.climprofesional.com,https://www.instagram.com/climprofesional,B90108416,,2,,"cliente@climprofesional.com; info@climprofesional.com"
www.colchonclub.es,VLC Shopping Club S.L.,+34 963 36 52 31,info@colchonclub.es,Hogar y decoración,tienda_online,No Amazon V1,jose@libertyseller.com,TRAVIESO SUAREZ DAVID,Administrador único,,1,339512,367,9.7,PrestaShop,http://www.colchonclub.es,https://www.instagram.com/colchonclub.es,G85804011,sociedad,1,+34 671 95 07 06,
Merkamueble Online,,+34 955 54 30 44,ventasonline@merkamuble.com,Hogar y decoración,tienda_online,No Amazon V1,jose@libertyseller.com,,,Seville,1,335596,622,9.7,PrestaShop,https://merkamueble.com,https://www.instagram.com/merkamueble,G85804011,sociedad,0,,ventasonline@merkamueble.com
www.todoluz.es,"Centro de Iluminación Hiperdeluz, S.L.",+34 958 13 42 86,ventas@todoluz.es,Hogar y decoración,tienda_online,No Amazon V1,jose@libertyseller.com,MARIA DE LOS ANGELES JIMENEZ MARTIN,Apoderado,Madrid,1,323103,1336,8.3,PrestaShop,https://www.todoluz.es,https://www.instagram.com/todoluz.es,G85804011,,2,"+34 958 99 11 76; +34 952 24 50 10; +34 953 10 10 66; +34 957 10 82 38; +34 617 59 83 82",
Roble.Store,,+34 603 20 64 52,shop@mansnetwork.eu,Hogar y decoración,tienda_online,No Amazon V1,jose@libertyseller.com,,,Barcelona,1,300742,237,7.1,Shopify,https://roble.store,https://www.instagram.com/roble.store_,B67414110,sociedad,0,"+34 623 45 97 38; +34 661 35 85 36; +34 664 58 59 29; +34 935 18 25 55","info@roble.store; contact@mansnetwork.eu"
Tramas Home,,+34 854 62 26 45,posventa@tramas-home.com,Hogar y decoración,tienda_online,No Amazon V1,jose@libertyseller.com,,,Dos Hermanas,1,293568,1148,1.6,Shopify,https://tramas-home.com,https://www.instagram.com/tramas.home,B75267880,sociedad,0,+34 648 67 79 98,"posventa@tramasmas.com; protecciondedatos@tramasmas.com; sac.web@tramasmas.com"
Natulim,,+34 615 68 73 18,natulim@natulim.com,Hogar y decoración,tienda_online,No Amazon V1,jose@libertyseller.com,,,Arenys de Munt,1,290965,72,5.7,Shopify,https://natulim.com,https://www.instagram.com/natulim,B42864033,sociedad,0,,hr@natulim.com
Dormideo,,+34 964 80 09 09,info@dormideo.com,Hogar y decoración,tienda_online,No Amazon V1,jose@libertyseller.com,,,Vinaròs,1,285714,37,16.7,Shopify,https://www.dormideo.com,https://www.instagram.com/dormideo.es,B95767919,sociedad,0,"+34 680 56 43 32; +34 977 72 13 19; +34 689 75 26 21",
ClimaMania,"ClimaMania Sales Spain, SL",+34 608 33 10 50,climamania@climamania.com,Hogar y decoración,tienda_online,No Amazon V1,jose@libertyseller.com,RODRIGUEZ LAGOS JOSE LUIS,Administrador solidario,Barcelona,1,272497,599,8.2,PrestaShop,https://www.climamania.com,https://www.instagram.com/climamania,B66040577,,2,"+34 918 21 63 15; +34 933 28 24 21; +34 936 09 10 61; +34 962 03 03 44",
baezaonline.com,"Baeza, S.A.",+34 637 39 97 77,info@baeza-sa.com,Hogar y decoración,tienda_online,No Amazon V1,jose@libertyseller.com,BAEZA WEIL ALBERTO,Presidente / consejero delegado,Málaga,1,270358,10432,5.6,Shopify,https://baezaonline.com,,A92388776,,13,+34 951 91 91 21,baeza@baeza.com
www.decoracionbeltran.com,MUEBLES Y DECORACIÓN BELTRÁN SL,+34 692 64 87 95,info@decoracionbeltran.com,Hogar y decoración,tienda_online,No Amazon V1,jose@libertyseller.com,BELTRAN OLMEDO JOSE JAVIER,Administrador mancomunado,Castellón de la Plana,1,268287,2651,9.7,PrestaShop,https://www.decoracionbeltran.com,https://www.instagram.com/decoracionbeltran,B12813028,,2,+34 964 23 72 34,
Lightingspain,LIGHTINGSPAIN SLU,+34 673 47 62 48,hola@lightingspain.com,Hogar y decoración,tienda_online,No Amazon V1,jose@libertyseller.com,FEDERACION ESPAÑOLA DE ASOCIACIONES DE INDUSTRIALE,Administrador único,,1,264213,1587,9.4,PrestaShop,https://lightingspain.com,https://www.instagram.com/lightingspain,B98695786,,2,"+34 963 01 86 86; +34 963 01 86 80",orders@lightingspain.com
Lokoloko,"Garaje Gráfico, S.L.",+34 950 08 61 83,info@lokoloko.es,Hogar y decoración,tienda_online,No Amazon V1,jose@libertyseller.com,,,Huércal de Almería,1,261407,106,9.7,PrestaShop,https://www.lokoloko.es,https://www.instagram.com/lokolokoshop,B04652590,,0,,
MAXIFUNDAS,DOMAINET 2008 S.L.,+34 960 70 77 57,info@maxifundas.com,Hogar y decoración,tienda_online,No Amazon V1,jose@libertyseller.com,GIL DELEGIDO JOSE MARIANO,Administrador único,Ontinyent,1,259981,13,9.7,PrestaShop,https://www.maxifundas.com,https://www.instagram.com/maxifundas,B98428550,,1,,comercial@maxifundas.com
Lorena Canals,Lorena Canals SL,+34 934 73 03 71,customerserviceb2b@lorenacanals.com,Hogar y decoración,tienda_online,No Amazon V1,jose@libertyseller.com,ROMAN CAMPOS JOSE MANUEL,Apoderado,Sant Just Desvern,1,257469,1068,8.7,Shopify,https://lorenacanals.com,https://www.instagram.com/lorenacanalskids,B65606402,,2,,customerservice@lorenacanals.com
Noryk,,+34 601 01 19 46,hola@norykhome.com,Hogar y decoración,tienda_online,No Amazon V1,jose@libertyseller.com,,,La Villa de Don Fadrique,1,250317,411,7.4,PrestaShop,http://norykhome.com,https://www.instagram.com/noryk_home,B98856206,sociedad,0,+34 661 71 92 00,
Turris,"FAQ Turris Panem, S.L.",+34 933 68 29 70,atencio.client@turris.es,Hogar y decoración,tienda_online,No Amazon V1,jose@libertyseller.com,,,,1,239182,84,9.7,PrestaShop,https://turris.es,https://www.instagram.com/turrispanem,B64603194,,0,,
ALI Bebé,"Baby Universo, S.L.U.",+34 981 31 29 53,web@alibebe.es,Hogar y decoración,tienda_online,No Amazon V1,jose@libertyseller.com,ESPANTOSO GONZALEZ JOSE LUIS,Administrador solidario,,1,239068,7650,8.4,PrestaShop,https://alibebe.es,https://www.instagram.com/alibebe.es,B70065008,,4,+34 604 06 86 91,web@alibebe.es
hortum.es,Garden Hortum Designs S.L.,+34 662 63 76 85,info@hortum.es,Hogar y decoración,tienda_online,No Amazon V1,jose@libertyseller.com,IBAÑEZ PAYA HECTOR,Administrador único,El Campello,1,237009,343,8.6,PrestaShop,https://hortum.es,https://www.instagram.com/gardenhortum,B54790845,,1,"+34 691 01 12 04; +34 965 46 84 81; +34 674 65 91 40",
Happyfriday,"Denominación HAPPY FRIDAY, S.L.",+34 965 59 99 56,hola@happyfriday.es,Hogar y decoración,tienda_online,No Amazon V1,jose@libertyseller.com,,,Cocentaina,1,234157,750,8.6,Shopify,https://happyfridayhome.com,https://www.instagram.com/happyfridayhome,B54660980,,0,,
jardin202.com,,+34 626 83 41 73,jardin202@jardin202.com,Hogar y decoración,tienda_online,No Amazon V1,jose@libertyseller.com,,,Alcalá de Guadaíra,1,231781,1683,9.7,PrestaShop,https://jardin202.com,https://www.instagram.com/jardin202,B90219957,sociedad,0,+34 954 32 92 62,comercial@jardin202.com
GreenIce,,+34 912 90 75 21,info@greenice.com,Hogar y decoración,tienda_online,No Amazon V1,jose@libertyseller.com,,,Valmojado,1,224651,3217,9.7,Shopify,https://greenice.com,,B83253468,sociedad,0,"+34 600 12 34 56; +34 910 86 74 62",store@greenice.com.es
Muebles1click,JANA TU MUEBLE SL,+34 914 89 30 61,info@muebles1click.com,Hogar y decoración,tienda_online,No Amazon V1,jose@libertyseller.com,ROSAL AGUILAR JOSE ANTONIO,Administrador único,Madrid,1,218156,321,9.7,PrestaShop,https://muebles1click.com,https://www.instagram.com/muebles1click,B14887814,,1,+34 672 33 52 95,
GAULAN,,+34 910 61 25 20,info@gaulan.es,Hogar y decoración,tienda_online,No Amazon V1,jose@libertyseller.com,,,,1,208967,11675,9.2,PrestaShop,https://www.gaulan.es,https://www.instagram.com/gaulan_interiors,,,0,,
Comprar Colchones Online,"Nueva Abrest Spain, S.L.",+34 603 03 72 14,info@micolchon.com,Hogar y decoración,tienda_online,No Amazon V1,jose@libertyseller.com,GUERRERO JIMENEZ JACOBO,Administrador único,,1,197877,129,9.4,PrestaShop,https://www.micolchon.com,https://www.instagram.com/micolchon_spain,,,2,"+34 611 19 06 27; +34 620 12 93 75; +34 635 02 56 15; +34 673 21 81 92",web@micolchon.com
Keslem,FEELING STREET SL,+34 678 01 49 09,info@keslem.com,Hogar y decoración,tienda_online,No Amazon V1,jose@libertyseller.com,ENNA OMAR MOHAMED YESLEM,Administrador único,,1,189129,2312,7.5,PrestaShop,https://www.keslem.es,https://www.instagram.com/keslem_oficial,B54962501,,1,,shoponline@keslem.com
Shapes Decor,,+34 667 16 78 00,info@shapesdecor.com,Hogar y decoración,tienda_online,No Amazon V1,jose@libertyseller.com,,,Barcelona,1,187975,485,6.5,Shopify,https://shapesdecor.com,https://www.instagram.com/shapesdecor,,,0,,valeriaveneziani7@gmail.com
Marmota,ECOM DIGITAL FACTORY S.L.U.,+34 910 78 49 36,duerme@comounamarmota.com,Hogar y decoración,tienda_online,No Amazon V1,jose@libertyseller.com,GUTIERREZ BRUN MARIO,Apoderado,Barcelona,1,186889,39,6.1,Shopify,https://comounamarmota.com,https://www.instagram.com/colchonmarmota,B66590332,,6,"+34 910 78 53 45; +34 900 67 06 90",noduermo@comounamarmota.com
Natulim IT,,+34 684 23 93 97,natulim@natulim.it,Hogar y decoración,tienda_online,No Amazon V1,jose@libertyseller.com,,,Arenys de Munt,1,184445,39,3.9,Shopify,https://natulim.it,https://www.instagram.com/natulim.it,B42864033,sociedad,0,,"natulim@natulim.com; info@natulim.it"
Muemue,"MueMue Home, S.L.",+34 681 80 04 15,muemue@muemue.com,Hogar y decoración,tienda_online,No Amazon V1,jose@libertyseller.com,LLOPIS TORMO JUAN CARLOS,Administrador único,Xàtiva,1,181717,164,9,PrestaShop,https://www.muemue.com,https://www.instagram.com/espaciosmuemue,B09809443,,1,+34 607 78 07 54,sac@muemue.com
topdormitorios.com,Descanso Vip SL,+34 600 96 24 48,info@topdormitorios.com,Hogar y decoración,tienda_online,No Amazon V1,jose@libertyseller.com,CAMINERO HERVAS ISMAEL,Administrador solidario,,1,180688,739,8.5,PrestaShop,https://topdormitorios.com,https://www.instagram.com/top_dormitorios,B13584495,,2,+34 926 84 08 58,info@topdormitorios.com.com
Naan Furniture,NAAN FURNITURE SL,+34 687 06 90 97,customers@naanfurniture.com,Hogar y decoración,tienda_online,No Amazon V1,jose@libertyseller.com,GARCIA FERNANDEZ JOSE IGNACIO,Administrador único,Valencia,1,178436,127,8.2,Shopify,https://naanfurniture.com,https://www.instagram.com/naanfurniture,B40512733,,1,+34 626 29 28 85,"info@naanfurniture.com; sales@naanfurniture.com"
Fundas Bcn,"FUN DAS BCN, SL",+34 931 01 05 83,soporte@fundasbcn.com,Hogar y decoración,tienda_online,No Amazon V1,jose@libertyseller.com,MARIN SEGUR ARIANA,Administrador único,Barcelona,1,176602,184,8.5,PrestaShop,https://www.fundasbcn.com,https://www.instagram.com/fundasbcn,B65823221,,3,,
Andiar.com® Vinilos,,+34 695 10 58 48,info@andiar.com,Hogar y decoración,tienda_online,No Amazon V1,jose@libertyseller.com,,,,1,175278,636,8.3,PrestaShop,https://www.andiar.com,https://www.instagram.com/vinilosandiar,47423973C,,0,,
Sonpura,"LUIS SORIANO, S.A.",+34 937 88 94 04,sonpura@sonpura.es,Hogar y decoración,tienda_online,No Amazon V1,jose@libertyseller.com,SORIANO RUIZ LUIS,Presidente / consejero delegado,,1,174158,25,8.7,PrestaShop,https://www.sonpura.es,https://www.instagram.com/sonpuradescanso,A08608770,,14,,"privacidad@sonpura.es; sonpura@sonpura.es"
astideco.com,"Astigarraga Kit Line, S.L.",+34 943 06 06 52,hola@astideco.com,Hogar y decoración,tienda_online,No Amazon V1,jose@libertyseller.com,ASTIGARRAGA SASIAIN MARIA IZASKUN,Apoderado,Azpeitia,1,171578,37,6.1,PrestaShop,https://astideco.com,https://www.instagram.com/astikitline,B75128439,,3,,astigarraga@astikitline.es
Muebles LLuesma,,+34 601 30 45 57,info@muebleslluesma.com,Hogar y decoración,tienda_online,No Amazon V1,jose@libertyseller.com,,,Moncada,1,168251,16833,9.7,PrestaShop,https://www.muebleslluesma.com,https://instagram.com/muebleslluesma,B96257530,sociedad,0,,ventas@muebleslluesma.com
Wabi Home,,+34 960 13 54 65,hola@wabihome.com,Hogar y decoración,tienda_online,No Amazon V1,jose@libertyseller.com,,,,1,167221,396,7.4,Shopify,https://wabihome.com,https://www.instagram.com/wabihome,B40549057,sociedad,0,,
Pikolin Business,"PIKOLIN, S.L.",+34 976 30 58 14,business@pikolin.com,Hogar y decoración,tienda_online,No Amazon V1,jose@libertyseller.com,GONZALEZ GARCIA JOSE ANTONIO,Presidente / consejero delegado,Zaragoza,1,166519,64,4.5,Shopify,https://www.business.pikolin.com,https://www.instagram.com/pikolin,B50032200,,19,+34 976 30 08 74,dpo.pikolin@portalartico.es
AhorraClima,OPTIMAL MARKET CLIMA S.L.,+34 655 44 89 89,info@ahorraclima.es,Hogar y decoración,tienda_online,No Amazon V1,jose@libertyseller.com,LUQUE GOMEZ CIPRIANO,Administrador único,Barcelona,1,164528,504,9.7,PrestaShop,https://ahorraclima.es,https://www.instagram.com/ahorraclima,B09943432,,1,+34 930 13 19 21,clientes@sequra.es
▷ Bañoweb,,+34 673 57 36 54,info@banoweb.es,Hogar y decoración,tienda_online,No Amazon V1,jose@libertyseller.com,,,Dos Hermanas,1,163894,1303,9.7,PrestaShop,https://banoweb.es,https://www.instagram.com/banoweb.es,28593596L,,0,+34 954 32 37 96,nicoinfo@banoweb.es
cositaschulas.com,Héctor Puertas López,+34 680 72 28 38,info@cositaschulas.com,Hogar y decoración,tienda_online,No Amazon V1,jose@libertyseller.com,,,Madrid,1,163181,203,7.3,PrestaShop,http://cositaschulas.com,https://www.instagram.com/cositaschulasmadrid,50078851P,,0,,
allmobel.com,R. España (Allmobel,+34 931 76 00 08,info@allmobel.com,Hogar y decoración,tienda_online,No Amazon V1,jose@libertyseller.com,,,Alcorcón,1,159537,495,2.2,Shopify,https://allmobel.com,https://instagram.com/allmobel_spain,G79508701,,0,,incidencias@allmobel.com
Mobel K6,Velvet Muebles Torga S.L.,+34 658 67 05 37,info@mueblesmobelk6.es,Hogar y decoración,tienda_online,No Amazon V1,jose@libertyseller.com,,,Madrid,1,158372,209,8.3,PrestaShop,https://mueblesmobelk6.es,https://www.instagram.com/mueblesmobelk6,E78789112,,0,+34 914 50 88 92,
www.bigsofassycolchoness.com,Sofass Doble S SL,+34 620 62 78 31,comercial@sofass.com,Hogar y decoración,tienda_online,No Amazon V1,jose@libertyseller.com,ALFONSO JOSE VILLARROEL CARMONA,Administrador mancomunado,,1,157251,166,6.3,PrestaShop,https://www.bigsofassycolchoness.com,,B42990598,,4,,
fanmuebles,,+34 944 76 02 33,clientes@fanmuebles.com,Hogar y decoración,tienda_online,No Amazon V1,jose@libertyseller.com,,,Bilbao,1,156233,1425,9.7,PrestaShop,https://www.fanmuebles.com,https://www.instagram.com/fanmuebles,A48204689,,0,,
ciberdescans.com,,+34 613 50 15 26,info@ciberdescans.com,Hogar y decoración,tienda_online,No Amazon V1,jose@libertyseller.com,,,Benidorm,1,154230,1136,9.7,PrestaShop,https://ciberdescans.com,https://www.instagram.com/ciberdescans,B54307541,sociedad,0,+34 678 38 05 70,
capellina,,+34 693 64 78 08,capelinatocados@gmail.com,Hogar y decoración,tienda_online,No Amazon V1,jose@libertyseller.com,,,Córdoba,1,150835,1466,6.4,Shopify,https://www.capellina.es,https://www.instagram.com/p/Ddl3NeZiJwJ/,30986449K,,0,,
BowLift,,+34 707 69 03 92,support@bowlift.com,Hogar y decoración,tienda_online,No Amazon V1,jose@libertyseller.com,,,,1,150020,25001,5.1,Shopify,https://bowlift.com,,,,0,+34 747 66 83 41,hello@bowlift.com
Ofelia & Decor,OFELIA HOME DECOR SL,+34 679 04 96 63,web@ofeliahomedecor.com,Hogar y decoración,tienda_online,No Amazon V1,jose@libertyseller.com,MARIN SERRET ANDRES,Apoderado,Madrid,1,145132,320,7.8,PrestaShop,https://www.ofeliahomedecor.com,https://www.instagram.com/ofeliahomedecor,B44504983,,1,+34 679 04 96 63,info@franciscosegarra.es
Mamparas Blau,GLOBAL QUALITY ONLINE SL,+34 932 20 59 60,info@mamparas-ducha.es,Hogar y decoración,tienda_online,No Amazon V1,jose@libertyseller.com,RAMIREZ SASTRE CARLOS,Administrador único,Barcelona,1,144011,2449,9.7,PrestaShop,https://mamparas-ducha.es,https://www.instagram.com/mamparasblau,B13909049,,1,,
SIDIVANI,,+34 918 21 33 16,hola@si-divani.com,Hogar y decoración,tienda_online,No Amazon V1,jose@libertyseller.com,,,Madrid,1,142280,1387,11.6,Shopify,https://www.si-divani.com,https://www.instagram.com/sidivani__sofas,B87122891,sociedad,0,"+34 910 93 03 19; +34 919 30 25 89; +34 916 42 80 89; +34 915 27 62 62",hola@sidivani.com
Materiales Calefacción,,+34 916 96 61 83,administracion@materialescalefaccion.com,Hogar y decoración,tienda_online,No Amazon V1,jose@libertyseller.com,,,Getafe,1,141974,255,8.6,PrestaShop,https://www.materialescalefaccion.com,,,,0,+34 620 97 41 72,
www.climamarket.eu,,+34 961 19 18 98,support@climamarket.eu,Hogar y decoración,tienda_online,No Amazon V1,jose@libertyseller.com,,,Torrent,1,139734,38,9.4,PrestaShop,https://www.climamarket.eu,https://www.instagram.com/climamarket_eu,B98312366,sociedad,0,,
Rutes Hogar,"Diseño Web EL JINETE HOGAR, S.L.",+34 674 25 51 83,pedidos@ruteshogar.com,Hogar y decoración,tienda_online,No Amazon V1,jose@libertyseller.com,,,Jerez de la Frontera,1,134947,276,7.8,PrestaShop,https://ruteshogar.com,https://www.instagram.com/rutes_hogar,B11915915,,0,,
Piscinas Desmontables,,+34 924 95 12 04,info@piscinasdesmontables.com,Hogar y decoración,tienda_online,No Amazon V1,jose@libertyseller.com,,,,1,130669,1115,9.7,PrestaShop,https://www.piscinasdesmontables.com,https://www.instagram.com/piscinasdesmontables.com_,B06590913,sociedad,0,,
Muebles Valencia ®,,+34 912 62 90 80,grupointermobel@gmail.com,Hogar y decoración,tienda_online,No Amazon V1,jose@libertyseller.com,,,Móstoles,1,129447,687,9.7,PrestaShop,https://www.mueblesvalencia.es,https://www.instagram.com/mueblesvalencia_madrid,,,0,"+34 961 21 40 40; +34 655 95 40 40",
Mobel.Store,VESKOR Group Mobel SL,+34 604 17 74 55,shop@mobel.store,Hogar y decoración,tienda_online,No Amazon V1,jose@libertyseller.com,MARGARITA KORNEEVA,Administrador único,Las Rozas de Madrid,1,128327,250,3.4,Shopify,http://mobel.store,https://www.instagram.com/mobel_store_,B44625853,,2,+34 601 36 80 53,
Gasfriocalor.com,"DISTRIBUCIONES INTEGRALES Y EFICIENTES, S.L.",+34 919 01 62 07,atencionalcliente@gasfriocalor.com,Hogar y decoración,tienda_online,No Amazon V1,jose@libertyseller.com,PORTO ALARCON JUAN ANTONIO,Administrador único,Barcelona,1,126799,7251,7.1,PrestaShop,https://www.gasfriocalor.com,https://www.instagram.com/gasfriocalor,B86937471,,1,+34 633 80 43 64,
www.hogarymas.es,"ANAIAK APLISERVICIOS, S.L.",+34 688 74 41 37,info@hogarymas.es,Hogar y decoración,tienda_online,No Amazon V1,jose@libertyseller.com,,,Vitoria-Gasteiz,1,123846,9408,9.7,PrestaShop,https://www.hogarymas.es,https://www.instagram.com/hogarymasonline,B01301936,,0,+34 945 33 49 14,atencionalcliente@hogarymas.es
Accessoires pour lampes,,+34 672 13 40 00,info@accessoirespourlampes.fr,Hogar y decoración,tienda_online,No Amazon V1,jose@libertyseller.com,,,Barcelona,1,122624,376,7.4,PrestaShop,https://www.accessoirespourlampes.fr,https://www.instagram.com/accessoireslampes,B66730482,sociedad,0,,
La Quinta Vidal,MV Consulting and Investments SL,+34 673 74 08 57,pedidos@laquintavidal.com,Hogar y decoración,tienda_online,No Amazon V1,jose@libertyseller.com,VIDAL GARCIA MARIA DEL MAR,Administrador único,Gijón,1,121503,725,1.5,Shopify,https://laquintavidal.com,https://instagram.com/laquintavidal,B10523215,,1,,
lumina,Cosmo SL,+34 965 25 91 05,info@il-lumina.com,Hogar y decoración,tienda_online,No Amazon V1,jose@libertyseller.com,,,,1,120281,4210,5.4,PrestaShop,https://www.il-lumina.com,https://www.instagram.com/il_lumina_lighting,B53509816,,0,,pedidos@il-lumina.com
Vestatex,Celula SC,+34 621 20 12 48,info@vestatex.es,Hogar y decoración,tienda_online,No Amazon V1,jose@libertyseller.com,,,,1,118753,196,8.3,PrestaShop,https://vestatex.es,,B02827996,,0,+34 911 61 70 07,
Intermol,,+34 961 66 87 07,info@intermol.net,Hogar y decoración,tienda_online,No Amazon V1,jose@libertyseller.com,,,,1,117837,1100,4,PrestaShop,http://intermol.es,https://www.instagram.com/intermol_,B98777147,sociedad,0,+34 961 66 72 85,
dE.LENZO,DELENZO LINEN FROM EUROPE SL,+34 676 96 27 46,hola@delenzo.com,Hogar y decoración,tienda_online,No Amazon V1,jose@libertyseller.com,LLORENS MARTINEZ ELENA,Administrador único,Cocentaina,1,114634,776,7.5,Shopify,https://delenzo.es,https://www.instagram.com/de.lenzo,B01821115,,1,+34 966 95 43 45,pedidos@delenzo.com
ELEDCO,,+34 623 61 11 05,info@eledco.es,Hogar y decoración,tienda_online,No Amazon V1,jose@libertyseller.com,,,Girona,1,113503,73,5,Shopify,https://www.eledco.es,https://www.instagram.com/eledco_eu,B55369029,sociedad,0,,
Nicolasito.es,Nicolasito Decokids S.L.,+34 984 99 12 33,hola@nicolasito.es,Hogar y decoración,tienda_online,No Amazon V1,jose@libertyseller.com,LOPEZ JIMENEZ PATRICIA,Representan,Gijón,1,112337,436,9.7,Shopify,https://nicolasito.es,https://www.instagram.com/nicolasito.es,B87726584,,1,"+34 678 29 11 28; +34 985 17 22 67",tienda@nicolasito.es
www.exclusivasdelbebe.com,,+34 601 46 70 40,info@exclusivasdelbebe.com,Hogar y decoración,tienda_online,No Amazon V1,jose@libertyseller.com,,,Albacete,1,111918,1149,8.3,PrestaShop,https://www.exclusivasdelbebe.com,https://www.instagram.com/exclusivasbebe,A02240851,sociedad,0,+34 967 24 10 17,
HerrajesCocinaOnline.com,,+34 968 63 43 27,info@herrajescocinaonline.com,Hogar y decoración,tienda_online,No Amazon V1,jose@libertyseller.com,,,,1,111726,574,8.3,PrestaShop,https://www.herrajescocinaonline.com,https://www.instagram.com/herrajes_cocinas,B25946880,sociedad,0,,
Mallas Galbis,MALLAS GALBIS S.L.,+34 957 77 08 88,blas@mallasgalbis.es,Hogar y decoración,tienda_online,No Amazon V1,jose@libertyseller.com,CEFISA AUDITORES SLP,Otro cargo,,1,111115,109,8.3,PrestaShop,https://www.mallasgalbis.es,https://www.instagram.com/mallasgalbis,B14390421,,1,+34 957 77 27 10,"josemanuel@mallasgalbis.es; juancarlos@mallasgalbis.es; juanfernandez@mallasgalbis.es; martin@mallasgalbis.es; miguel@mallasgalbis.es"
Kion Home® — Muebles de diseño sostenible hechos en Barcelona,KION HOME S.L.,+34 687 50 55 64,hola@kionhome.com,Hogar y decoración,tienda_online,No Amazon V1,jose@libertyseller.com,NAVARRO MARTINEZ VICTOR FRANCISCO,Administrador único,Barcelona,1,110300,81,7.4,Shopify,https://www.kionhome.com,https://www.instagram.com/kion.home,B67364372,,1,+34 687 50 55 65,"administracion@kionhome.com; info@kionhome.com; hello@kionhome.com"
Rústico Colonial,RUSTICO COLONIAL MOBILIARIO S.L.,+34 634 31 31 36,info@rusticocolonial.es,Hogar y decoración,tienda_online,No Amazon V1,jose@libertyseller.com,LUIS GARCIA MOLES,Administrador solidario,,1,110096,2326,7,PrestaShop,https://www.rusticocolonial.es,https://www.instagram.com/rusticocolonial,,,2,+34 978 04 11 19,comercial@rusticocolonial.es
SUEÑOS ZZZ,Mobiliario Mayorga S.L.,+34 635 81 21 33,info@suenoszzz.com,Hogar y decoración,tienda_online,No Amazon V1,jose@libertyseller.com,MAYORGA CALVILLO DANIEL,Administrador solidario,Puerto Lápice,1,109485,48,8.5,PrestaShop,https://suenoszzz.com,https://www.instagram.com/suenoszzz,B13599634,,2,+34 650 52 22 25,
Decoración Alcazaba,,+34 697 43 11 00,info@decoracionalcazaba.com,Hogar y decoración,tienda_online,No Amazon V1,jose@libertyseller.com,,,Huétor Vega,1,108750,653,7.1,Shopify,https://decoracionalcazaba.com,https://www.instagram.com/decoracionalcazaba,,,0,,info@filosofers.com
www.colchonescondescuento.es,"GOMEZ Y MAGALLANES, S.L.",+34 610 19 83 25,info@colchonescondescuento.es,Hogar y decoración,tienda_online,No Amazon V1,jose@libertyseller.com,GOMEZ GOMEZ ANA MARIA,Administrador único,,1,107958,424,9.7,PrestaShop,https://www.colchonescondescuento.es,https://www.instagram.com/colchonescondescuento.es,B93168474,,3,"+34 952 00 02 12; +34 697 48 92 47",info@mueblesdecasa.net
ponjohnsonentuvida.es,"Componentes Eléctricos Mercaluz, S.A.",+34 865 67 27 36,info@ponjohnsonentuvida.es,Hogar y decoración,tienda_online,No Amazon V1,jose@libertyseller.com,BALLARIN RALUY MARIO,Presidente / consejero delegado,,1,107279,18,7.5,PrestaShop,https://ponjohnsonentuvida.es,https://instagram.com/ponjohnsonentuvida,A03204864,,12,,"atencioncliente@ponjohnsonentuvida.es; rgpd@easelectric.es; rgpd@mercaluz.com; rgpd@mercaluz.com."
ADoceVoltios,,+34 680 99 31 36,info@adocevoltios.com,Hogar y decoración,tienda_online,No Amazon V1,jose@libertyseller.com,,,Ajalvir,1,106634,3185,2.2,Shopify,https://adocevoltios.com,https://www.instagram.com/adocevoltios_iluminacion,B75382028,sociedad,0,,
almacenelectricidad.es,ACCESORIOS COMPLEMENTOS MECANISMOS SERIE LS SERIE CD SERIE SL,+34 626 28 00 12,info@almacenelectricidad.com,Hogar y decoración,tienda_online,No Amazon V1,jose@libertyseller.com,,,Madrid,1,106328,17642,9.7,PrestaShop,https://almacenelectricidad.es,,46856327Z,,0,,
Artesta,"Artesta Store, S.L.",+34 600 60 11 52,support@artestastore.com,Hogar y decoración,tienda_online,No Amazon V1,jose@libertyseller.com,BALAÑA ESPINOSA MARC,Apoderado,Barcelona,1,106226,3493,6.6,Shopify,https://artesta.de,https://www.instagram.com/artesta.store,B67503250,sociedad,3,,"info@artestaposters.com; info@artestastore.com; support@artestaposters.com"
Forestgreen,Agrobroker S.L.,+34 952 84 00 65,administracion@agrobroker.es,Hogar y decoración,tienda_online,No Amazon V1,jose@libertyseller.com,,,,1,105106,134,8.3,PrestaShop,https://www.forestgreen.es,https://www.instagram.com/forestgreen_by_agrobroker,B29514437,,0,,
Alsol,Contáctenos SLU,+34 648 71 55 68,info@alsol-espana.es,Hogar y decoración,tienda_online,No Amazon V1,jose@libertyseller.com,,,,1,102299,45,8.3,PrestaShop,https://www.alsol-espana.es,,B65861403,,0,"+34 900 10 50 93; +34 900 10 36 90",
Mersema,MERCADO SEGUNDA MANO SL,+34 916 37 76 04,mersema@mersema.es,Hogar y decoración,tienda_online,No Amazon V1,jose@libertyseller.com,TENDERO GONZALEZ ANA ISABEL,Administrador único,Las Rozas de Madrid,1,101734,232,6.9,PrestaShop,https://mersema.es,,B81176794,,2,+34 917 10 44 36,mersema@mersema.com
Arteluz,ARTELUCE S.L.,+34 625 59 90 59,info@arteluziluminacion.com,Hogar y decoración,tienda_online,No Amazon V1,jose@libertyseller.com,PASTOR DOMINGO JUAN JOSE,Administrador mancomunado,,1,98791,321,9.7,PrestaShop,https://arteluz.es,,B50454925,,3,"+34 976 33 70 81; +34 976 59 48 83; +34 976 73 03 44; +34 625 59 90 59","info@arteluziluminacion.es; mail:info@arteluziluminacion.com"
toldosymas.es,"PRODUCCIONES MITJAVILA, S.A.U.",+34 918 01 86 78,ventas@toldosymas.es,Hogar y decoración,tienda_online,No Amazon V1,jose@libertyseller.com,RAYMOND JEAN MITJAVILA,Presidente / consejero delegado,,1,94265,38,4.2,PrestaShop,https://toldosymas.es,https://www.instagram.com/toldosymas_,A17451873,,8,,
Papel Pintado Decorativo,Ángel Bernal Pérez,+34 637 66 95 92,info@papelesdecorativos.com,Hogar y decoración,tienda_online,No Amazon V1,jose@libertyseller.com,,,,1,92228,38925,9.7,PrestaShop,https://www.papelesdecorativos.com,https://www.instagram.com/papeles_decorativos,22648219G,,0,+34 963 77 15 14,pedidos@papelesdecorativos.com
KENZA & CO,ATLAS HERITAGE SL,+34 696 26 16 67,hola@kenzaandco.com,Hogar y decoración,tienda_online,No Amazon V1,jose@libertyseller.com,EL HALLAOUI BEN TABET MOHAMED,Administrador único,Boadilla del Monte,1,90530,557,7.6,Shopify,https://kenzaandco.com,https://www.instagram.com/kenzaandco,B88899505,,1,,customrug@kenzaandco.com
www.wanda-collection.es,Creación Epiphyte SL,+34 930 90 65 40,contacto@wanda-collection.es,Hogar y decoración,tienda_online,No Amazon V1,jose@libertyseller.com,,,,1,89625,327,8.3,PrestaShop,https://www.wanda-collection.es,https://www.instagram.com/wanda.collection,,,0,+34 884 69 07 10,contact@wanda-collection.es
Duérmete Online,,+34 935 14 21 14,ac.duermete@alfabh.com,Hogar y decoración,tienda_online,No Amazon V1,jose@libertyseller.com,,,,1,87136,45,8.5,PrestaShop,https://duermeteonline.com,https://www.instagram.com/duermeteonline,B88541230,sociedad,0,+34 935 14 21 14,as.duermete@alfabh.com
Swim.es,,+34 865 66 73 63,hola@swimhome.es,Hogar y decoración,tienda_online,No Amazon V1,jose@libertyseller.com,,,,1,86570,86,7.5,PrestaShop,https://swimhome.es,,B42568485,sociedad,0,,
Welt der Bäder SL,,+34 800 00 70 70,info@weltderbaeder.com,Hogar y decoración,tienda_online,No Amazon V1,jose@libertyseller.com,,,Palma,1,85099,1816,6.9,Shopify,https://weltderbaeder.com,https://www.instagram.com/weltderbaeder,B87416764,sociedad,0,"+43800007070; +4922735813109; +33975184650",contact@stano.fr
Poalgi,,+34 962 55 82 56,info@poalgi.com,Hogar y decoración,tienda_online,No Amazon V1,jose@libertyseller.com,,,Carlet,1,84420,916,3,Shopify,https://poalgi.com,https://www.instagram.com/poalgi,B12345678,sociedad,0,+34 960 73 06 16,info-pol@poalgi.com
Sagrera Canarias,"Sagrera Canarias, S. A",+34 922 64 77 51,web@sagreracanarias.es,Hogar y decoración,tienda_online,No Amazon V1,jose@libertyseller.com,,,San Cristóbal de La Laguna,1,83967,7003,9.7,PrestaShop,https://sagreracanarias.es,https://www.instagram.com/sagrera__canarias,A35022987,,0,,"facturacion@sagreracanarias.es; personal@sagreracanarias.es; web@sagreracanarias.es; l.bernardino@totaldat.es"
ibericadelcalor.es,Ibérica Del Calor SL,+34 620 97 41 70,info@ibericadelcalor.com,Hogar y decoración,tienda_online,No Amazon V1,jose@libertyseller.com,MARTINEZ PEREZ MARIA DE LOS ANGELES,Administrador único,Madrid,1,82496,6892,8.3,PrestaShop,https://ibericadelcalor.es,,,,2,"+34 918 87 01 54; +34 914 03 92 69; +34 914 03 23 11","info@repuestoscalefaccion.com; info@ribericadelcalor.com"
Slowdeco,ALICIA MARTÍNEZ CALVO DNI /,+34 674 28 06 73,atencionalcliente@slowdeco.es,Hogar y decoración,tienda_online,No Amazon V1,jose@libertyseller.com,,,Valencia,1,81930,2582,10.7,Shopify,http://slowdeco.es,https://www.instagram.com/slowdeco.es,53608527N,,0,,info@slowdeco.es
hosdecora.com,Hilton Europe S.L.,+34 662 00 11 86,info@hosdecora.com,Hogar y decoración,tienda_online,No Amazon V1,jose@libertyseller.com,,,Zaragoza,1,80414,2160,8.7,PrestaShop,https://hosdecora.com,https://www.instagram.com/hosdecora,B99471716,,0,+34 976 25 59 91,
Oviala,,+34 919 49 71 12,info@oviala.es,Hogar y decoración,tienda_online,No Amazon V1,jose@libertyseller.com,,,,1,80119,9,5.2,PrestaShop,https://www.oviala.es,https://www.instagram.com/oviala_es,,,0,+3434919497112,"dpo@innovaxe.fr; dpo@oviala.com"
www.elmundodelpapelpintado.com,MUNDO DEL PAPEL PINTADO,+34 698 15 61 46,info@elmundodelpapelpintado.com,Hogar y decoración,tienda_online,No Amazon V1,jose@libertyseller.com,,,,1,79893,1462,6.9,PrestaShop,https://www.elmundodelpapelpintado.com,https://www.instagram.com/elmundodelpapelpintadosl,B22648786,,0,,
Pummba,"NUBBA SPACES, S.L.",+33973034992,hola@pummba.com,Hogar y decoración,tienda_online,No Amazon V1,jose@libertyseller.com,VILA PICAS FERRAN,Consejero,Barcelona,1,79780,80,4.3,Shopify,https://www.pummba.com,https://instagram.com/pummba_es,B67834101,,12,"+34 900 67 01 82; +34 601 89 16 26",
La silla,,+34 976 23 58 05,info@la-silla.com,Hogar y decoración,tienda_online,No Amazon V1,jose@libertyseller.com,,,,1,79667,185,9.7,PrestaShop,http://la-silla.com,,17115218K,,0,,
Iluminación Coben,ILUMINACION COBEN S.L.,+34 618 22 27 73,ventas@iluminacioncoben.com,Hogar y decoración,tienda_online,No Amazon V1,jose@libertyseller.com,CONCA MOLLA JOSE ANTONIO,Administrador único,Xàtiva,1,78795,15255,9.7,PrestaShop,https://iluminacioncoben.com,https://instagram.com/iluminacioncoben,B98464530,,1,"+34 962 28 32 06; +34 625 67 64 00",
Dstilo,D’STILO SA,+34 651 86 62 34,web@dstilo.es,Hogar y decoración,tienda_online,No Amazon V1,jose@libertyseller.com,GONZALEZ MARTINEZ JUAN PEDRO,Presidente / consejero delegado,,1,78535,422,8.3,PrestaShop,https://dstilo.es,https://www.instagram.com/mueblesdstilo,A36633774,,9,"+34 660 48 46 05; +34 986 23 80 49",info@dstilo.es
Ceramicalia®,,+34 630 24 05 76,info@ceramicalia.com,Hogar y decoración,tienda_online,No Amazon V1,jose@libertyseller.com,,,,1,77290,642,6.6,PrestaShop,https://ceramicalia.com,https://www.instagram.com/ceramicalia.shop,G85804011,sociedad,0,,info@queramic.com
mifontaneria.es,"Fontanería y Saneamientos Grillo, S.L.",+34 955 94 24 33,grillo@mi-fontaneria.es,Hogar y decoración,tienda_online,No Amazon V1,jose@libertyseller.com,GRILLO PEÑA MARIA -ANGELES,Administrador solidario,Mairena del Alcor,1,76679,275,9.7,PrestaShop,https://mi-fontaneria.es,https://www.instagram.com/mifontaneria,B41708678,sociedad,2,,grillo@mifontaneria.es
Confort Liquidación,,+34 625 41 84 68,cliente@confortliquidacion.com,Hogar y decoración,tienda_online,No Amazon V1,jose@libertyseller.com,,,Novelda,1,76385,137,2.4,Shopify,https://confortliquidacion.com,https://www.instagram.com/confortliquidacion,B42850701,sociedad,0,"+34 965 60 64 63; +34 634 32 15 93",
Children's & Teenagers Lighting,DALBER S.L.,+34 965 56 13 15,protecciondatos@dalber.com,Hogar y decoración,tienda_online,No Amazon V1,jose@libertyseller.com,ALBERO HERNANDEZ ESTEBAN,Administrador solidario,Castalla,1,76181,151,8.9,PrestaShop,https://dalber.com,https://www.instagram.com/dalber_lighting,B03324258,sociedad,3,+34 965 56 13 15,shop@dalber.com
Ofiprix,"Ofiprix, S.L.",+34 900 90 07 50,info@ofiprix.com,Industrial y suministros,tienda_online,No Amazon V1,jose@libertyseller.com,,,,1,474844,456,7.2,PrestaShop,https://www.ofiprix.com,https://www.instagram.com/ofiprix.es,B61329645,,0,+34 902 12 00 00,
Rotula Tu mismo,,+34 644 14 67 62,info@rotulatumismo.com,Industrial y suministros,tienda_online,No Amazon V1,jose@libertyseller.com,,,,1,368821,518,9.7,PrestaShop,https://www.rotulatumismo.com,https://www.instagram.com/rotulatumismo,B98901366,sociedad,0,"+34 960 65 94 00; +34 919 99 79 11; +34 930 50 14 00",
Iguana Sell,Iguana Sell S.L.,+34 914 41 50 41,info@iguanasell.com,Industrial y suministros,tienda_online,No Amazon V1,jose@libertyseller.com,GOMEZ-ZORRILLA AMATE JOSE MARIA,Administrador único,Madrid,1,334521,3696,9.7,Shopify,https://www.iguanasell.com,https://www.instagram.com/iguana_sell,,,1,"+13474573787; +34 682 67 87 86",
Mastoner,,+34 611 82 11 11,info@mastoner.com,Industrial y suministros,tienda_online,No Amazon V1,jose@libertyseller.com,,,,1,317332,17194,5.6,Shopify,https://mastoner.com,,B85613487,sociedad,0,"+34 635 63 50 00; +34 667 66 70 01; +34 686 32 21 46; +34 833 15 91 67",
Mobiliario de Oficina Montiel,"GRUPO MONTIEL OFICINAS 2025, S.L.",+34 629 67 62 31,web@oficinasmontiel.com,Industrial y suministros,tienda_online,No Amazon V1,jose@libertyseller.com,NORBERTO GARCIA FERNANDEZ,Administrador único,Molina de Segura,1,304861,768,9.7,PrestaShop,https://www.oficinasmontiel.com,https://www.instagram.com/grupo_montiel_oficinas,B75797571,,1,+34 968 64 43 93,web@oficinasmontiel.com
QueCartucho.es,"Fasaworld, S.L.",+34 695 04 29 09,comercial@quecartucho.es,Industrial y suministros,tienda_online,No Amazon V1,jose@libertyseller.com,ORTEGA SERRA JAVIER,Administrador mancomunado,Canet de Mar,1,285884,12260,9.7,PrestaShop,http://quecartucho.es,https://www.instagram.com/quecartucho,B64713662,,3,+34 937 56 61 92,
SEAL Maquinaria,Sequra Worldwide S.A.,+34 672 70 55 59,seal@sealmaquinaria.com,Industrial y suministros,tienda_online,No Amazon V1,jose@libertyseller.com,SETH DAVID KRISTOFFER BACKSTROM,Presidente / consejero delegado,Mutilva,1,241445,400,8.3,PrestaShop,https://www.sealmaquinaria.com,https://www.instagram.com/seal_maquinaria,B31266042,,38,"+34 948 24 80 00; +34 678 60 67 20",clientes@sequra.es
dical.es,,+34 983 54 54 79,pedidos@dical.es,Industrial y suministros,tienda_online,No Amazon V1,jose@libertyseller.com,,,,1,239951,57,8.3,PrestaShop,https://dical.es,https://www.instagram.com/dicalpapel,A47604749,sociedad,0,,
The Gold House,,+34 644 47 24 16,info@thegoldhouse.com,Industrial y suministros,tienda_online,No Amazon V1,jose@libertyseller.com,,,,1,228092,252,7.8,PrestaShop,https://www.thegoldhouse.es,,B83231936,sociedad,0,+34 913 67 60 94,info@thegoldhouse.es
Farmadelicias,,+34 976 33 08 33,info@farmadelicias.com,Industrial y suministros,tienda_online,No Amazon V1,jose@libertyseller.com,,,Zaragoza,1,187704,1453,8.6,PrestaShop,https://www.farmadelicias.com,,72970356G,,0,,
BIG school,"BIGSEO ACADEMY, S.L.",+34 933 45 43 00,informacion@thebigschool.com,Industrial y suministros,tienda_online,No Amazon V1,jose@libertyseller.com,FONS ROJAS ROMUALD,Presidente / consejero delegado,Barcelona,1,177757,27,2.9,Shopify,https://thebigschool.com,https://www.instagram.com/thebigschool.oficial,B66958349,,9,+34 623 31 15 15,
TELECAJAS SHOP,"TELECAJAS A DOMICILIO, S.L.",+34 665 53 23 58,pedidos@telecajas.com,Industrial y suministros,tienda_online,No Amazon V1,jose@libertyseller.com,,,Seville,1,166429,124,9.7,Shopify,https://telecajas.com,https://www.instagram.com/telecajas,B41915521,,0,,orders@telecajas.com
ChaiseBureau365,DECO ONLINE S.L.,+33366881192,info@chaisebureau365.fr,Industrial y suministros,tienda_online,No Amazon V1,jose@libertyseller.com,,,Barcelona,1,159062,28,2.9,PrestaShop,https://chaisebureau365.fr,https://www.instagram.com/chaisebureau365,B65686651,,0,,
Ferretería y Suministros industriales Online. - Todoparalaindustria.com,,+34 667 40 91 98,info@todoparalaindustria.com,Industrial y suministros,tienda_online,No Amazon V1,jose@libertyseller.com,,,Molina de Segura,1,155520,9742,6.6,Shopify,https://todoparalaindustria.com,https://www.instagram.com/comercialindustrialgarciasa,A30035695,sociedad,0,+34 968 01 05 00,
www.todasoldadura.es,,+34 637 14 92 25,info@todasoldadura.com,Industrial y suministros,tienda_online,No Amazon V1,jose@libertyseller.com,,,,1,150631,112,4.1,PrestaShop,https://www.todasoldadura.es,,,,0,,
Moloon®,"Moloon Internacional Ribel Ideas, S.L.",+34 682 20 27 18,info@moloon.es,Industrial y suministros,tienda_online,No Amazon V1,jose@libertyseller.com,,,La Garriga,1,146150,1261,7.9,PrestaShop,https://www.moloon.es,https://www.instagram.com/moloon.es,B63009930,,0,+34 682 20 27 18,
Tienda Solar,,+34 960 62 82 52,info@tienda-solar.es,Industrial y suministros,tienda_online,No Amazon V1,jose@libertyseller.com,,,,1,140650,764,7.8,PrestaShop,https://tienda-solar.es,,B67909267,sociedad,0,"+34 962 28 15 46; +34 613 06 54 36",
Grupo Erik,Condiciones Generales de Venta de Grupo Erik Editores S.L.,+34 958 61 06 72,atencionalcliente@grupoerik.com,Industrial y suministros,tienda_online,No Amazon V1,jose@libertyseller.com,,,Murieta,1,128327,215,9.7,PrestaShop,https://grupoerik.com,https://www.instagram.com/grupoerik,B18454090,,0,,rgpd@grupoerik.com
Recreus,Recreus Industries S.L.,+34 865 77 79 66,info@recreus.com,Industrial y suministros,tienda_online,No Amazon V1,jose@libertyseller.com,GARCIA GARCIA IGNACIO,Presidente / consejero delegado,Elda,1,117531,34,8.7,Shopify,https://recreus.com,https://www.instagram.com/recreus3d,B54876479,,6,+2020091123,
Damia Solar,Damia Solar Electrosol Energia S.L.,+34 973 97 25 33,info@damiasolar.com,Industrial y suministros,tienda_online,No Amazon V1,jose@libertyseller.com,,,La Pobla de Segur,1,115596,259,9.7,PrestaShop,https://www.damiasolar.com,https://www.instagram.com/damiasolar,,,0,,admin@damiasolar.com
3Dfils.com,,+34 965 64 16 44,info@3dfils.com,Industrial y suministros,tienda_online,No Amazon V1,jose@libertyseller.com,,,Elche,1,114521,96,9.7,Shopify,https://3dfils.com,https://instagram.com/3dfils,B54925318,sociedad,0,,
naeco.com,Naeco S.L.,+34 985 67 84 61,info@naeco.com,Industrial y suministros,tienda_online,No Amazon V1,jose@libertyseller.com,FERNANDEZ GARCIA ANTONIO,Apoderado,San Martín del Rey Aurelio,1,107347,9,6.8,PrestaShop,https://naeco.com,https://www.instagram.com/naeco_group,B74182569,,3,"+34 675 99 50 66; +34 960 08 92 20","france@naeco.com; uk@naeco.com; usa@naeco.com"
latiendademetrodemadrid,"Metro de Madrid, S.A.",+34 917 79 63 98,dpd@metromadrid.es,Industrial y suministros,tienda_online,No Amazon V1,jose@libertyseller.com,RODRIGO DOMINGUEZ JORGE,Presidente / consejero delegado,Madrid,1,106735,182,9.7,Shopify,https://www.latiendademetrodemadrid.com,https://www.instagram.com/metro_madrid,A28001352,,196,,
Padis Store,,+34 914 46 76 60,padis@padisl5r.com,Industrial y suministros,tienda_online,No Amazon V1,jose@libertyseller.com,,,,1,106034,8066,7.6,PrestaShop,https://www.padis-store.com,https://instagram.com/teamnemesis_tcg,50772830P,,0,,v1l3m5fkgt7a5bb18qohurml64@group.calendar.google.com
mobiocasion.com,MOBIOCASION SLU,+34 667 33 15 14,info@mobiocasion.com,Industrial y suministros,tienda_online,No Amazon V1,jose@libertyseller.com,,,Albolote,1,99018,306,9.7,PrestaShop,https://mobiocasion.com,https://www.instagram.com/mobiocasion,B19678093,,0,"+34 911 09 27 00; +34 919 09 27 00",
Tiendadelasbolsas.es,Bolsas Juncaril SA,+34 958 46 79 44,info@bolsasjuncaril.com,Industrial y suministros,tienda_online,No Amazon V1,jose@libertyseller.com,BANDERAS LORO MERCEDES,Administrador solidario,,1,96528,46,9.5,PrestaShop,https://www.tiendadelasbolsas.es,,,,2,,
Ahorra en tinta,POLARIS MEDIA SL,+34 915 30 89 03,info@ahorraentinta.es,Industrial y suministros,tienda_online,No Amazon V1,jose@libertyseller.com,MARTIN CALERO JORGE,Administrador único,,1,94491,1622,6.3,PrestaShop,http://www.ahorraentinta.es,https://www.instagram.com/ahorraentinta,B86684461,,2,,info@ahorraentinta.com
Bürostuhl365,DECO ONLINE S.L.,+4920657083304,info@buerostuhl365.de,Industrial y suministros,tienda_online,No Amazon V1,jose@libertyseller.com,,,Barcelona,1,92567,27,2.9,PrestaShop,https://buerostuhl365.de,https://www.instagram.com/buerostuhl365,B65686651,,0,,
Tapacontadores desde 45€,,+34 937 86 44 72,info@tapacontador.com,Industrial y suministros,tienda_online,No Amazon V1,jose@libertyseller.com,,,,1,87475,11,4.2,PrestaShop,https://www.tapacontador.com,https://www.instagram.com/tapacontador,B56979578,sociedad,0,,
Tiendacartucho ®,Epson SureColor SC,+34 649 16 48 38,info@tiendacartucho.es,Industrial y suministros,tienda_online,No Amazon V1,jose@libertyseller.com,,,Badajoz,1,86683,12139,9.7,PrestaShop,https://www.tiendacartucho.es,,B06601322,,0,+34 924 24 93 17,pedidos@tiendacartucho.es
Ergonomika,,+34 934 19 50 66,admin@ergonomika.com,Industrial y suministros,tienda_online,No Amazon V1,jose@libertyseller.com,,,Sant Fruitós de Bages,1,79101,126,3.7,Shopify,https://ergonomika.es,https://www.instagram.com/ergonomika.es,B67463992,sociedad,0,+34 663 54 66 71,"info@ergonomika.com; info@ergonomika.cat; info@ergonomika.es"
www.procampo.net,"PROCAMPO DISTRIBUCIONES AGRICOLAS, S.L.",+34 976 59 80 04,procampo@procampo.net,Industrial y suministros,tienda_online,No Amazon V1,jose@libertyseller.com,CENIS REBOLLO LORENZO VICTOR,Administrador único,,1,78422,150,7.9,PrestaShop,https://www.procampo.net,,B99429946,,2,,
Bureaustoel365,DECO ONLINE S.L.,+31248080198,info@365bureaustoel.nl,Industrial y suministros,tienda_online,No Amazon V1,jose@libertyseller.com,,,Barcelona,1,77290,28,2.9,PrestaShop,https://365bureaustoel.nl,https://www.instagram.com/365bureaustoel,B65686651,,0,,
OCTÀGON DESIGN,"OCTÀGON DESIGN, S.L.",+34 630 60 37 48,octagon@octagon-design.com,Industrial y suministros,tienda_online,No Amazon V1,jose@libertyseller.com,MARIN CIURANA CARMEN,Administrador único,Girona,1,76928,172,5.8,Shopify,https://octagon-design.com,https://www.instagram.com/octagondesign,,,3,,hello@octagon-design.com
MiSello.es,"Segells de Cautxú Saperas, sociedad limitada",+34 672 91 29 27,info@misello.es,Industrial y suministros,tienda_online,No Amazon V1,jose@libertyseller.com,SAPERAS BERGA JORDI,Administrador único,Barcelona,1,75253,155,8.3,PrestaShop,https://www.misello.es,https://www.instagram.com/misello.es,B43396803,,1,+34 722 59 88 30,
Heller Maquinaria,"HELLER MAQUINAS HERRAMIENTA, S.L.",+34 965 43 00 14,hola@hellermaquinaria.com,Industrial y suministros,tienda_online,No Amazon V1,jose@libertyseller.com,MEDINA RAMON EVA,Apoderado,Alicante,1,74439,112,5.6,Shopify,https://hellermaquinaria.com,https://www.instagram.com/hellermaquinaria,B53721106,,1,,comunicacion@ferrotall.com
Hidraflex,"Hidraulica Flexible, S.L.",+34 682 46 01 88,,Industrial y suministros,tienda_online,No Amazon V1,jose@libertyseller.com,FERNANDEZ MONTERO ANGEL,Apoderado,Arganda del Rey,1,74190,22902,9.7,PrestaShop,https://www.hidraflex.com,,B80862667,,1,"+34 918 70 13 46; +34 918 71 02 23",
www.central-estilografica.com,ESPLUMAN S.L.,+34 692 95 55 83,bcn@central-estilografica.com,Industrial y suministros,tienda_online,No Amazon V1,jose@libertyseller.com,AUGUSTO CASSANELLO DO AMARAL,Administrador único,,1,72323,185,9.7,PrestaShop,https://www.central-estilografica.com,https://www.instagram.com/centraldelaestilografica,B66681396,sociedad,1,,
www.markamania.es,,+34 931 64 06 68,comercial@markamania.es,Industrial y suministros,tienda_online,No Amazon V1,jose@libertyseller.com,,,,1,70953,1232,5.3,PrestaShop,https://www.markamania.es,https://www.instagram.com/mk_markamania/,,,0,,comercial@markamania.net
FactoryOficina,FactoryOficina S.L.,+34 914 33 69 02,info@factoryoficina.com,Industrial y suministros,tienda_online,No Amazon V1,jose@libertyseller.com,DURO MERINO ISABEL,Administrador solidario,,1,70455,367,7.5,PrestaShop,http://www.factoryoficina.com,https://www.instagram.com/factoryoficina,B85772614,,2,"+34 925 04 94 08; +34 676 95 36 00",
CadeiraEscritorio365,DECO ONLINE S.L.,+351308806088,info@cadeiraescritorio365.pt,Industrial y suministros,tienda_online,No Amazon V1,jose@libertyseller.com,,,Barcelona,1,67717,28,2.9,PrestaShop,https://cadeiraescritorio365.pt,https://www.instagram.com/cadeiraescritorio365,B65686651,,0,,
ADNid,"ADN Sistemas de IDentificación, SL",+34 937 41 40 45,adn@adnid.com,Industrial y suministros,tienda_online,No Amazon V1,jose@libertyseller.com,MAS ESQUERRA LLUIS MARIA,Administrador único,,1,64356,1023,9.7,PrestaShop,https://adnid.com,https://www.instagram.com/adnidsl,B63446736,,2,,customer@adnid.com
MR WATT,,+34 649 58 21 60,info@mrwatt.eu,Industrial y suministros,tienda_online,No Amazon V1,jose@libertyseller.com,,,,1,63609,281,9.7,PrestaShop,https://www.mrwatt.eu,https://www.instagram.com/mrwattdiy,,,0,,
www.colourfox.com,,+34 675 90 71 98,info@colourfox.com,Industrial y suministros,tienda_online,No Amazon V1,jose@libertyseller.com,,,Barcelona,1,62489,435,9.7,PrestaShop,https://www.colourfox.com,https://www.instagram.com/colourfoxpaints,B71325492,sociedad,0,+34 931 17 17 87,admin@colourfox.com
www.polyfab3d.es,Venta a distancia en catálogo especializado,+34 610 98 11 24,info@polyfab3d.com,Industrial y suministros,tienda_online,No Amazon V1,jose@libertyseller.com,,,,1,61991,50,2.4,PrestaShop,https://www.polyfab3d.es,https://www.instagram.com/polyfab3d.es,,,0,+33413680351,
Tienda Embalajes,"HIPER DEL EMBALAJE, S.L.",+34 915 39 40 88,info@hiperembalaje.com,Industrial y suministros,tienda_online,No Amazon V1,jose@libertyseller.com,,,,1,60248,119,7.4,PrestaShop,https://tiendaembalajes.es,,B10686004,,0,,
Eolas Prints,,+34 942 73 59 55,support@eolasprints.com,Industrial y suministros,tienda_online,No Amazon V1,jose@libertyseller.com,,,Reocín,1,59128,91,9.7,Shopify,https://eolasprints.com,https://www.instagram.com/eolasprints,B39813605,sociedad,0,,info@eolasprints.com
MalagaPack .Com,,+34 660 69 06 35,info@malagapack.com,Industrial y suministros,tienda_online,No Amazon V1,jose@libertyseller.com,,,,1,59128,229,8.4,PrestaShop,https://malagapack.com,,B93548576,sociedad,0,"+34 951 59 25 93; +34 916 32 64 64; +34 952 27 68 45",
Ganga Electrónica,Sequra Worldwide S.A.,+34 650 14 68 37,info@gangaelectronica.es,Industrial y suministros,tienda_online,No Amazon V1,jose@libertyseller.com,SETH DAVID KRISTOFFER BACKSTROM,Presidente / consejero delegado,Seville,1,58754,33907,8.3,PrestaShop,https://gangaelectronica.es,https://www.instagram.com/gangaelectronica,B90160615,,38,,"arco@aplazame.com; clientes@sequra.es"
Selloa,,+34 642 00 52 96,hola@selloa.es,Industrial y suministros,tienda_online,No Amazon V1,jose@libertyseller.com,,,Castellón de la Plana,1,58007,125,5.9,Shopify,https://selloa.es,https://www.instagram.com/selloa,,,0,+34 641 98 86 03,hola.selloa@gmail.com
Fusión Energía Solar,"NUEVO CIRCULO, S.L.",+34 985 55 22 96,comercial@fusionenergiasolar.es,Industrial y suministros,tienda_online,No Amazon V1,jose@libertyseller.com,CALVO PORRAS GERARDO,Administrador solidario,,1,56627,498,8.3,PrestaShop,https://fusionenergiasolar.es,https://www.instagram.com/fusionenergiasolar,,,2,+34 669 71 51 55,"info@fusionenergiasolar.es; ventas@fusionenergiasolar.es"
Embalajes Terra,"Embalajes Terra, S.L.",+34 961 81 88 87,comercial@embalajesterra.com,Industrial y suministros,tienda_online,No Amazon V1,jose@libertyseller.com,INGLES PRIOR JOSE MIGUEL,Administrador único,,1,56355,357,9.7,PrestaShop,https://www.embalajesterra.com,https://www.instagram.com/embalajesterra,B98267677,,1,,legal@embalajesterra.com
comercialmendez.es,Talleres Méndez S.L.,+34 925 80 13 97,export@comercialmendez.es,Industrial y suministros,tienda_online,No Amazon V1,jose@libertyseller.com,VERA SANCHEZ ESTEFANIA,Administrador único,,1,56355,4540,7.6,PrestaShop,https://comercialmendez.es,https://www.instagram.com/comercial.mendez,B45060571,,2,"+34 925 82 02 53; +34 659 45 47 85",info@comercialmendez.es
Solda Electric,SoldaElectric Astur S.L.,+34 985 13 16 12,solda@soldaelectric.com,Industrial y suministros,tienda_online,No Amazon V1,jose@libertyseller.com,,,Gijón,1,56140,130,6.8,PrestaShop,https://www.soldaelectric.com,https://www.instagram.com/soldaelectric,B33813577,,0,+34 985 37 04 71,
Bürostuhl365,DECO ONLINE S.L.,+34 720 88 01 55,info@buerostuhl365.at,Industrial y suministros,tienda_online,No Amazon V1,jose@libertyseller.com,,,Barcelona,1,55540,28,2.9,PrestaShop,https://buerostuhl365.at,https://www.instagram.com/buerostuhl365,B65686651,,0,+43720880155,
Verdecora,"CIMODIN, S.L.",+34 916 36 28 32,verdecora@verdecora.es,Jardín y exterior,tienda_online,No Amazon V1,jose@libertyseller.com,DE ANGEL GIMENO FERNANDO,Administrador único,Leganés,1,1746299,457,7,PrestaShop,https://verdecora.es,https://www.instagram.com/verdecora,B86042306,,37,+34 679 61 47 50,
Grow Shop Growbarato,,+34 962 06 62 98,info@growbaratoweb.net,Jardín y exterior,tienda_online,No Amazon V1,jose@libertyseller.com,,,,1,497725,63,9.7,PrestaShop,https://www.growbarato.net,https://www.instagram.com/growbarato,B98767239,sociedad,0,,info@growbarato.net
Grow Shop Online Eurogrow,,+34 920 25 58 00,info@eurogrow.es,Jardín y exterior,tienda_online,No Amazon V1,jose@libertyseller.com,,,,1,439933,1417,9.7,PrestaShop,https://eurogrow.es,https://www.instagram.com/eurogrow.es_,B05247226,sociedad,0,+34 633 55 61 34,
FesMés,"FES MES SUBMINISTRES, S.L.U.",+34 937 65 75 42,web@fesmes.com,Jardín y exterior,tienda_online,No Amazon V1,jose@libertyseller.com,MIQUEL ESTEBA BECH DE CAREDA,Administrador único,Girona,1,346641,8003,6.3,PrestaShop,https://www.fesmes.com,https://www.instagram.com/fesmesbricolatge,B17702374,,1,"+34 938 78 40 50; +34 938 86 92 45; +34 972 27 39 92; +34 972 30 62 38","manresa@fesmes.com; olot@fesmes.com; palafolls@fesmes.com; palafrugell@fesmes.com; rgpd@fesmes.com"
Germigarden,GERMINOVA S.A.,+34 689 99 18 78,germigarden@germigarden.com,Jardín y exterior,tienda_online,No Amazon V1,jose@libertyseller.com,ALSINA GARSABALL MARIA TERESA,Administrador único,,1,258193,2268,9.7,PrestaShop,https://www.germigarden.com,https://www.instagram.com/germigarden,A20700019,,1,+34 689 99 18 78,hola@germigarden.com
www.plagasonline.es,Plagas Online SL,+34 691 42 00 83,contacto@plagasonline.com,Jardín y exterior,tienda_online,No Amazon V1,jose@libertyseller.com,MURUBE LEON FRANCISCO DE ASIS,Administrador único,Seville,1,226462,494,8.3,PrestaShop,https://www.plagasonline.es,https://www.instagram.com/plagasonline,B90035395,,1,,plagasonline@plagasonline.com
Vivergil,"Jardi de Jaroa, S.L.U.",+34 675 05 31 52,vivergil@gmail.com,Jardín y exterior,tienda_online,No Amazon V1,jose@libertyseller.com,,,,1,218235,148,6.7,PrestaShop,https://vivergil.es,https://www.instagram.com/vivergil,B55583553,,0,,
BirdGard Iberia,BirdGard Iberia Grupo Adler Ameise SL,+34 914 89 10 49,info@birdgard.es,Jardín y exterior,tienda_online,No Amazon V1,jose@libertyseller.com,,,,1,180982,110,8.6,PrestaShop,https://www.birdgard.es,,B85515989,sociedad,0,+34 914 89 10 49,
Growshop Online Tecnocultivo,,+34 961 23 14 95,info@tecnocultivo.es,Jardín y exterior,tienda_online,No Amazon V1,jose@libertyseller.com,,,,1,163260,1069,9.7,PrestaShop,https://tecnocultivo.es,https://www.instagram.com/tecnocultivo.es,B98672579,sociedad,0,,
RIEGOPRO,,+34 670 61 42 18,info@riegopro.com,Jardín y exterior,tienda_online,No Amazon V1,jose@libertyseller.com,,,,1,155497,180,9,PrestaShop,https://riegopro.com,https://www.instagram.com/riegopro,,,0,+34 952 17 40 16,info@riegoscostasol.com
No+Mosquitos,BOOKMEETING SLU,+34 966 10 53 33,info@nomasmosquitos.es,Jardín y exterior,tienda_online,No Amazon V1,jose@libertyseller.com,GONZALEZ NAVARRO MIGUEL ANGEL,Administrador único,,1,143400,347,9.7,PrestaShop,https://www.nomasmosquitos.es,https://www.instagram.com/nomasmosquitos,B54776810,,1,+34 645 06 40 64,info@nomasmoquitos.es
AGRIMAN,"AGRIMAN TECNOLOGIAS APLICADAS, S.L.",+34 697 10 47 35,info@agriman.es,Jardín y exterior,tienda_online,No Amazon V1,jose@libertyseller.com,TORRES GARCIA PEDRO JOSE,Administrador único,Manzanares,1,114578,1161,8.1,PrestaShop,https://agriman.es,https://www.instagram.com/agriman.es,B16695462,,1,+34 926 11 77 11,
GARDEN RIVAS,GARDEN RIVAS,+34 916 66 90 16,administracion@gardenrivas.com,Jardín y exterior,tienda_online,No Amazon V1,jose@libertyseller.com,,,,1,97773,2130,8.6,PrestaShop,https://gardenrivas.com,https://www.instagram.com/garden.rivas,02698531X,,0,+34 619 12 04 45,teayudamos@gardenrivas.com
Laos Garden,LAOS GARDEN C.B.,+34 916 30 04 15,laosgarden@laosgarden.com,Jardín y exterior,tienda_online,No Amazon V1,jose@libertyseller.com,,,,1,95283,2566,8,PrestaShop,https://www.laosgarden.com,https://www.instagram.com/laosgarden_,E84107275,,0,,laosgarden@yahoo.es
DesertSTORE.es,DESERT CITY SL,+34 662 39 58 17,desertstore@desertcity.es,Jardín y exterior,tienda_online,No Amazon V1,jose@libertyseller.com,GARCIA BRAVO MERCEDES,Administrador único,San Sebastián de los Reyes,1,90304,1808,7.6,Shopify,https://desertstore.es,,B86691474,,2,+34 647 34 76 65,
Endanea,ENDANEA ELKARTEA S.L.,+34 943 64 17 10,info@endanea.com,Jardín y exterior,tienda_online,No Amazon V1,jose@libertyseller.com,GONZALEZ GOICOECHEA MARIA JESUS,Administrador solidario,Hondarribia,1,81930,1140,9.7,PrestaShop,https://endanea.com,https://www.instagram.com/endaneagarden,B20718375,,2,,
laraflor.es,Vivero del Huerva S.L.,+34 976 30 82 36,ayuda@laraflor.com,Jardín y exterior,tienda_online,No Amazon V1,jose@libertyseller.com,,,,1,76804,438,8.3,PrestaShop,https://www.laraflor.es,,B99344459,,0,,
todohuertoyjardin.es,Agrojardin Sala S.L.,+34 605 80 27 94,info@todohuertoyjardin.es,Jardín y exterior,tienda_online,No Amazon V1,jose@libertyseller.com,,,,1,76057,549,8.3,PrestaShop,https://todohuertoyjardin.es,,,,0,+34 965 95 13 52,
CitySens,Citysens Designs SL,+34 606 19 77 13,hola@citysens.com,Jardín y exterior,tienda_online,No Amazon V1,jose@libertyseller.com,RIUS RUIZ XAVIER,Administrador único,Tarragona,1,72323,36,7.4,PrestaShop,https://www.citysens.com,https://instagram.com/citysens_garden,,,1,"+34 606 19 77 13; +34 945 27 28 47",info@habit.es
Grow Industry,GrowTarraco Distribuciones SLU,+34 603 46 95 19,info@growindustry.es,Jardín y exterior,tienda_online,No Amazon V1,jose@libertyseller.com,PARRA ROMAN EDGAR,Administrador único,Reus,1,65227,1552,4.9,Shopify,https://www.growindustry.es,https://www.instagram.com/growindustry.es,B55702401,,1,+34 627 77 08 31,
Talleres Castor,,+34 988 42 12 49,hola@tallerescastor.com,Jardín y exterior,tienda_online,No Amazon V1,jose@libertyseller.com,,,A Gudiña,1,63858,2577,9.6,Shopify,https://tallerescastor.com,https://www.instagram.com/tallerescastor,34628588H,,0,,tallerescastor@gmail.com
La Plantisserie,,+34 611 71 14 13,hola@laplantisserie.com,Jardín y exterior,tienda_online,No Amazon V1,jose@libertyseller.com,,,Barcelona,1,58630,168,4.1,Shopify,https://laplantisserie.com,https://www.instagram.com/laplantisserie.shop,,,0,,carlota@laplantisserie.com
Ecoterrazas,,+34 637 62 78 21,info@ecoterrazas.com,Jardín y exterior,tienda_online,No Amazon V1,jose@libertyseller.com,,,Gandia,1,55269,152,7.4,PrestaShop,https://www.ecoterrazas.com,https://www.instagram.com/ecoterrazas,,,0,+34 962 96 13 67,
www.agrobimer.es,"BIMER SYSTEMS, S.L.U.",+34 667 57 32 82,pedidos@agrobimer.es,Jardín y exterior,tienda_online,No Amazon V1,jose@libertyseller.com,CASTILLO TENDERO JUANA,Apoderado,,1,53368,183,8.9,PrestaShop,https://www.agrobimer.es,https://www.instagram.com/agrobimer.es,B02197317,,1,+34 967 75 59 07,info@agrobimer.es
Ant Dimension,,+34 667 04 81 77,info@antdimension.com,Jardín y exterior,tienda_online,No Amazon V1,jose@libertyseller.com,,,Alcalá de Guadaíra,1,47936,102,5.8,Shopify,https://antdimension.com,https://www.instagram.com/antdimension,,,0,,suppliers@antdimension.com
GARDEN CENTER FREDESVAL,GARDEN HAUSE ALBERT S.L.,+34 947 29 39 14,gardenhouse90@gmail.com,Jardín y exterior,tienda_online,No Amazon V1,jose@libertyseller.com,,,Burgos,1,46306,133,4.5,PrestaShop,https://gardencenterfredesval.es,https://www.instagram.com/gardencenterfredesval,B09250184,,0,+34 947 29 39 14,
www.bricomarian.com,Digital S.L.,+34 987 34 41 17,info@tubricomarian.com,Jardín y exterior,tienda_online,No Amazon V1,jose@libertyseller.com,PASCUAL GOMEZ MARGARITA,Otro cargo,León,1,44541,298,8.3,PrestaShop,https://www.bricomarian.com,https://www.instagram.com/tubricomarian,B24519233,,1,+34 987 34 31 17,
Su In Plas Decoraciones,,+34 639 82 25 55,info@alcalink.com,Jardín y exterior,tienda_online,No Amazon V1,jose@libertyseller.com,,,Guadalajara,1,42074,10035,8.9,PrestaShop,https://suinplas.com,https://www.instagram.com/suinplas,B19011634,sociedad,0,+34 949 21 23 20,info@suinplas.com
Iberogarden.com,SUMINISTROS IBEROGARDEN SL,+34 657 97 45 95,Iberogarden78@gmail.com,Jardín y exterior,tienda_online,No Amazon V1,jose@libertyseller.com,HORNERO CEJAS MARIA VALLE,Administrador único,,1,41486,360,9.7,PrestaShop,http://iberogarden.com,,B05359286,,1,+34 605 93 18 74,
Bonsai shop online,"Bonsái Pavía, SL",+34 965 18 97 07,info@bonsaipavia.es,Jardín y exterior,tienda_online,No Amazon V1,jose@libertyseller.com,GOMEZ MUÑOZ MARIA JOSE,Administrador único,,1,39573,960,9.7,PrestaShop,http://www.bonsaipavia.es,,,,1,+34 605 62 22 33,
www.transporterra.com,"Detalls TERRANIMA, SLU",+34 681 60 84 28,info@transporterra.com,Jardín y exterior,tienda_online,No Amazon V1,jose@libertyseller.com,,,,1,38838,85,8.3,PrestaShop,https://www.transporterra.com,https://www.instagram.com/transporterra,B09645730,,0,,
CultivoMiHuerto,,+34 955 31 00 32,info@cultivomihuerto.es,Jardín y exterior,tienda_online,No Amazon V1,jose@libertyseller.com,,,Los Palacios y Villafranca,1,35488,841,8.4,Shopify,https://cultivomihuerto.es,https://www.instagram.com/cultivomihuerto,,,0,+34 641 96 08 66,info@cultivomihuerto.com
Gardeneas,"AMASA SELLER, SLU",+34 693 28 87 44,ventas@gardeneas.com,Jardín y exterior,tienda_online,No Amazon V1,jose@libertyseller.com,PEREZ SOLA ALBERTO,Administrador único,Seville,1,33428,4878,9.7,Shopify,http://gardeneas.com,https://www.instagram.com/gardeneas,B90268830,,1,+34 693 28 84 77,"support@effectify.io; hola@gardeneas.com"
Fertibono,"FERTISIERRA, S.L.",+34 661 60 52 22,info@fertibono.com,Jardín y exterior,tienda_online,No Amazon V1,jose@libertyseller.com,,,Villamartín,1,32795,38,4.7,Shopify,https://fertibono.com,,B11836889,,0,,pedidos@fertibono.com
Hortalia,NITHEUS SOLUTIONS S.L.,+34 935 10 30 77,info@hortalia.net,Jardín y exterior,tienda_online,No Amazon V1,jose@libertyseller.com,CHAVARRIA DOMINGO JUAN,Administrador solidario,Manresa,2,29875,164,9.7,Shopify,https://hortalia.net,https://www.instagram.com/hortalia_,B66376021,,3,,
Totenart,ESBOZOS TOT EN ART SL,+34 963 91 72 65,comercial@totenart.com,Juguetes y juegos,tienda_online,No Amazon V1,jose@libertyseller.com,,,,1,911087,11130,9.7,PrestaShop,https://totenart.com,https://www.instagram.com/totenart,B97488019,sociedad,0,,"ventas@totenart.com; clientes@sequra.es"
Alda Joyeros,"ALDA JOYEROS, S.L.",+34 615 84 88 73,info@aldajoyeros.com,Juguetes y juegos,tienda_online,No Amazon V1,jose@libertyseller.com,ESTRADA REINA JUSTO,Administrador único,Madrid,1,463561,12,7.4,PrestaShop,http://www.aldajoyeros.com,https://www.instagram.com/aldajoyeros.es,B87430435,,1,+34 912 91 54 01,incidencias@aldajoyeros.com
OcCre,,+34 902 43 19 21,info@occre.com,Juguetes y juegos,tienda_online,No Amazon V1,jose@libertyseller.com,,,Mataró,1,443282,316,9.7,Shopify,https://occre.com,https://www.instagram.com/occremania,B63408967,sociedad,0,,occre@occre.com
www.pontejos.com,,+34 915 21 55 94,clientes@pontejos.com,Juguetes y juegos,tienda_online,No Amazon V1,jose@libertyseller.com,,,,1,342997,497,5.8,PrestaShop,https://www.pontejos.com,https://www.instagram.com/almacenpontejos,A28045151,,0,,"clientes@almacendepontejos.com; pontejos@pontejos.com"
juegoyjardin.com,,+34 635 54 02 06,info@juegoyjardin.com,Juguetes y juegos,tienda_online,No Amazon V1,jose@libertyseller.com,,,Sant Gregori,1,327947,2343,6.3,Shopify,https://juegoyjardin.com,https://www.instagram.com/juegoyjardin,40335803J,,0,+34 872 98 48 17,inf@juegoyjardin.com
POKEMILLON - La Tienda Pokémon,Reserva Federal de Naipes S.L.,+34 631 56 95 50,pedidos.pokemillon@gmail.com,Juguetes y juegos,tienda_online,No Amazon V1,jose@libertyseller.com,,,,1,291191,2396,4.9,Shopify,https://www.pokemillon.com,https://www.instagram.com/pokemillon,B13675632,,0,,"info.pokemillon@gmail.com; info@pokemillon.com"
todojuguete.es,"JUGUETES Y BARATIJAS MARTINEZ, S.L.U.",+34 964 20 37 33,info@todojuguete.es,Juguetes y juegos,tienda_online,No Amazon V1,jose@libertyseller.com,MARTINEZ MIRALLES LLEDO,Apoderado,,1,266556,585,8.6,PrestaShop,https://todojuguete.es,https://www.instagram.com/todojuguete_oficial,B12073524,,1,,
ALI Juguetes,,+34 981 32 20 00,web@alijuguetes.es,Juguetes y juegos,tienda_online,No Amazon V1,jose@libertyseller.com,,,Ferrol,1,253881,1650,9.7,PrestaShop,https://alijuguetes.es,https://www.instagram.com/alijuguetes,B15969215,sociedad,0,,"alijuguetes@alijuguetes.es; alijuguetes@grupoali.com; info@alijuguetes.es"
Le Mini Macaron Europe,,+34 902 04 49 44,infoeu@leminimacaron.com,Juguetes y juegos,tienda_online,No Amazon V1,jose@libertyseller.com,,,Barcelona,1,248054,416,10.5,Shopify,https://leminimacaron.eu,https://www.instagram.com/leminimacaronspain,B66923145,sociedad,0,+34 934 99 82 80,"info@leminimacaron.com; infoeu@leminimacaron.net; jobs@leminimacaron.com; info@leminimacaron.net"
Mathom,Isla de los Gatos Oceans Maracaibo It' s a,+34 673 80 68 98,info@mathom.es,Juguetes y juegos,tienda_online,No Amazon V1,jose@libertyseller.com,,,Sant Andreu de la Barca,1,244659,13312,9.7,PrestaShop,https://mathom.es,https://www.instagram.com/mathom_store,37387039X,,0,"+34 944 31 37 53; +34 669 56 23 49",
Kinuma,,+34 661 61 61 40,info@kinuma.com,Juguetes y juegos,tienda_online,No Amazon V1,jose@libertyseller.com,,,Barcelona,1,236692,2774,9.7,PrestaShop,https://kinuma.com,https://www.instagram.com/kinuma,B49791663,sociedad,0,+34 932 22 73 60,hola@kinuma.com
Dungeon Marvels,,+34 688 95 30 00,info@dungeonmarvels.com,Juguetes y juegos,tienda_online,No Amazon V1,jose@libertyseller.com,,,Barcelona,1,220691,28890,9.7,PrestaShop,https://dungeonmarvels.com,https://www.instagram.com/dungeonmarvels,B66045311,sociedad,0,+34 931 73 21 91,
Board Games Planetongames.com,JUEGOS PLANETON GAMES S.L.,+34 672 40 31 98,clientes@planetongames.com,Juguetes y juegos,tienda_online,No Amazon V1,jose@libertyseller.com,,,,1,200095,11208,9.7,PrestaShop,http://www.planetongames.com,https://www.instagram.com/planetongames_jon,B95487872,,0,"+34 902 10 33 66; +34 913 27 70 20","cuentanos@planetongames.com; cuentanos@planetogames.com"
Little Learners Toys,ELI ZETA SL,+19295478108,info@thelittlelearnerstoys.com,Juguetes y juegos,tienda_online,No Amazon V1,jose@libertyseller.com,NUZZI NICOLA,Administrador solidario,San Cristóbal de La Laguna,1,192332,447,2.9,Shopify,https://www.thelittlelearnerstoys.com,https://instagram.com/thelittlelearnerstoys,B76723121,,3,,
Misskits,Miss Kits S.L.,+34 932 53 14 04,info@misskits.com,Juguetes y juegos,tienda_online,No Amazon V1,jose@libertyseller.com,PEREZ BOU ALEXANDRE,Administrador único,Barcelona,1,173649,71,9.4,PrestaShop,https://www.misskits.com,https://www.instagram.com/miss_kits,B66196858,,2,"+34 909 91 09 11; +34 932 53 14 04; +34 978 97 99 80; +34 981 98 29 83; +34 984 98 69 88",
gucaonline.com,"MUÑECAS GUCA, S.L.",+34 965 56 57 86,administracion@munecasguca.com,Juguetes y juegos,tienda_online,No Amazon V1,jose@libertyseller.com,GUTIERREZ CAMPOS YOLANDA,Administrador único,,1,172834,54,7.8,PrestaShop,https://gucaonline.com,https://www.instagram.com/munecasguca,B54664164,,1,+34 660 86 42 42,eorders@munecasguca.com
Atlántica Juegos,Rafael Gómez Valero,+34 915 23 17 67,estrategia@atlanticajuegos.com,Juguetes y juegos,tienda_online,No Amazon V1,jose@libertyseller.com,,,Madrid,1,168353,8700,9.7,PrestaShop,https://www.atlanticajuegos.com,https://www.instagram.com/atlanticajuegos,B87689493,,0,+0123456789,"oficina@atlanticajuegos.com; tienda@atlanticajuegos.com"
Electro365,,+34 640 77 80 89,info@electro365.es,Juguetes y juegos,tienda_online,No Amazon V1,jose@libertyseller.com,,,,1,164584,339,9.6,PrestaShop,https://electro365.es,https://www.instagram.com/electro365es,B19708155,sociedad,0,+34 958 63 95 98,
Coches de Metal,Line SL,+34 619 00 90 90,clientes@cochesdemetal.es,Juguetes y juegos,tienda_online,No Amazon V1,jose@libertyseller.com,,,,1,159854,2597,7.5,PrestaShop,http://cochesdemetal.es,https://www.instagram.com/cochesdemetal,B26542274,,0,+34 941 58 74 75,lopd@cochesdemetal.es
TejidosOnline,,+34 645 26 75 17,tienda@tejidosonline.com,Juguetes y juegos,tienda_online,No Amazon V1,jose@libertyseller.com,,,Lebrija,1,158575,686,7.8,PrestaShop,https://www.tejidosonline.com,https://www.instagram.com/tejidos_online,75389185S,,0,,info@tejidosonline.com
Abracadabra Juguetes Online,"IMAGINESHOP, S.L.",+34 672 38 15 78,contigo@juguetesabracadabra.es,Juguetes y juegos,tienda_online,No Amazon V1,jose@libertyseller.com,CASTILLO CAMPOS PEDRO JULIO,Administrador solidario,,1,156844,108,7.2,PrestaShop,http://www.juguetesabracadabra.es,https://www.instagram.com/juguetes_abracadabra,B50977958,sociedad,3,,clientes@sequra.es
Juguetoon,,+34 953 64 20 45,no-reply@juguetoon.com,Juguetes y juegos,tienda_online,No Amazon V1,jose@libertyseller.com,,,Linares,1,153517,1295,7.3,PrestaShop,http://www.juguetienda.es,https://www.instagram.com/juguetoon,B11314168,sociedad,0,,
merceriasarabia.com,MERCERÍA SARABIA (LUCÍA DIZ BALLESTEROS,+34 686 99 86 77,tienda@merceriasarabia.com,Juguetes y juegos,tienda_online,No Amazon V1,jose@libertyseller.com,,,Vigo,1,149715,316,9.7,PrestaShop,https://merceriasarabia.com,https://www.instagram.com/merceria_sarabia,36133159K,,0,,
PiXELATOY,Pixelatoy Store S.L.,+34 644 98 24 89,info@pixelatoy.com,Juguetes y juegos,tienda_online,No Amazon V1,jose@libertyseller.com,JIMENEZ BENITEZ JESUS,Administrador único,,1,148085,1334,7.3,PrestaShop,https://www.pixelatoy.com,https://www.instagram.com/pixelatoy,B16680977,,1,,
La Postalera,Nombre PEREZ LACUEVA SL,+34 611 93 16 36,shop@lapostalera.es,Juguetes y juegos,tienda_online,No Amazon V1,jose@libertyseller.com,,,Valencia,1,138104,1058,6.8,Shopify,https://www.lapostalera.es,https://instagram.com/la_postalera,,,0,"+34 669 26 06 19; +34 672 62 51 76; +34 672 62 53 29",info@lapostalera.es
Jugaia,Mundigaia SL,+34 935 15 60 41,hola@jugaia.com,Juguetes y juegos,tienda_online,No Amazon V1,jose@libertyseller.com,GOMEZ SANCHEZ EVA MARIA,Administrador único,Sant Quirze del Vallès,1,134234,321,8,PrestaShop,https://www.jugaia.com,https://www.instagram.com/jugaiashop,B66289695,,1,,
Dolls.moe,,+34 639 13 23 11,dolls@dolls.moe,Juguetes y juegos,tienda_online,No Amazon V1,jose@libertyseller.com,,,Barcelona,1,128225,542,9.7,Shopify,https://dolls.moe,https://instagram.com/dollsmoe,46065800C,,0,,adolls@dolls.moe
donovillo.com,"Lanas Gayfil, S.L.",+34 657 18 40 88,hola@donovillo.com,Juguetes y juegos,tienda_online,No Amazon V1,jose@libertyseller.com,SANCHEZ GAY MANUEL,Administrador único,Terrassa,1,124966,159,7.7,PrestaShop,https://donovillo.com,https://www.instagram.com/don_ovillo,,,1,,
www.halldutissu.com,,+33475329219,contact@halldutissu.com,Juguetes y juegos,tienda_online,No Amazon V1,jose@libertyseller.com,,,,1,123031,170,8.3,PrestaShop,https://www.halldutissu.com,https://www.instagram.com/halldutissu,,,0,,
Londji,"Londji, SL",+34 932 50 42 57,help@londi.com,Juguetes y juegos,tienda_online,No Amazon V1,jose@libertyseller.com,,,Barcelona,1,119772,129,9.7,PrestaShop,https://londji.com,https://www.instagram.com/londji,B17777939,,0,"+34 972 57 05 24; +34 931 94 51 65","help@londji.com; hola@londji.com"
Art Escudellers,"ESCUDILLERS ART, S.L.U.",+34 934 12 68 01,online@artescudellers.com,Juguetes y juegos,tienda_online,No Amazon V1,jose@libertyseller.com,MOZAS BENITEZ ESTHER,Apoderado,Barcelona,1,117124,2819,8.3,PrestaShop,https://www.artescudellers.com,https://www.instagram.com/art_escudellers,B61435970,,1,,
Creative Escape Rooms,Sierra Leona SLL,+3143102866,CreativeEscapeRooms@gmail.com,Juguetes y juegos,tienda_online,No Amazon V1,jose@libertyseller.com,,,,1,110447,271,5.4,Shopify,https://es-creativeescaperooms.glopalstore.com,https://www.instagram.com/creativeescaperooms,,,0,+3527771069,phil@creativeescaperooms.com
caljoan.com,Teixits i Confeccions Mora S.L.,+34 937 75 02 35,shop@caljoan.com,Juguetes y juegos,tienda_online,No Amazon V1,jose@libertyseller.com,MORA HIDALGO ANNA,Administrador único,,1,109429,237,9.7,PrestaShop,https://caljoan.com,https://www.instagram.com/caljoan_com,B59096008,,2,,
www.muchastelas.com,,+34 640 08 47 84,telas@muchastelas.com,Juguetes y juegos,tienda_online,No Amazon V1,jose@libertyseller.com,,,Donostia-San Sebastian,1,108071,252,7.7,PrestaShop,https://www.muchastelas.com,https://www.instagram.com/muchastelas,72434933K,autonomo,0,+34 943 47 11 80,
BeyClub Shop,,+34 633 80 94 60,info@beyclubshop.com,Juguetes y juegos,tienda_online,No Amazon V1,jose@libertyseller.com,,,Tui,1,104902,373,5.7,Shopify,https://beyclubshop.com,https://instagram.com/bcshop.art,,,0,,company.bcshop@gmail.com
Diversal.es,"Diversal Toys, S.L.",+34 633 08 48 69,info@diversal.es,Juguetes y juegos,tienda_online,No Amazon V1,jose@libertyseller.com,MARTINEZ MONGE SERGIO,Administrador único,Alicante,1,102413,130,7.2,PrestaShop,https://diversal.es,https://www.instagram.com/diversal_es,B01865278,,1,+34 685 92 55 58,"info@info.com; hola@diversal.es"
Trozos y Telas Online,,+34 938 72 51 21,info@trozosytelas.com,Juguetes y juegos,tienda_online,No Amazon V1,jose@libertyseller.com,,,,1,98905,1332,9.7,PrestaShop,https://trozosytelas.com,https://www.instagram.com/trozosytelas,39338783C,,0,+34 679 84 78 52,
El Nucli,"NUCLI, CAU DE L'OCI S.L.",+34 934 11 03 79,atencionalcliente@elnucli.es,Juguetes y juegos,tienda_online,No Amazon V1,jose@libertyseller.com,,,Barcelona,1,91775,1060,4.2,Shopify,https://www.elnucli.es,https://www.instagram.com/elnucli,B65875346,,0,+34 690 19 90 94,"pedidos@elnucli.es; store@elnucli.es"
Blindbox Store,,+34 694 20 12 30,support@blindboxstore.com,Juguetes y juegos,tienda_online,No Amazon V1,jose@libertyseller.com,,,Madrid,1,90417,178,5.2,Shopify,https://blindboxstore.com,https://www.instagram.com/blindboxspain,B16430761,sociedad,0,,
Papel&Papel,,+34 941 26 33 89,hola@papelypapel.es,Juguetes y juegos,tienda_online,No Amazon V1,jose@libertyseller.com,,,Logroño,1,88946,292,8.3,PrestaShop,https://papelypapel.es,https://www.instagram.com/papelypapel.es,30572788S,autonomo,0,,
Hola Caracola,,+34 913 99 00 18,info@holacaracola.es,Juguetes y juegos,tienda_online,No Amazon V1,jose@libertyseller.com,,,Madrid,1,87815,5898,9.7,PrestaShop,https://holacaracola.es,https://www.instagram.com/jugueteriaholacaracola,,,0,,
ceramicapintadaamano.com,,+34 605 51 85 94,ceramicapintadamano@gmail.com,Juguetes y juegos,tienda_online,No Amazon V1,jose@libertyseller.com,,,La Cala del Moral,1,86909,83,6.9,Shopify,https://ceramicapintadaamano.com,https://www.instagram.com/laceramicapintadaamano,,,0,,
Gold Saucer Store,RONIN CORP ESPJ,+34 611 58 66 11,info@goldsaucerstore.com,Juguetes y juegos,tienda_online,No Amazon V1,jose@libertyseller.com,,,,1,82949,83,1.1,PrestaShop,http://goldsaucerstore.es,https://www.instagram.com/goldsaucerstore,,,0,,
Punto y Arte,Point and Art To Luca Rusu SL,+34 610 09 42 34,puntoyarte8@hotmail.com,Juguetes y juegos,tienda_online,No Amazon V1,jose@libertyseller.com,,,Santa Eulalia,1,81930,8782,5.6,Shopify,https://puntodecruzyarte.com,https://www.instagram.com/puntoyarteoficial,B67970863,,0,,
WoolDreamers,,+34 604 46 01 50,pedidos@wooldreamers.com,Juguetes y juegos,tienda_online,No Amazon V1,jose@libertyseller.com,,,Mota del Cuervo,1,79893,66,6.1,Shopify,https://wooldreamers.com,https://www.instagram.com/wooldreamers,B02664837,sociedad,0,,wooldreamers@gmail.com
Nosolorol,NOSOLOROL S.L.,+34 644 36 98 47,hola@nosolorol.com,Juguetes y juegos,tienda_online,No Amazon V1,jose@libertyseller.com,SUEIRO ABAD MANUEL JOSE,Administrador único,Madrid,1,78535,1306,9.3,PrestaShop,https://www.nosolorol.com,https://www.instagram.com/nosolorol,B87286894,,1,+34 912 55 70 03,atencionalcliente@nosolorol.com
frikimaz.es,,+34 660 81 94 61,info@frikimaz.es,Juguetes y juegos,tienda_online,No Amazon V1,jose@libertyseller.com,,,,1,78083,11006,2.2,PrestaShop,https://frikimaz.es,https://www.instagram.com/friki_maz,51942961Z,autonomo,0,,
Tandy Leather Europe,,+34 856 60 60 12,TLFHelp@tandyleather.com,Juguetes y juegos,tienda_online,No Amazon V1,jose@libertyseller.com,,,Jerez de la Frontera,1,77675,2134,8.9,Shopify,https://tandyleather.eu,https://www.instagram.com/tandyleather,,,0,+34 956 30 33 14,tlfhelp@tandyleather.com
www.lafabricadebordados.es,,+34 610 67 00 03,clientes@lafabricadebordados.es,Juguetes y juegos,tienda_online,No Amazon V1,jose@libertyseller.com,,,,1,76159,582,8.3,PrestaShop,https://www.lafabricadebordados.es,,,,0,,
topaztopaz.com,"Topaz Decoracion, S.L.",+34 913 59 94 15,cliente@topaztopaz.com,Juguetes y juegos,tienda_online,No Amazon V1,jose@libertyseller.com,RODRIGUEZ GUERRA FRANCISCO JAVIER,Administrador único,Madrid,1,75061,1545,9.7,PrestaShop,https://topaztopaz.com,https://www.instagram.com/bellas.artes.topaz,B82947490,,1,,
SONMO,,+34 971 61 25 41,infosm@sonmoragues.com,Juguetes y juegos,tienda_online,No Amazon V1,jose@libertyseller.com,,,Valldemossa,1,74461,106,3,Shopify,http://sonmo.es,https://www.instagram.com/sonmo,B85570653,,0,,"pedidos@sonmoragues.com; salessm@sonmoragues.com"
Sharkgames | Tienda de Warhammer,,+34 951 73 20 44,info@sharkgames.es,Juguetes y juegos,tienda_online,No Amazon V1,jose@libertyseller.com,,,,1,73669,4422,7.5,Shopify,https://sharkgames.es,https://www.instagram.com/sharkgamesoficial,B93542231,,0,+34 951 11 02 64,
comprartela.es,"Almacenes San Froilán, S.L.",+34 987 25 63 29,info@almacenessanfroilan.es,Juguetes y juegos,tienda_online,No Amazon V1,jose@libertyseller.com,GARCIA MARTINEZ EVA,Administrador único,,1,71327,667,8.3,PrestaShop,https://comprartela.es,https://www.instagram.com/almacenesanfroilan/,B67875807,,1,+34 636 07 43 46,"info@almacenessanfroilan.es; info@productostipicosregionales.es"
Master Of Games,"GUARIDA DEL DRAGON, S.L.",+34 606 81 60 46,info@masterofgames.es,Juguetes y juegos,tienda_online,No Amazon V1,jose@libertyseller.com,,,,1,69086,2580,4.9,PrestaShop,https://masterofgames.es,https://www.instagram.com/masterofgamesbilbao,B95984555,,0,,
Idealium,,+34 622 53 85 24,info@idealium.es,Juguetes y juegos,tienda_online,No Amazon V1,jose@libertyseller.com,,,Arroyomolinos,1,67343,110,6.5,Shopify,https://www.idealium.es,https://www.instagram.com/idealium,53456749B,,0,,"hola@idealium.es; administracion@idealium.es"
Jungla Kids,YOKAIA WOW S.L.,+34 605 33 97 31,hola@junglakids.es,Juguetes y juegos,tienda_online,No Amazon V1,jose@libertyseller.com,,,Esparreguera,1,64605,758,2.9,Shopify,https://junglakids.es,https://www.instagram.com/jungla.kids.shop,B66858457,,0,+34 848 06 06 61,
JuanjoGallery,Leather Gallery s.c.p.,+34 933 08 46 36,info@juan-jo.com,Juguetes y juegos,tienda_online,No Amazon V1,jose@libertyseller.com,,,Barcelona,1,62987,128,9.7,Shopify,https://juan-jo.com,https://www.instagram.com/juanjogallery,J64937675,,0,,
Bricks Madrid,Objetivo Soluciones S.L.,+34 917 55 25 77,tienda@bricksmadrid.com,Juguetes y juegos,tienda_online,No Amazon V1,jose@libertyseller.com,LESENECHAL ERIC FRANCOISE EMILE,Administrador único,,1,61991,360,5.7,Shopify,https://bricksmadrid.com,https://www.instagram.com/bricksmadrid,B87570628,,2,,tienda@bircksmadrid.com
Oh! Naif,,+34 986 13 66 17,info@ohnaif.com,Juguetes y juegos,tienda_online,No Amazon V1,jose@libertyseller.com,,,Vigo,1,60248,5629,9.2,Shopify,https://ohnaif.com,https://instagram.com/ohnaif,B86833035,,0,,
empiezadores.com,,+34 644 51 38 88,info@empiezadores.com,Juguetes y juegos,tienda_online,No Amazon V1,jose@libertyseller.com,,,Madrid,1,59071,1270,9.7,PrestaShop,http://www.empiezadores.com,https://www.instagram.com/empiezadores,05423196A,autonomo,0,"+34 914 37 64 99; +34 900 95 80 14",
Patitas&co,Vinculo Foods SL,+34 697 48 53 89,hello@patitasco.com,Mascotas,tienda_online,No Amazon V1,jose@libertyseller.com,CAÑELLAS GARCIA CLAUDIA,Administrador solidario,Madrid,1,1353849,1314,3,PrestaShop,https://patitasco.com,https://www.instagram.com/patitasco,B56197049,,3,"+34 672 72 63 06; +34 673 69 56 22; +34 637 19 50 34","comunicacion@patitasco.com; partners@patitasco.com; pedidos@patitasco.com; people@patitasco.com; hello@patitasandrescue.com"
Petso Store,,+380962726502,info@petso-store.com,Mascotas,tienda_online,No Amazon V1,jose@libertyseller.com,,,Náquera,1,641906,145,3.3,Shopify,https://petso-store.com,https://www.instagram.com/petso_shop,,,0,,
tQel dog trends,FIVEDOX S.L.,+34 644 43 33 10,hello@tqel.es,Mascotas,tienda_online,No Amazon V1,jose@libertyseller.com,,,,1,352028,186,8.2,Shopify,https://tqel.es,https://www.instagram.com/tqel,B84463868,,0,"+34 919 48 79 02; +34 915 45 26 58",
Superpet,"Superpet Punto Club, S.L.",+34 640 79 07 14,soporte@superpet.club,Mascotas,tienda_online,No Amazon V1,jose@libertyseller.com,,,,1,293805,342,9.7,PrestaShop,https://www.superpet.club,https://www.instagram.com/superpetclub,B39834510,,0,,soporte@superper.club
Barakaldo Vet Shop,TIENDA VETERINARIA PROMOCION Y DISTRIBUCION DE PRODUCTOS ZOOSANITARIOS S.L.,+34 680 39 16 05,info@barakaldotiendaveterinaria.es,Mascotas,tienda_online,No Amazon V1,jose@libertyseller.com,,,Barakaldo,1,282908,5027,8.7,PrestaShop,https://www.barakaldotiendaveterinaria.es,https://www.instagram.com/barakaldovetshop,B95785960,,0,+34 946 56 73 90,pedidos@barakaldotiendaveterinaria.es
Mascota Planet,Mascota Planet SL,+34 952 82 09 99,info@mascotaplanet.com,Mascotas,tienda_online,No Amazon V1,jose@libertyseller.com,,,Marbella,1,230038,311,9.7,PrestaShop,https://www.mascotaplanet.com,https://www.instagram.com/mascota_planet,B92643956,,0,+34 635 34 51 11,consultas@mascotaplanet.com
Acuario Plantado,ACUARIO PLANTADO S.L.,+34 699 88 49 20,contacto@acuarioplantado.com,Mascotas,tienda_online,No Amazon V1,jose@libertyseller.com,LOPEZ VILLARROYA IÑIGO,Administrador único,Pamplona,1,224176,871,8.5,PrestaShop,https://www.acuarioplantado.com,https://www.instagram.com/acuarioplantado,B71334551,,1,+34 948 59 41 10,
Palmar Logistica SL,,+34 925 83 75 20,hola@complementosparaaves.com,Mascotas,tienda_online,No Amazon V1,jose@libertyseller.com,,,Mascaraque,1,192966,293,9.7,PrestaShop,https://complementosparaaves.com,https://www.instagram.com/complementosparaaves,B45805884,sociedad,0,"+34 626 22 21 86; +34 689 85 82 35","info@tuempresa.com; pedidos@complementosparaaves.com"
Mascotas Ávila,,+34 672 02 81 55,info@mascotasavila.com,Mascotas,tienda_online,No Amazon V1,jose@libertyseller.com,,,Chiclana de la Frontera,1,176195,5281,7.6,Shopify,http://www.mascotasavila.com,https://www.instagram.com/mascotasavila,B11370244,sociedad,0,"+34 954 54 03 36; +34 955 80 93 95; +34 956 56 04 12; +34 956 90 02 10",reviews@mascotasavila.com
Mascoboutique,,+34 683 17 10 73,web@mascoboutique.com,Mascotas,tienda_online,No Amazon V1,jose@libertyseller.com,,,Madrid,1,169880,339,9.7,PrestaShop,https://mascoboutique.com,https://www.instagram.com/mascoboutique,B87651907,sociedad,0,+34 914 35 46 30,
Wild Balance,"EUROPEO DE DESARROLLO REGIONAL WILD CAPITAL PARTNERS, S.L.",+34 670 31 92 04,hola@wildbalance.es,Mascotas,tienda_online,No Amazon V1,jose@libertyseller.com,,,Valencia,1,168353,117,13.3,Shopify,https://wildbalance.es,https://instagram.com/wildbalancemascotas,B98995020,,0,+34 670 31 92 04,
"My Fish Room, S.L",,+34 951 13 01 53,info@myfishroom.es,Mascotas,tienda_online,No Amazon V1,jose@libertyseller.com,,,,1,156539,1006,8.3,PrestaShop,https://myfishroom.es,https://www.instagram.com/myfishroommalaga,B04971289,sociedad,0,,
Branni Pets,"BRANNI MILANO, S.L.",+34 931 48 64 85,hello@brannipets.com,Mascotas,tienda_online,No Amazon V1,jose@libertyseller.com,BRANNI SALINER NORA,Administrador solidario,Barcelona,1,155577,236,6.9,Shopify,https://brannipets.com,https://www.instagram.com/brannipets,B21926894,,2,,orders@brannipets.com
Catit España - Tienda oficial,ROLF C. HAGEN ESPAÑA S.A.,+34 687 22 87 83,info@catit.es,Mascotas,tienda_online,No Amazon V1,jose@libertyseller.com,MARTIN GONZALEZ JESUS ALEXIS,Consejero,,1,146863,250,8.4,Shopify,https://catit.es,https://www.instagram.com/catit.es,A97397434,,8,,
Alpha Spirit Store,,+34 968 47 63 58,support@aspiritpetfood.com,Mascotas,tienda_online,No Amazon V1,jose@libertyseller.com,,,Lorca,1,141058,225,6,Shopify,https://www.aspiritpetfood.store,https://instagram.com/alphaspiritofficial,A73721854,sociedad,0,,shop@aspiritpetfood.com
Animal Sapiens,"ANIMAL SAPIENS, SLU",+34 621 27 86 71,web@animalsapiens.cat,Mascotas,tienda_online,No Amazon V1,jose@libertyseller.com,RUT PEDRO CANO,Apoderado,Lleida,1,127512,6627,4.4,Shopify,https://animalsapiens.cat,https://www.instagram.com/animalsapiensoficial,B63902530,,2,,
plantasacuario.es,,+34 644 70 71 11,info@plantasacuario.es,Mascotas,tienda_online,No Amazon V1,jose@libertyseller.com,,,Murcia,1,112145,522,8.3,PrestaShop,https://plantasacuario.es,https://www.instagram.com/plantasacuario,48693061Z,,0,+34 668 82 40 75,
es.swedencare.com,"SWEDENCARE SPAIN, SL",+34 935 39 45 12,info@swedencare.es,Mascotas,tienda_online,No Amazon V1,jose@libertyseller.com,JENNY GRAFLIND,Administrador único,Mataró,1,108071,21,5.2,Shopify,https://es.swedencare.com,https://www.instagram.com/swedencarespain,,,6,,webb@swedencare.com
Interzoo,"PIENSOS MARI, S.L.",+34 671 14 99 16,info@alcalink.com,Mascotas,tienda_online,No Amazon V1,jose@libertyseller.com,,,,1,101507,1679,9.7,PrestaShop,https://interzoo.es,https://www.instagram.com/interzoo_oficial,B96600721,,0,"+34 961 59 01 14; +34 673 63 30 07",pedidos@interzoo.es
Scale area,,+34 622 73 92 00,scalearea.info@gmail.com,Mascotas,tienda_online,No Amazon V1,jose@libertyseller.com,,,Cartagena,1,95283,194,4.2,Shopify,https://www.scalearea.com,https://www.instagram.com/scale_area,,,0,,info@scalearea.com
Arcea,"Contáctanos ARCEA EUROSPORT, S.L.",+34 966 86 01 00,info@arcea.es,Mascotas,tienda_online,No Amazon V1,jose@libertyseller.com,,,,1,94718,300,6.9,PrestaShop,http://www.arcea.es,,B53321329,,0,,
fatyzoo.es,FÁTIMA SOLA OLIVERA,+34 661 61 62 46,fatyzoo2013@gmail.com,Mascotas,tienda_online,No Amazon V1,jose@libertyseller.com,,,,1,90757,340,6.8,PrestaShop,https://fatyzoo.es,,26243305Y,,0,,info@fatyzoo.es
Goldpet,,+351213239500,info@goldpet.es,Mascotas,tienda_online,No Amazon V1,jose@libertyseller.com,,,,1,77426,1458,3.2,PrestaShop,https://goldpet.es,https://www.instagram.com/goldpet.es,,,0,,"inf@goldpet.es; dirgeral@dgav.pt; dpo@goldpet.pt"
Petsworld,"PETS WORLD MARKET, SL",+34 965 72 08 30,info@petsworldmarket.es,Mascotas,tienda_online,No Amazon V1,jose@libertyseller.com,ROCAMORA SOTO VICTOR,Apoderado,,1,75367,1260,6.6,PrestaShop,https://www.petsworldmarket.com,https://www.instagram.com/petsworldmarket,B53901765,,1,"+34 965 72 08 30; +34 966 73 01 18; +34 966 92 77 66",administracion@petsworldmarket.es
VITAKE,,+34 667 67 83 39,vitake@vitake.net,Mascotas,tienda_online,No Amazon V1,jose@libertyseller.com,,,Zaragoza,1,73330,6,9.7,PrestaShop,https://www.vitake.net,https://www.instagram.com/_vitake_,B99065542,sociedad,0,+34 976 29 71 24,
Coral Reef Málaga,Sequra Worldwide S.A.,+34 952 43 29 50,info@coralreefmalaga.es,Mascotas,tienda_online,No Amazon V1,jose@libertyseller.com,SETH DAVID KRISTOFFER BACKSTROM,Presidente / consejero delegado,,1,69957,1324,8.3,PrestaShop,https://coralreefmalaga.es,https://www.instagram.com/sequra_es/,25084891X,,38,+34 601 11 43 31,
Petuxe,,+34 606 15 72 03,info@petuxe.com,Mascotas,tienda_online,No Amazon V1,jose@libertyseller.com,,,Sonseca,1,66970,38,5.4,Shopify,https://petuxe.com,https://www.instagram.com/petuxe.cosmetics,B45891512,sociedad,0,,
Urban Natura,Naturalis Insignia SL,+34 937 63 89 85,comercial@urbannatura.com,Mascotas,tienda_online,No Amazon V1,jose@libertyseller.com,FALCO LARA JUAN,Administrador único,Barcelona,1,65103,6839,7.5,PrestaShop,https://www.urbannatura.com,https://www.instagram.com/urbannatura_bcn,B66888090,,1,,
Disane pet care,,+34 619 45 69 44,info@disane.es,Mascotas,tienda_online,No Amazon V1,jose@libertyseller.com,,,Tajonar,1,62613,59,10.3,Shopify,https://disane.es,https://www.instagram.com/disanepetcare,B71011720,sociedad,0,,
HORSESITE S.L.,HORSESITE S.L.,+34 661 38 27 28,info@horsesite.es,Mascotas,tienda_online,No Amazon V1,jose@libertyseller.com,PAULET VAZQUEZ ALBERTO,Administrador único,,1,59501,173,5.4,PrestaShop,https://www.horsesite.es,,B42785790,,2,+34 911 54 06 20,
Gaherproga,,+34 979 71 39 56,pedidos@gaherproga.com,Mascotas,tienda_online,No Amazon V1,jose@libertyseller.com,,,,1,57985,202,9.7,PrestaShop,https://gaherproga.com,,B34037572,sociedad,0,,
VivePets Dog Resort,VIVEPETS HUB CENTRAL S.L.,+34 646 26 49 82,hola@vivepetresort.com,Mascotas,tienda_online,No Amazon V1,jose@libertyseller.com,VELA GOMEZ SANDRA,Administrador único,Las Rozas de Madrid,1,57713,98,6.5,Shopify,https://vivepetresort.com,https://www.instagram.com/vive.petresort,B67998104,,1,+34 641 58 11 89,info@vivepetresort.com
CannyCo Europe,,+34 622 40 86 88,eu@cannyco.com,Mascotas,tienda_online,No Amazon V1,jose@libertyseller.com,,,Cabezón de la Sal,1,51602,8,5.7,Shopify,https://cannyco.eu,https://www.instagram.com/cannycesko,X1732943P,,0,,info@cannyco.com
Mascotalandia,"Mascotalandia Aljarafe, SL",+34 955 12 68 73,info@mascotalandia.es,Mascotas,tienda_online,No Amazon V1,jose@libertyseller.com,DIAZ PONCE ANTONIO,Administrador solidario,Tomares,1,50788,110,7.7,PrestaShop,https://mascotalandia.es,https://www.instagram.com/mascotalandia_a,B91875153,,3,+34 626 12 93 02,
Dibaq,"Dibaq Diproteg, S.A.",+34 921 57 45 83,dibaq.petcare@dibaq.com,Mascotas,tienda_online,No Amazon V1,jose@libertyseller.com,CARLOS TEJEDOR LAZARO,Presidente / consejero delegado,,1,46171,72,9.7,PrestaShop,https://dibaqpetcare.com,https://www.instagram.com/dibaqpetcare,A78464773,,43,,dibaq.mascotas@dibaq.com
MascotAstur,,+34 984 18 68 07,admin@mascotastur.com,Mascotas,tienda_online,No Amazon V1,jose@libertyseller.com,,,,1,45310,168,9.7,PrestaShop,https://www.mascotastur.es,https://www.instagram.com/mascotastur,B74415704,sociedad,0,,"infomas@mascotastur.com; pedidos@mascotastur.com"
Firemouth Aquaristic,MANGROVE PROJECT SL,+34 647 29 99 36,firemouthaquaristic@gmail.com,Mascotas,tienda_online,No Amazon V1,jose@libertyseller.com,RUIZ MARTINEZ ZAIDA,Administrador único,Alicante,1,44541,1748,4.3,Shopify,https://firemouthaquaristic.com,https://www.instagram.com/firemouthaquaristic,B44604221,,1,+34 664 37 39 85,info@firemouthaquaristic.com
Collares para Perros,Francisco Romero Arenas,+34 643 40 02 44,info@collares-perros.es,Mascotas,tienda_online,No Amazon V1,jose@libertyseller.com,,,Ubrique,1,40897,344,9.3,PrestaShop,https://www.collares-perros.es,https://www.instagram.com/collaresperros,75744921X,,0,+34 956 46 26 09,
www.zocoanimal.com,"Mascotas Moñino, S.L.U.",+34 621 20 92 88,contacto@zocoanimal.com,Mascotas,tienda_online,No Amazon V1,jose@libertyseller.com,MIGUEL ANGEL MOÑINO BELCHI,Administrador único,"San Javier, Murcia",1,40750,7003,8.3,PrestaShop,https://www.zocoanimal.com,https://www.instagram.com/zocoanimal,B73908410,,1,,
Nayeco,"Nayeco, S.L.",+34 937 77 97 50,info@nayeco.com,Mascotas,tienda_online,No Amazon V1,jose@libertyseller.com,CAMPILLO PINAZO HUGO,Administrador mancomunado,,1,39132,76,9.7,PrestaShop,https://www.nayeco.com,https://www.instagram.com/nayeco_official,B60311131,,6,,protecciondedatos@nuzoa.com
jufor.net,,+34 640 04 01 74,juformundoanimal@gmail.com,Mascotas,tienda_online,No Amazon V1,jose@libertyseller.com,,,Torrelavega,1,37706,1238,7.8,Shopify,https://jufor.net,https://www.instagram.com/juformundoanimal,13937827B,autonomo,0,+34 942 89 06 16,
LaLeoneraPetShop,,+34 645 34 61 38,laleonerapetshop@gmail.com,Mascotas,tienda_online,No Amazon V1,jose@libertyseller.com,,,Haro,1,36778,1895,5.9,Shopify,https://laleonerapetshop.com,https://www.instagram.com/laleonera_petshop,,,0,,
Crude,"CANBIOS CO, S.L.",+34 644 12 72 07,info@wecrude.com,Mascotas,tienda_online,No Amazon V1,jose@libertyseller.com,PASCUAL RODRIGUEZ JOEL,Administrador solidario,Terrassa,1,36484,56,5.1,Shopify,https://www.thebrunch.es,,B70990791,,2,,
Voltregà,VOLTREGA TRADING SL,+34 938 50 91 39,store@voltrega.com,Mascotas,tienda_online,No Amazon V1,jose@libertyseller.com,CASALS RUAIX LLUIS,Administrador único,,1,36042,59,5.2,PrestaShop,https://voltrega.es,,B67555128,,3,+34 673 64 36 37,voltrega@voltrega.com
Todoanimal.es,,+34 673 25 86 71,info@todoanimal.es,Mascotas,tienda_online,No Amazon V1,jose@libertyseller.com,,,Chiclana de la Frontera,1,35601,5167,9.7,Shopify,https://todoanimal.es,https://www.instagram.com/todoanimal.es,B11370244,sociedad,0,"+34 956 00 76 00; +34 956 00 76 77; +34 672 02 81 55",
RoedoresPark,,+34 628 64 49 38,info@roedorespark.com,Mascotas,tienda_online,No Amazon V1,jose@libertyseller.com,,,,1,34537,425,9.7,PrestaShop,http://www.roedorespark.com,https://www.instagram.com/roedorespark_com,B87073375,sociedad,0,+34 916 37 00 73,
Tienda Happydog & Happycat,CECAPA CANTABRIA S.L.,+34 942 25 45 75,info@happydog.es,Mascotas,tienda_online,No Amazon V1,jose@libertyseller.com,GUTIERREZ REBOLLEDO PEDRO LUIS,Presidente / consejero delegado,,1,32953,104,6.8,PrestaShop,https://shop.happydog.es,https://www.instagram.com/happydog.es,B39826730,,7,+34 942 26 12 18,info@happydog.es
pataplash.com,"GRUPO BALTIA CANARIAS, S.L.",+34 822 66 22 21,info@pataplash.com,Mascotas,tienda_online,No Amazon V1,jose@libertyseller.com,MARTIN PEREZ CARMEN GLORIA,Administrador solidario,,1,31403,466,6,PrestaShop,http://pataplash.com,https://www.instagram.com/pataplash,B76818343,,3,+34 606 97 78 56,grupobaltiacanarias@gmail.com
NewMascota Baricentro,NMPETS SL,+34 931 29 60 17,info@newmascotabaricentro.es,Mascotas,tienda_online,No Amazon V1,jose@libertyseller.com,PIMENTEL SERENO AZUCENA,Administrador único,Barcelona,1,31063,1909,7.6,Shopify,https://newmascotabaricentro.es,https://www.instagram.com/newmascotabaricentro,B10562627,,1,,
LATIENDADECONMIPERRO.ES,,+34 663 49 35 61,tienda@CONMIPERRO.ES,Mascotas,tienda_online,No Amazon V1,jose@libertyseller.com,,,,1,30260,416,8.3,PrestaShop,http://latiendadeconmiperro.es,https://www.instagram.com/webconmiperro.es,45652333R,,0,,tienda@conmiperro.es
eki.es,S REINING SLIDING SP DOUBLE S REINING SLIDING SL,+34 616 95 52 01,eki@eki.es,Mascotas,tienda_online,No Amazon V1,jose@libertyseller.com,,,,2,29626,590,5.6,PrestaShop,https://eki.es,https://www.instagram.com/ekiherrajes,B20566659,,0,+34 943 69 60 47,
ANIMALSTAR,"ANIMALSTARPET, S.L.",+34 689 31 95 81,info@animalstar.es,Mascotas,tienda_online,No Amazon V1,jose@libertyseller.com,MARTIN VICARIO FERNANDO,Administrador solidario,,2,29026,140,4.1,PrestaShop,https://animalstar.es,https://www.instagram.com/animalstar_oficial,B72593122,,2,,
Barcinos Pet Store,Barcinos Alimentación Animal SL,+34 671 62 60 00,info.barcinos@gmail.com,Mascotas,tienda_online,No Amazon V1,jose@libertyseller.com,RAMOS VERA SANDRA,Administrador único,Madrid,2,28517,508,5.9,Shopify,https://barcinospetstore.com,https://www.instagram.com/barcinos.petstore,B75610311,,1,,
MasQueZoas,English Portugués Français Deutsch Italiano Aqua Artística Producciones S.L.,+34 686 77 87 86,info@MasQueZoas.com,Mascotas,tienda_online,No Amazon V1,jose@libertyseller.com,,,Calahorra,2,27499,370,9.7,PrestaShop,https://masquezoas.com,https://www.instagram.com/masquezoas,B87038105,,0,,info@aquartistica.es
Tujilguero,Grupo Anadistribuciones sl,+34 660 77 62 43,info@tujilguero.com,Mascotas,tienda_online,No Amazon V1,jose@libertyseller.com,MUÑOZ CHAPARRO ANA MARIA,Administrador solidario,Sant Jaume dels Domenys,2,25892,1725,9.7,Shopify,https://www.tujilguero.com,https://www.instagram.com/tujilguero,B55588651,,2,,
Grupanor,FERRETERIA S.L.,+34 916 56 17 48,grupacer@grupacer.com,Mascotas,tienda_online,No Amazon V1,jose@libertyseller.com,,,Madrid,2,24986,1154,5.4,Shopify,https://www.grupacer.com,https://www.instagram.com/grupanorcercampo.oficial,A81486797,,0,"+34 982 25 42 75; +34 987 26 17 96",
Masai Mara,CRISTIAN MOLLÁ MARTÍNEZ,+34 670 30 82 98,info@masaimara.es,Mascotas,tienda_online,No Amazon V1,jose@libertyseller.com,,,,2,24952,430,9.7,PrestaShop,https://masaimara.es,https://www.instagram.com/masaimarashop,48666160T,,0,+34 966 29 49 42,
Collares Perrunos,,+34 615 59 56 47,info@collaresperrunos.es,Mascotas,tienda_online,No Amazon V1,jose@libertyseller.com,,,,2,24217,254,4.2,PrestaShop,https://collaresperrunos.es,https://www.instagram.com/collaresperrunos.es,72135365M,,0,,
Animalujos,Nuevas Tecnologías S.L.,+34 623 00 38 30,pedidos@animalujos.com,Mascotas,tienda_online,No Amazon V1,jose@libertyseller.com,ESPINAGOSA SCHAFER LARS,Administrador único,Málaga,2,23538,129,5.5,PrestaShop,http://www.animalujos.com,https://www.instagram.com/animalujos,07955098L,,1,,animalujos@gmail.com
Guaumania,Enrique Molina Aragón,+34 609 16 15 71,info@guaumania.es,Mascotas,tienda_online,No Amazon V1,jose@libertyseller.com,,,,2,22814,17,2.9,PrestaShop,https://guaumania.es,https://www.instagram.com/guaumania.sevilla,,,0,+34 954 53 89 50,
Mundo Mascotas Martínez,Datos de Contacto Mundo Mascotas Martinez SL,+34 620 18 18 95,info@mundomascotasmartinez.es,Mascotas,tienda_online,No Amazon V1,jose@libertyseller.com,,,,2,21501,166,6.5,PrestaShop,https://www.mundomascotasmartinez.es,https://www.instagram.com/mundomascotasmartinez,B90041963,,0,+34 954 15 43 26,
Todo para su Mascota,,+34 628 46 12 80,info@todoparasumascota.net,Mascotas,tienda_online,No Amazon V1,jose@libertyseller.com,,,Almansa,2,21365,1729,6.4,PrestaShop,https://www.todoparasumascota.net,https://www.instagram.com/todoparasumascota2018,,,0,,
BULLSTYLE,,+34 670 42 25 35,contacto@bullstyles.com,Mascotas,tienda_online,No Amazon V1,jose@libertyseller.com,,,Alzira,2,20143,101,9.6,Shopify,https://bullstyles.com,,,,0,+34 960 05 52 48,contacto@bullstyle.es
PETBIÓTICOS,Identidad,+34 902 11 33 00,petbioticos@petbioticos.com,Mascotas,tienda_online,No Amazon V1,jose@libertyseller.com,,,Madrid,2,19011,7,3.1,Shopify,https://petbioticos.com,https://www.instagram.com/petbioticos,,,0,+34 647 04 71 11,
bigmascotas.com,BIG MASCOTAS SL,+34 618 37 18 12,info@bigmascotas.com,Mascotas,tienda_online,No Amazon V1,jose@libertyseller.com,,,Madrid,2,18106,102,9.7,PrestaShop,https://bigmascotas.com,https://www.instagram.com/bigmascotascom,,,0,+34 900 10 00 50,
www.caninetto.es,CANITEX S.C.P.,+34 932 50 61 63,contacto@caninetto.es,Mascotas,tienda_online,No Amazon V1,jose@libertyseller.com,,,Barcelona,2,17427,58,8.3,PrestaShop,https://www.caninetto.es,https://www.instagram.com/caninetto,J66862798,,0,,
BIMBAS BRAND,Sierra Leona SLL,+34 628 16 42 89,bedebimbashop@gmail.com,Mascotas,tienda_online,No Amazon V1,jose@libertyseller.com,,,Valencia,2,16974,268,1.6,Shopify,https://bimbasbrand.com,,23315542M,,0,,bimbasbrandshop@gmail.com
Barf Canarias,Barf Canarias,+34 607 85 72 75,hola@barfcanarias.es,Mascotas,tienda_online,No Amazon V1,jose@libertyseller.com,,,,2,16295,921,4.5,Shopify,https://barfcanarias.es,https://www.instagram.com/barfcanarias,,,0,"+34 637 10 61 95; +34 678 90 12 34; +34 928 12 34 56","hola@barfcanarias.com; info@barfcanarias.es"
puntoguauuu.es,Daniel Enrique Acosta Hasslund,+34 922 50 08 84,info@puntoguauuu.com,Mascotas,tienda_online,No Amazon V1,jose@libertyseller.com,,,,2,15164,150,5.8,PrestaShop,https://puntoguauuu.es,https://www.instagram.com/puntoguauuu,79072498Q,,0,+34 602 21 53 15,
Golden Cooper,,+34 633 78 23 49,info@goldencooper.com,Mascotas,tienda_online,No Amazon V1,jose@libertyseller.com,,,Madrid,2,14938,45,1.8,Shopify,https://goldencooper.com,https://www.instagram.com/goldencooper_es,72273603J,,0,,goldencoopermc@gmail.com
indartxu,INDARTXU ADIESTRAMIENTO S.L.,+34 605 30 59 00,store.indartxu@gmail.com,Mascotas,tienda_online,No Amazon V1,jose@libertyseller.com,CASTILLO VIERGE JUDIT,Administrador único,,2,13127,461,8.9,Shopify,https://indartxu.com,https://www.instagram.com/indartxustore,B01570191,,1,"+34 610 27 64 74; +34 645 73 74 05",store.indartxu@gmail.com
Teleperro Express,TELEPERROEXPRESS S.L.,+34 656 90 55 25,info@teleperroexpress.es,Mascotas,tienda_online,No Amazon V1,jose@libertyseller.com,,,,2,12901,585,6.6,PrestaShop,https://www.teleperroexpress.es,https://www.instagram.com/teleperroexpress,,,0,+34 952 86 33 30,
Todo Caballo,Birte Hornung,+34 623 10 06 22,todocaballo@gmail.com,Mascotas,tienda_online,No Amazon V1,jose@libertyseller.com,,,,2,12901,48,9.7,PrestaShop,https://todocaballo.com,https://www.instagram.com/todocaballo,X1608834F,,0,+34 623 10 06 22,
Galgos de competición,,+34 633 43 98 64,info@galgosdecompeticion.es,Mascotas,tienda_online,No Amazon V1,jose@libertyseller.com,,,,2,12222,167,6.8,PrestaShop,https://galgosdecompeticion.es,,,,0,,
Tienda de animales online,"AMI ANIMAL, S.L.",+34 672 73 88 52,info@alcalink.com,Mascotas,tienda_online,No Amazon V1,jose@libertyseller.com,,,Paterna,2,11316,475,9.7,PrestaShop,https://amianimal.com,https://www.instagram.com/amianimal_oficial,B98685530,,0,,info@amianimal.com
Super Doggy,I GANACAN GROUP SOCIEDAD LIMITADA,+34 694 29 37 41,info@superdoggy.es,Mascotas,tienda_online,No Amazon V1,jose@libertyseller.com,,,Galapagar,2,10864,99,5.2,Shopify,https://superdoggy.es,https://instagram.com/superdoggy_es,B19994136,,0,,info@mrdoggy.es
www.piensosdecan.com,Juan Francisco Pérez Borrallo,+34 619 82 75 84,piensosdecan@gmail.com,Mascotas,tienda_online,No Amazon V1,jose@libertyseller.com,,,Madrid,2,10864,172,8.3,PrestaShop,https://www.piensosdecan.com,https://www.instagram.com/piensos_decan,50984493W,,0,,
yerbero.es,Yerbero Sl,+34 646 24 54 09,info@yerbero.es,Mascotas,tienda_online,No Amazon V1,jose@libertyseller.com,MIRAVE UDINA MERCEDES,Administrador solidario,,2,10637,27,5.4,PrestaShop,https://yerbero.es,https://www.instagram.com/yerbero.es,B22002604,,3,"+34 974 21 88 88; +34 646 25 54 09",informacion@yerbero.es
mascotasol.com,"Farmavic Dogness Earth Rated Ecuphar Ediciones Susaeta, S.A.",+34 950 15 29 26,info@mascotasol.com,Mascotas,tienda_online,No Amazon V1,jose@libertyseller.com,,,Almería,2,10411,1362,8.9,PrestaShop,https://mascotasol.com,https://www.instagram.com/mascotasoltienda,B04453189,,0,,
Galitó,"BELENUS NUTRITION, S.L.",+34 630 09 65 64,accounts@galitopinsos.com,Mascotas,tienda_online,No Amazon V1,jose@libertyseller.com,ROCA TRULL JOAN,Presidente / consejero delegado,Sant Joan de Vilatorrada,2,9958,25,9.7,Shopify,https://galitopinsos.com,https://www.instagram.com/galitopinsos,B55735468,,7,+34 659 50 19 00,info@galitopinsos.com
Horsix,"HORSE FEEDING SOLUTIONS, S.L.",+34 654 92 94 16,info@horsix.com,Mascotas,tienda_online,No Amazon V1,jose@libertyseller.com,,,,2,9279,209,1.8,Shopify,https://horsix.com,https://www.instagram.com/horsix_,B75401877,,0,"+351912832769; +34 645 74 64 93; +351914910697",
Pethijos,,+34 630 21 89 67,hello@pethijosworld.com,Mascotas,tienda_online,No Amazon V1,jose@libertyseller.com,,,Barcelona,2,9053,6,1.7,Shopify,https://pethijosworld.com,https://instagram.com/pethijosworld,,,0,,pethijosworld@gmail.com
Tent Up Aktivas,,+34 670 67 16 48,info@tentupaktivas.com,Mascotas,tienda_online,No Amazon V1,jose@libertyseller.com,,,"Falset, Tarragona",2,8691,28,9.7,PrestaShop,https://tentupaktivas.com,,,,0,+34 977 83 18 94,
Piensa en Pienso,Comercial Veterinaria Leonesa S.L.,+34 696 53 27 46,consulta@piensaenpienso.es,Mascotas,tienda_online,No Amazon V1,jose@libertyseller.com,PABLO BARRAGAN SAN MARTIN,Apoderado,León,2,8600,509,6.5,Shopify,https://www.piensaenpienso.com,https://www.instagram.com/piensaenpienso,B24478281,sociedad,1,,
Libros veterinaria,"Gráfica IN Multimédica, S.A.U.",+34 936 74 61 08,info@multimedica.es,Mascotas,tienda_online,No Amazon V1,jose@libertyseller.com,JULIO CARTES ERNEST,Administrador único,,2,8148,205,5.9,PrestaShop,https://libros-veterinaria.multimedica.es,,A59145888,,2,,
Petculiari,Petculiari S.L.,+34 644 75 28 33,informacion@petculiari.com,Mascotas,tienda_online,No Amazon V1,jose@libertyseller.com,,,Madrid,2,8148,17,6.6,Shopify,https://petculiari.com,https://www.instagram.com/petculiari,50893958H,,0,,pedidos@petculiari.com
Squeaky Foods,,+34 683 57 57 10,info@squeakyfoods.com,Mascotas,tienda_online,No Amazon V1,jose@libertyseller.com,,,,3,7967,111,7.4,Shopify,https://www.squeakyfoods.com,https://www.instagram.com/squeakyfoods,B66639451,sociedad,0,"+34 915 19 71 97; +34 938 50 04 25",
Sumilsa,"SUMINISTROS ILICITANOS, S.A.",+34 965 17 22 30,info@sumilsa.com,Mascotas,tienda_online,No Amazon V1,jose@libertyseller.com,DURA VALERO PEDRO FRANCISCO,Administrador solidario,,3,7967,255,9.7,PrestaShop,https://sumilsa.com,,A03109980,,2,,
Moly,,+34 968 18 68 14,administracion@moly.es,Mascotas,tienda_online,No Amazon V1,jose@libertyseller.com,,,,3,7605,412,8,PrestaShop,https://moly.es,,B30906549,sociedad,0,,moly@moly.es
Piensos Marí,"PIENSOS MARI, S.L.",+34 961 59 01 14,administracion@piensosmari.es,Mascotas,tienda_online,No Amazon V1,jose@libertyseller.com,,,,3,7469,530,7.5,PrestaShop,https://piensosmari.es,,B96600721,,0,,comercial@piensosmari.es
www.pratreef.com,,+34 626 10 66 53,info@pratreef.com,Mascotas,tienda_online,No Amazon V1,jose@libertyseller.com,,,,3,7242,762,9.7,PrestaShop,https://www.pratreef.com,https://www.instagram.com/pratreef,B65067563,sociedad,0,,
Mimopets,,+34 917 15 67 57,info@mimopets.com,Mascotas,tienda_online,No Amazon V1,jose@libertyseller.com,,,Madrid,3,7242,377,9.7,PrestaShop,https://www.mimopets.com,,52364475F,,0,,
Mila & Coco,,+34 674 45 50 17,info@milaandcoco.com,Mascotas,tienda_online,No Amazon V1,jose@libertyseller.com,,,Madrid,3,7242,93,10.1,Shopify,https://milaandcoco.com,https://www.instagram.com/_milaandcoco,,,0,,
Mariscoteca,,+34 902 30 04 00,,Mascotas,tienda_online,No Amazon V1,jose@libertyseller.com,,,Vigo,3,7016,61,5.8,Shopify,https://mariscoteca.com,,,,0,,
Zoonia Mascotas,ANISO AND FAMILY S.L.,+34 633 81 21 25,administracion@zooniamascotas.es,Mascotas,tienda_online,No Amazon V1,jose@libertyseller.com,LOPEZ PEREZ SONIA,Administrador único,,3,7016,116,3.3,PrestaShop,http://zooniamascotas.es,https://www.instagram.com/zooniamascotas,B10598837,,1,,tienda@zooniamascotas.es
Silbon®,"SILBON ESPAÑA, S.L.U.",+34 957 74 00 41,protecciondatos@silbon.es,Moda y complementos,tienda_online,No Amazon V1,jose@libertyseller.com,JURADO AVALOS JUAN,Apoderado,Córdoba,1,1452980,5720,6.9,Shopify,https://www.silbonshop.com,https://www.instagram.com/silbonmoda,B14949739,sociedad,5,,
Brownie,,+34 911 04 44 09,info@browniespain.com,Moda y complementos,tienda_online,No Amazon V1,jose@libertyseller.com,,,Barcelona,1,1160001,485,9.2,Shopify,https://www.browniespain.com,https://instagram.com/browniespain,,,0,,
Gimaguas,,+34 679 11 53 41,careers@gimaguas.com,Moda y complementos,tienda_online,No Amazon V1,jose@libertyseller.com,,,Barcelona,1,877410,1151,8.2,Shopify,https://gimaguas.com,https://instagram.com/gimaguas,,,0,+34 617 78 00 31,"help@gimaguas.com; press@gimaguas.com; hola@gimaguas.Com"
Disfrazzes,Distribuidor Mayorista Autónomo Sociedad limitada,+34 966 10 92 98,contact@disfrazzes.com,Moda y complementos,tienda_online,No Amazon V1,jose@libertyseller.com,,,Alicante,1,849232,25001,9.7,Shopify,https://www.disfrazzes.com,https://www.instagram.com/disfrazzes,,,0,"+34 916 42 09 48; +34 933 11 08 04; +34 976 47 28 71; +34 976 47 18 32","contacto@disfrazzes.com; info@disfrazzes.com; infoguirca@guirca.com; info@partilandiashop.com"
renatta&go,Sequra Worldwide S.A.,+34 915 62 46 02,help@renattandgo.com,Moda y complementos,tienda_online,No Amazon V1,jose@libertyseller.com,SETH DAVID KRISTOFFER BACKSTROM,Presidente / consejero delegado,Madrid,1,770064,425,7.3,Shopify,https://www.renattandgo.com,https://www.instagram.com/renattandgo,B80747512,,38,+34 917 37 90 28,"customer@renattandgo.com; customerservice@renattandgo.com"
Algo Bonito,SOMETHING BEAUTIFUL S.L.,+34 911 13 86 40,clientes@algo-bonito.com,Moda y complementos,tienda_online,No Amazon V1,jose@libertyseller.com,FERNANDEZ SOUTO JUAN MARCOS,Administrador único,Madrid,1,588063,246,9.7,Shopify,https://algo-bonito.com,https://www.instagram.com/algobonitoofficial,B86733235,,4,+34 694 21 61 76,"hello@algo-bonito.com; clientes@algo-bonito.com.Si"
Innocentia,,+393391049924,info@innocentia.com,Moda y complementos,tienda_online,No Amazon V1,jose@libertyseller.com,,,Barcelona,1,545390,513,9.7,Shopify,https://innocentia.com,https://www.instagram.com/innocentiadresses,,,0,"+393514959813; +447710290566; +13322617319",
Noon,"NOON SPAIN, S.L.",+34 621 15 61 35,pedidos@noonspain.com,Moda y complementos,tienda_online,No Amazon V1,jose@libertyseller.com,PEREZ FERNANDEZ ANTONIO,Administrador único,Seville,1,544133,646,8.2,Shopify,https://noonspain.com,https://www.instagram.com/noonspain,B90248147,,2,+34 954 96 79 38,"contacto@noonspain.com; info@noonspain.com"
Buganco,Buganco Moda S.L.,+34 600 02 27 08,info@buganco.com,Moda y complementos,tienda_online,No Amazon V1,jose@libertyseller.com,GONZALEZ RAMOS JOSE CARLOS,Administrador solidario,Sevilla,1,541101,188,5.8,PrestaShop,https://buganco.com,https://www.instagram.com/_buganco__,B67904904,,2,,
Armería online Shoke,,+34 914 33 24 42,info@tiendashoke.es,Moda y complementos,tienda_online,No Amazon V1,jose@libertyseller.com,,,Madrid,1,526842,1235,9.2,PrestaShop,https://www.tiendashoke.es,https://www.instagram.com/tiendashoke,B79805230,sociedad,0,,
Alma en Pena,"ALMA EN PENA, S.L.",+34 910 64 24 62,atencioncliente@almaenpena.es,Moda y complementos,tienda_online,No Amazon V1,jose@libertyseller.com,GIL ROLDAN JOSE MANUEL,Administrador único,Las Rozas de Madrid,1,509981,2744,9.7,Shopify,https://almaenpena.com,https://www.instagram.com/almaenpenashoes,B02408011,,2,"+34 954 29 53 34; +34 952 67 14 38; +34 952 64 28 54",
Polín et moi,POLIN ET MOI S.L.,+34 911 67 81 96,hola@polinetmoi.com,Moda y complementos,tienda_online,No Amazon V1,jose@libertyseller.com,HERNANDEZ MARRERO VICTOR,Administrador solidario,Las Rozas de Madrid,1,493787,1300,9.7,Shopify,https://polinetmoi.com,https://www.instagram.com/polinetmoi,,,4,,
HAND OVER,,+34 622 05 99 71,info@h-andover.com,Moda y complementos,tienda_online,No Amazon V1,jose@libertyseller.com,,,Madrid,1,484689,158,4.6,Shopify,https://www.h-andover.com,https://www.instagram.com/handovercom,05337499G,,0,,
Aristocrazy,,+34 946 66 91 39,customersupport@aristocrazy.com,Moda y complementos,tienda_online,No Amazon V1,jose@libertyseller.com,,,Bilbao,1,479698,1118,8.8,Shopify,https://www.aristocrazy.com,https://www.instagram.com/aristocrazy,A48231146,sociedad,0,"+34 915 75 71 80; +34 916 66 91 39",customersupport@aristocrtazy.com
www.joyeriasuarez.com,SUAREZ TRADING S.L.,+34 680 74 45 29,atc@joyeriasuarez.com,Moda y complementos,tienda_online,No Amazon V1,jose@libertyseller.com,RODRIGUEZ-GRANDJEAN AVENDAÑO JAVIER,Apoderado,Bilbao,1,477820,3441,8.5,Shopify,http://www.joyeriasuarez.com,https://www.instagram.com/joyeriasuarez,B95352936,,11,"+34 917 81 16 80; +34 690 73 09 19; +34 696 79 17 36",lopd@joyeriasuarez.com
Roselin Joyeros,"COMPENSA STAND, S.L.",+34 916 82 89 00,info@roselin.es,Moda y complementos,tienda_online,No Amazon V1,jose@libertyseller.com,GUTIERREZ PANDO ROBERTO,Administrador único,Getafe,1,466085,3065,7.7,Shopify,https://roselin.es,https://www.instagram.com/roselinjoyeros,B83457291,,2,,
Majorica Pearls,"MAJORICA INTERNACIONAL, S.L.",+34 971 81 52 12,support-es@majorica.com,Moda y complementos,tienda_online,No Amazon V1,jose@libertyseller.com,FOLACHE GONZALEZ PARRADO JOSE MARIA,Consejero,Manacor,1,449688,846,9.7,Shopify,https://www.majorica.com,https://www.instagram.com/majoricaofficial,B01906163,,9,,"soportemajorica@majorica.com; supportmajorica@majorica.com"
Miphai,Miphai Collection S.L.,+34 951 04 38 82,info@miphai.com,Moda y complementos,tienda_online,No Amazon V1,jose@libertyseller.com,TABOADA FERNANDEZ JOSE RAMIRO,Administrador único,,1,416655,683,7.7,Shopify,https://www.miphai.com,https://www.instagram.com/miphaicollection,B67667469,,1,,marketing@miphai.com
VIDAL & VIDAL,,+34 971 35 42 63,info@vidal-vidal.com,Moda y complementos,tienda_online,No Amazon V1,jose@libertyseller.com,,,Es Castell,1,395482,1048,16.4,Shopify,https://www.vidal-vidal.com,https://www.instagram.com/vidaljewelry,B07839814,sociedad,0,,
GENEVE 1989,BBJ GENEVE COMPANY SLU,+34 626 22 02 31,careers@genevecompany.com,Moda y complementos,tienda_online,No Amazon V1,jose@libertyseller.com,ANILKUMAR BHUGROMAL JESWANI JESWANI,Administrador único,El Tablero,1,381133,4946,9.7,Shopify,https://genevecompany.com,https://www.instagram.com/genevecompany,B76081744,,1,,"concierge@genevecompany.com; clientcare@genevecompany.com"
Panambi Collection,,+34 647 39 71 24,pedidos@panambicollection.com,Moda y complementos,tienda_online,No Amazon V1,jose@libertyseller.com,,,Seville,1,367078,464,9.7,Shopify,https://panambicollection.com,https://www.instagram.com/panambicollection,B90026600,sociedad,0,"+34 663 36 51 05; +34 670 23 80 39; +34 647 38 74 29; +34 647 39 74 29","ventas@panambicollection.com; info@panambicollection.com; marketing@panambicollection.com"
Cherubina Official,,+34 686 00 39 41,info@cherubina.com,Moda y complementos,tienda_online,No Amazon V1,jose@libertyseller.com,,,Seville,1,355434,546,8.5,Shopify,https://cherubina.com,https://www.instagram.com/cherubinaofficial,B90017195,sociedad,0,"+34 954 96 96 14; +34 910 51 77 95; +34 954 27 39 20",jobs@cherubina.com
ALS Sport,,+34 910 29 91 94,clientes@alssport.es,Moda y complementos,tienda_online,No Amazon V1,jose@libertyseller.com,,,Granada,1,347750,699,9.7,PrestaShop,https://www.alssport.es,https://www.instagram.com/alssport.es,B18889642,sociedad,0,+34 958 48 76 60,shop@alssport.es
Lonbali,LONBALI FASHION SL,+34 935 95 45 26,info@lonbali.com,Moda y complementos,tienda_online,No Amazon V1,jose@libertyseller.com,ALVAREZ GARCIA SOLEDAD,Administrador único,Barcelona,1,345102,254,9.7,Shopify,https://lonbali.com,https://www.instagram.com/lonbali_official,B66719196,,3,,
SPAGNOLO,"Polo Spagnolo, S.L.",+34 955 48 09 55,info@spagnolo.es,Moda y complementos,tienda_online,No Amazon V1,jose@libertyseller.com,LAMPARERO SERRANO NICOLAS,Presidente / consejero delegado,Dos Hermanas,1,337136,693,8.7,Shopify,https://spagnolo.es,https://www.instagram.com/spagnolomoda,B90023425,,14,,
Kalk Store,White Division S.L.,+34 966 16 09 27,kalk@kalkstore.com,Moda y complementos,tienda_online,No Amazon V1,jose@libertyseller.com,ESQUITINO PAYA ENRIQUE ANTONIO,Administrador único,Elche,1,335234,466,8.2,Shopify,https://www.kalkstore.com,https://www.instagram.com/kalkstore,B02997666,,4,,info@kalkstore.com
Victoria,White & Brillant S.L.,+34 914 94 31 90,cordobastore@victoriacoleccion.com,Moda y complementos,tienda_online,No Amazon V1,jose@libertyseller.com,,,Seville,1,330572,884,7.2,Shopify,https://victoriacoleccion.com,https://www.instagram.com/victoria.coleccion,B90252966,sociedad,0,"+34 952 02 19 31; +34 954 10 38 13; +34 955 44 88 88; +34 957 09 15 46; +34 963 94 03 19","hola@victoriacoleccion.com; madridstore@victoriacoleccion.com; malagastore@victoriacoleccion.com; murciastore@victoriacoleccion.com"
dakonda.com,,+34 910 88 11 47,customerservice@dakonda.com,Moda y complementos,tienda_online,No Amazon V1,jose@libertyseller.com,,,Madrid,1,329848,166,9.7,PrestaShop,https://dakonda.com,https://www.instagram.com/dakonda_com,B49265408,,0,,"atencionalcliente@dakonda.com; customer.service@dakonda.com"
Roberto Verino,"ROBERTO VERINO DIFUSION, S.A.",+34 900 87 82 72,customerservice@robertoverino.com,Moda y complementos,tienda_online,No Amazon V1,jose@libertyseller.com,MARIÑO FERNANDEZ ROBERTO VERINO,Presidente / consejero delegado,San Cibrao das Viñas,1,320297,9347,9.7,PrestaShop,https://www.robertoverino.com,https://instagram.com/robertoverinooficial,A32005746,,12,+34 988 54 05 61,
COOLWAY,,+34 963 49 10 33,SUPPORT@COOLWAY.COM,Moda y complementos,tienda_online,No Amazon V1,jose@libertyseller.com,,,Paterna,1,318260,314,8.6,Shopify,https://coolway.com,https://www.instagram.com/coolwaybrand,A96304134,sociedad,0,,info@coolway.com
SIMORRA,Simorra Tiendas SA,+34 676 02 11 93,customerservice@simorra.com,Moda y complementos,tienda_online,No Amazon V1,jose@libertyseller.com,DIMAS MATONS EDUARDO,Administrador único,Barcelona,1,314729,859,9.7,Shopify,https://simorra.com,https://www.instagram.com/simorraofficial,A58069147,,4,,customerservice@simorra.com
PARIS/64,PARIS64 BRAND S.L.,+34 629 38 81 04,help@paris64.com,Moda y complementos,tienda_online,No Amazon V1,jose@libertyseller.com,ALFONSO GAUDES MARIA,Administrador único,Zaragoza,1,309931,462,9.5,Shopify,https://paris64.com,https://www.instagram.com/paris64world,B67475129,,5,,"press@paris64.com; wholesale@paris64.com"
Jorge Juan Joyeros,,+34 917 02 21 51,contacto@jorgejuanjoyeros.es,Moda y complementos,tienda_online,No Amazon V1,jose@libertyseller.com,,,Madrid,1,307589,228,7.5,PrestaShop,https://www.jorgejuanjoyeros.es,https://www.instagram.com/jorgejuanjoyeros,B82924424,sociedad,0,,
sophieandlucie,,+34 629 28 49 68,hello@sophieandlucie.com,Moda y complementos,tienda_online,No Amazon V1,jose@libertyseller.com,,,Madrid,1,306163,251,7.5,Shopify,https://www.sophieandlucie.com,https://www.instagram.com/sophieandlu,B87544995,sociedad,0,,"info@sophieandlucy.com; atencionalcliente@sophieandlucie.com; info@sophieandlucie.com; international@sophieandlucie.com"
The South Sea Pearl,"Gold Kraf Export, S.L.U.",+34 610 24 12 71,sales@thesouthseapearl.com,Moda y complementos,tienda_online,No Amazon V1,jose@libertyseller.com,FERNANDEZ SANCHEZ FRANCISCO JAVIER,Administrador único,Córdoba,1,302824,624,6.8,Shopify,https://www.thesouthseapearl.com,https://www.instagram.com/thesouthseapearl,,,1,"+34 611 82 11 11; +34 722 15 38 46; +34 833 15 91 67; +34 871 11 85 71","sales@southseapearls.net; info@thesouthseapearl.com"
miramirajewelry.com,,+34 692 09 54 59,contacto@miramira.com,Moda y complementos,tienda_online,No Amazon V1,jose@libertyseller.com,,,Madrid,1,301331,10010,3.3,Shopify,https://miramirajewelry.com,https://www.instagram.com/official.miramira,,,0,+123456789,"customerservice@mira-mira.es; franchise@mira-mira.es"
Esenzia,,+34 622 13 00 17,Atencionalcliente@esenziaclub.com,Moda y complementos,tienda_online,No Amazon V1,jose@libertyseller.com,,,Seville,1,293172,358,3.3,Shopify,https://esenziaclub.com,https://www.instagram.com/esenziaclub,B16837858,,0,,
pilarprieto.es,"PILAR PRIETO GUMIEL, S.L.",+34 914 00 61 35,atencionalcliente@pilarprieto.net,Moda y complementos,tienda_online,No Amazon V1,jose@libertyseller.com,PRIETO GUMIEL MARIA DEL PILAR,Administrador solidario,,1,288068,302,9.5,PrestaShop,https://pilarprieto.es,https://www.instagram.com/pilarprietool,B82249350,,3,,
To the Moon,Moon Swimwear SL,+34 676 58 00 51,hola@tothemoon.es,Moda y complementos,tienda_online,No Amazon V1,jose@libertyseller.com,,,Seville,1,284062,149,9.5,Shopify,https://tothemoon.es,https://www.instagram.com/tothemoon_swimwear,B90292947,,0,,pedidos@tothemoon.es
Compañía Fantástica,SHOW YOUR MAGIC GROUP SL,+34 672 56 13 34,eshop@ciafantastica.com,Moda y complementos,tienda_online,No Amazon V1,jose@libertyseller.com,INTEGRACION DE TECNICAS DE GESTION AUDITORES SLP,Otro cargo,Madrid,1,280735,1877,9.7,Shopify,https://companiafantastica.com,https://www.instagram.com/companiafantastica,B85772846,,1,,
Anekke,SANY BAGS S.L.,+34 610 12 96 83,info@anekke.com,Moda y complementos,tienda_online,No Amazon V1,jose@libertyseller.com,BROTONS BLASCO JOSE RAMON,Apoderado,Petrer,1,275745,1959,2.1,Shopify,https://anekke.es,https://www.instagram.com/anekke.official,B54534524,,3,,
Ohjuliettestore,Saboximar S.L.,+34 618 23 48 94,Comunicacionohjuliette@gmail.com,Moda y complementos,tienda_online,No Amazon V1,jose@libertyseller.com,,,Tres Cantos,1,274353,607,7.5,Shopify,https://ohjuliettestoree.com,https://instagram.com/ohjuliettestoree,B80662232,,0,,
OTTODISANPIETRO,,+34 900 10 00 00,clientes@ottodisanpietro.com,Moda y complementos,tienda_online,No Amazon V1,jose@libertyseller.com,,,A Coruña,1,266635,4944,9.7,Shopify,https://ottodisanpietro.com,https://www.instagram.com/ottodisanpietro1986,A15078728,sociedad,0,"+34 981 12 11 23; +34 629 53 95 35; +34 604 00 64 40",customerservice@ottodisanpietro.com
Robin Collection,,+34 934 99 67 85,info@robincollection.com,Moda y complementos,tienda_online,No Amazon V1,jose@libertyseller.com,,,Barcelona,1,265367,320,8.4,Shopify,https://www.robincollection.com,https://www.instagram.com/robincollection,B66428970,sociedad,0,,
HirbawiUSA,,+4244453555,care@hirbawiusa.com,Moda y complementos,tienda_online,No Amazon V1,jose@libertyseller.com,,,,1,262199,61,6.4,Shopify,https://hirbawiusa.com,https://instagram.com/hirbawiusa,,,0,,info@hirbawiusa.com
NDL Pro-Health,,+34 910 01 43 98,info@ndlprohealth.com,Nutrición y suplementos,tienda_online,No Amazon V1,jose@libertyseller.com,,,Madrid,1,1003768,23,3.6,Shopify,https://ndlprohealth.com,https://www.instagram.com/ndlprohealth,B72904873,sociedad,0,,
MASmusculo,,+34 910 60 95 33,info@masmusculo.com,Nutrición y suplementos,tienda_online,No Amazon V1,jose@libertyseller.com,,,Madrid,1,491513,1393,7.7,PrestaShop,https://www.masmusculo.com,https://www.instagram.com/masmusculocom,B18835694,sociedad,0,"+34 910 60 96 55; +331837534475; +351211165235; +390694805914",
Sascha Fitness España,Online Fitness Sales SL,+34 944 02 43 22,info@saschafitness.eu,Nutrición y suplementos,tienda_online,No Amazon V1,jose@libertyseller.com,MAGUREGUI URIONABARRENECHEA RUBEN,Administrador solidario,Markina-Xemein,1,412547,27,2.9,Shopify,https://es.saschafitness.com,https://instagram.com/saschafitnesses,B09647553,,3,,"info@saschafitnesses.eu; marketing@saschafitness.eu; partner@saschafitness.eu"
Paleobull,"Bambini Foods, S.L.",+34 979 81 64 72,hola@paleobull.com,Nutrición y suplementos,tienda_online,No Amazon V1,jose@libertyseller.com,,,Palencia,1,354642,141,9.7,Shopify,https://paleobull.com,https://instagram.com/paleobull,B34265785,,0,"+34 649 75 86 15; +34 922 08 47 03",
AMIX STORE,AMIX STORE S.L.,+34 963 00 20 74,info@amixstore.com,Nutrición y suplementos,tienda_online,No Amazon V1,jose@libertyseller.com,OEHLING GOYANES CARLOS ANGEL,Administrador solidario,Almoradí,1,311470,384,9.7,Shopify,https://amixstore.com,https://www.instagram.com/amaborationamix,B54796891,,2,,
Baïa Food,MEDICINAL GARDENS S.L.,+34 919 03 73 62,Aloha@baiafood.co,Nutrición y suplementos,tienda_online,No Amazon V1,jose@libertyseller.com,SEAYA CAPITAL GESTION SGEIC S,Presidente / consejero delegado,Madrid,1,288294,46,9.5,Shopify,https://baiafood.com,https://www.instagram.com/baiafoodco,B86745940,,12,,aloha@baiafood.com
NutriCare,"NUTRICARE DIETÉTICA, S.L.",+34 646 77 28 45,embajadores@nutricare.es,Nutrición y suplementos,tienda_online,No Amazon V1,jose@libertyseller.com,CUESTA HERAS ROSALIA,Apoderado,Madrid,1,241286,58,6.6,Shopify,https://nutricare.es,https://www.instagram.com/nutricarepaginaoficial,B44681344,,2,"+34 900 18 81 11; +34 913 58 89 55","enlinea@nutricare.es; protecciondedatos@nutricare.es"
Infisport,INFISPORT S.L.,+34 964 25 12 34,info@infisport.com,Nutrición y suplementos,tienda_online,No Amazon V1,jose@libertyseller.com,LOPEZ FUERTES JOSE LUIS,Administrador único,Castellón de la Plana,1,234972,8,7.6,PrestaShop,http://www.infisport.com,https://www.instagram.com/infisport,B12404471,,2,+34 964 25 13 57,atencionalcliente@infisport.com
leonthebaker.com,"LEON SIN GLUTEN, S.L.",+34 693 26 53 25,b2b@leonthebaker.com,Nutrición y suplementos,tienda_online,No Amazon V1,jose@libertyseller.com,CARDENAL JUNQUERA JUAN,Administrador solidario,,1,229404,165,7.1,Shopify,https://leonthebaker.com,https://www.instagram.com/leonthebaker,B88031638,,2,+34 910 82 52 82,hola@leonthebaker.com
colnatur-store,"LABORATORIOS ORDESA, S.L.",+34 900 18 08 73,hola@colnatur.com,Nutrición y suplementos,tienda_online,No Amazon V1,jose@libertyseller.com,PERMANYER FABREGAS JUAN JAVIER,Presidente / consejero delegado,Barcelona,1,183426,16,9.7,Shopify,https://www.colnatur.com,,B60402682,,47,,dpd@ordesa.es
Zenement,"BITIO PROJECT, SL",+34 936 94 06 80,info@zenement.com,Nutrición y suplementos,tienda_online,No Amazon V1,jose@libertyseller.com,PAGAN BETORZ GONCAL,Administrador único,Sabadell,1,170865,110,9.2,Shopify,https://zenement.com,https://www.instagram.com/zenement,B66104100,,1,,"suppliers@zenement.com; shipping@zenement.com"
ZZEN Labs,"ZZEN LABS, S.L.",+34 600 35 36 28,info@zzenlabs.com,Nutrición y suplementos,tienda_online,No Amazon V1,jose@libertyseller.com,LOSANTOS OLIVA JOSE MARIA,Administrador solidario,Madrid,1,160918,25,2.1,Shopify,https://zzenlabs.com,https://www.instagram.com/zzenlabs,B19975358,,4,,
nutrisport,,+34 681 10 56 94,info@nutrisport.es,Nutrición y suplementos,tienda_online,No Amazon V1,jose@libertyseller.com,,,Barcelona,1,153381,42,9.7,PrestaShop,https://nutrisport.es,https://www.instagram.com/nutrisport.spain,A08894750,sociedad,0,+34 937 97 43 88,
Mabonatur,,+34 910 37 64 85,contacto@mabonatur.com,Nutrición y suplementos,tienda_online,No Amazon V1,jose@libertyseller.com,,,Madrid,1,147983,16,1,Shopify,https://mabonatur.com,https://www.instagram.com/mabonatur,A81463374,sociedad,0,,
Centenarian Road,"BATTLE4RUN, S.L.",+34 602 71 63 25,info@centenarianroad.com,Nutrición y suplementos,tienda_online,No Amazon V1,jose@libertyseller.com,RAMOS GARCIA SERGIO,Administrador mancomunado,Madrid,1,124660,17,1.7,Shopify,https://centenarianroad.com,https://www.instagram.com/centenarianroad,B88532007,,3,,info@limonandme.com
Fanté,FANTÉ FOODS. S.L.,+34 611 89 03 84,info@fanteofficial.com,Nutrición y suplementos,tienda_online,No Amazon V1,jose@libertyseller.com,MARTINEZ MORA LUIS,Administrador solidario,Palmera,1,119976,48,3.2,Shopify,https://fanteofficial.com,https://www.instagram.com/fante_oficial,B44602837,sociedad,2,,fantenutricion@gmail.com
Emporio De La Salud,,+01462436881,info@health-emporium.co.uk,Nutrición y suplementos,tienda_online,No Amazon V1,jose@libertyseller.com,,,,1,110447,2975,4.2,Shopify,https://es-healthemporium.glopalstore.com,,,,0,,sales@health-emporium.co.uk
FITstore.es,,+34 974 56 02 13,clientes@fitstore.es,Nutrición y suplementos,tienda_online,No Amazon V1,jose@libertyseller.com,,,Monzón,1,108976,157,9.6,Shopify,https://fitstore.es,https://www.instagram.com/fitstore.es,B66842493,,0,,info@fitstore.es
Integramed,INTEGRAMED,+34 688 93 38 33,info@integramed.es,Nutrición y suplementos,tienda_online,No Amazon V1,jose@libertyseller.com,,,,1,101281,161,9.7,PrestaShop,https://integramed.es,https://www.instagram.com/integramedshop,42183522G,,0,"+34 910 05 99 87; +34 910 05 87 99",pedidos@integramed.es
Naturadika– naturadika.it,"Dati Eartsquare Factory Invest, SL",+34 917 04 68 81,aloha@naturadika.com,Nutrición y suplementos,tienda_online,No Amazon V1,jose@libertyseller.com,,,Madrid,1,94831,49,6.8,Shopify,https://naturadika.it,,,,0,,info@naturadika.es
nutandme,,+34 682 59 81 70,info@nutandme.com,Nutrición y suplementos,tienda_online,No Amazon V1,jose@libertyseller.com,,,,1,84420,88,6.7,Shopify,https://www.nutandme.com,https://www.instagram.com/nutandme_oficial,B04535878,sociedad,0,,hola@nutandme.com
Airos Gluten Free,,+34 937 71 19 53,info@airosglutenfree.com,Nutrición y suplementos,tienda_online,No Amazon V1,jose@libertyseller.com,,,,1,81704,35,5,Shopify,https://airosglutenfree.com,https://www.instagram.com/airosglutenfree,B62125554,sociedad,0,,
vecosnucoceutical,"Vecos Nucoceutical, S.L.",+34 623 00 57 40,info@vecosnucoceutical.com,Nutrición y suplementos,tienda_online,No Amazon V1,jose@libertyseller.com,,,Armilla,1,77924,122,9.2,Shopify,https://vecosnucoceutical.com,https://www.instagram.com/vecos_nucoceutical,G85804011,,0,+34 623 95 24 50,pedidos@vecosnucoceutical.com
ENERGY NUTRITION LP,OSCAR JOSE GOMEZ VIZCAINO,+34 647 91 68 27,energynutritionlp@outlook.es,Nutrición y suplementos,tienda_online,No Amazon V1,jose@libertyseller.com,,,,1,73069,605,4.7,Shopify,https://www.energynutritionlp.com,https://www.instagram.com/energynutritionlp,45762263Z,,0,+34 647 91 68 27,energynutritionlp@outlook.com
BODYMANIA,BODYMANIA SL,+34 871 95 11 46,soporte@bodymania.com,Nutrición y suplementos,tienda_online,No Amazon V1,jose@libertyseller.com,MONTOYA SUHONEN CHRISTIAN,Administrador solidario,Palma,1,67219,514,9.7,Shopify,https://bodymania.com,https://www.instagram.com/ibodymania,B57742066,,2,,"soporte@bodymania.es; ainfo@bodymania.es; info@bodymania.es"
Grow Nutrition Store,"GROW WELLNESS, S.L.",+34 621 08 96 97,info@grownutrition.es,Nutrición y suplementos,tienda_online,No Amazon V1,jose@libertyseller.com,COSTA DEVESA VERONICA,Administrador único,Alcorcón,1,60248,55,2.1,Shopify,https://grownutrition.es,https://www.instagram.com/grownutrition.es,,,2,+34 625 08 94 12,desistimientos@grownutrition.es
Madremia,"MADREMIA BRAND, S.L.",+34 608 61 17 44,info@madremiacrochet.com,Nutrición y suplementos,tienda_online,No Amazon V1,jose@libertyseller.com,BEJAR SIMO ANNA,Administrador solidario,Barcelona,1,59614,51,2.3,Shopify,https://madremiacrochet.com,https://www.instagram.com/madremia.crochetbags,B27538016,sociedad,2,,Madremia.crochet@gmail.com
X-Up Nutrition,Wellion International SL,+34 955 81 01 31,info@x-up.es,Nutrición y suplementos,tienda_online,No Amazon V1,jose@libertyseller.com,,,Los Palacios y Villafranca,1,59128,75,9.7,Shopify,https://x-up.es,https://www.instagram.com/xupnutrition,B91368142,,0,,
redondocuevas.com,"Integrative Health and Nutrition, S.L.",+34 684 47 47 72,info@redondocuevas.com,Nutrición y suplementos,tienda_online,No Amazon V1,jose@libertyseller.com,REDONDO CUEVAS LUCIA,Administrador único,Canet d'en Berenguer,1,58121,31,3.1,Shopify,https://redondocuevas.com,https://www.instagram.com/lucia.redondo.cuevas,B72775521,,1,,info@redondocuevas.es
LaProteina.es,,+34 678 32 59 35,contacto@laproteina.es,Nutrición y suplementos,tienda_online,No Amazon V1,jose@libertyseller.com,,,,1,57261,16476,9.7,PrestaShop,https://www.laproteina.es,,B73795270,sociedad,0,,
"line, Nutrición deportiva Megaplus",WHEY HYDROLIZED OPTIPEP Artesanía Agrícola S.A.,+34 938 96 28 35,info@megaplus.es,Nutrición y suplementos,tienda_online,No Amazon V1,jose@libertyseller.com,,,,1,56140,331,9.7,PrestaShop,http://megaplus.es,https://www.instagram.com/megaplussport,A08387854,,0,+34 938 96 27 45,rgpd@artesaniaagricola.com
Bamboo Labs,BAMBOO LABS S.L.,+34 935 44 15 73,info@bamboolabs.com,Nutrición y suplementos,tienda_online,No Amazon V1,jose@libertyseller.com,ALBAREDA FLORENSA FRANCISCO JAVIER,Administrador único,,1,54861,25,4.9,Shopify,https://bamboolabs.com,https://www.instagram.com/bamboo.labs,B66570961,,1,,info@bamboolabs.eu
The Protein House,Ángel Sastre,+34 662 43 47 84,info@theproteinhouse.es,Nutrición y suplementos,tienda_online,No Amazon V1,jose@libertyseller.com,,,Madrid,1,53639,194,5.2,Shopify,https://www.theproteinhouse.es,https://www.instagram.com/theproteinhousemadrid,70826607Q,,0,,
Milhflor,Amodo Soluciones SL,+34 988 23 63 93,tienda@milhflor.com,Nutrición y suplementos,tienda_online,No Amazon V1,jose@libertyseller.com,GONZALEZ REGUEIRA DIEGO,Administrador único,Ourense,1,50923,5884,8,PrestaShop,https://milhflor.com,https://www.instagram.com/milhflor,,,1,,"milhflor@milhflor.es; milhflor@milhflor.com"
Natursanix,"Univerlife, S.L.",+34 911 25 09 23,contacto@natursanix.com,Nutrición y suplementos,tienda_online,No Amazon V1,jose@libertyseller.com,NOARBE MOLINER NILDA,Apoderado,Madrid,1,48207,7211,8.6,PrestaShop,https://natursanix.com,https://www.instagram.com/natursanix,B85940492,,2,+34 662 00 92 36,
TuEcoFamily,"Dietetica Ibérica Natural, S.L.",+34 624 08 84 33,info@tuecofamily.es,Nutrición y suplementos,tienda_online,No Amazon V1,jose@libertyseller.com,ORTEGA ESPADA JESUS,Administrador único,,1,46046,2856,1.7,PrestaShop,https://tuecofamily.es,https://www.instagram.com/tuecofamily_es,B19438340,,1,,incidencias@tuecofamily.es
nutriactivity.com,,+34 968 63 98 84,info@nutriactivity.com,Nutrición y suplementos,tienda_online,No Amazon V1,jose@libertyseller.com,,,,1,44722,598,9.7,PrestaShop,https://nutriactivity.com,https://www.instagram.com/nutriactivity,B73925125,sociedad,0,,
Al natural complementos,Al Natural,+34 620 27 74 26,alnaturalcomplementos@gmail.com,Nutrición y suplementos,tienda_online,No Amazon V1,jose@libertyseller.com,,,Zaragoza,1,43862,1257,4.5,Shopify,https://alnaturalcomplementos.es,https://instagram.com/alnaturalcomplementosan,72981753Q,,0,+34 620 22 74 26,
SPORT NEEDS,,+34 660 72 77 31,hola@sport-needs.com,Nutrición y suplementos,tienda_online,No Amazon V1,jose@libertyseller.com,,,,1,43692,99,5.8,Shopify,https://sport-needs.com,https://www.instagram.com/sportneeds_official,B67232520,sociedad,0,,
Vidaviva-ecofood,,+34 684 41 76 26,shop@vidaviva.eco,Nutrición y suplementos,tienda_online,No Amazon V1,jose@libertyseller.com,,,Tijarafe,1,41191,35,4.1,Shopify,https://vidaviva.eco,https://www.instagram.com/vidavivaecofood,B76792019,sociedad,0,,
C&L Complementos,Soluciones Web ON Line S.L.,+34 920 22 61 14,info@cylcomplementos.com,Nutrición y suplementos,tienda_online,No Amazon V1,jose@libertyseller.com,KILGOUR ADAM WILLIAM,Administrador único,,1,39867,569,9.7,PrestaShop,https://cylcomplementos.com,,06574426Z,,10,+34 920 22 61 14,
Perfect Nutrition,PERFECT CORP NUTRITION S.L.,+34 608 96 83 09,info@perfectnutrition.es,Nutrición y suplementos,tienda_online,No Amazon V1,jose@libertyseller.com,IZQUIERDO FERNANDEZ FELIX,Administrador único,Barcelona,1,39426,199,9.7,PrestaShop,https://www.perfectnutrition.es,https://www.instagram.com/perfectnutrition_,B65333684,,1,,
Masmusculo,,+33183753447,info@masmusculo.com,Nutrición y suplementos,tienda_online,No Amazon V1,jose@libertyseller.com,,,Albolote,1,38690,2948,5.7,Shopify,https://www.masmusculo.fr,https://www.instagram.com/masmusculo,B18835694,sociedad,0,"+34 902 02 12 25; +34 958 27 98 88; +34 910 60 96 55; +34 935 45 70 82; +34 910 60 95 33",pedidos@masmusculo.com
medsuperfoods,"Mediterranean Superfoods, s.l.",+34 977 57 31 84,info@medsuperfoods.com,Nutrición y suplementos,tienda_online,No Amazon V1,jose@libertyseller.com,SORENSEN KIM-HOTHER,Administrador único,Valencia,1,37548,327,7.8,Shopify,https://medsuperfoods.com,https://www.instagram.com/medsuperfoods,B66537630,,3,+34 695 14 59 63,
Salud Teresa Pons,,+34 623 75 57 70,info@saludteresapons.com,Nutrición y suplementos,tienda_online,No Amazon V1,jose@libertyseller.com,,,Cambrils,1,36122,98,5.1,Shopify,https://saludteresapons.com,https://www.instagram.com/salud_teresapons,B21911540,sociedad,0,,admin@saludteresapons.com
Aldous - IT,"BIO UNICORN, S.L.",+34 672 56 69 00,ciao@aldousbio.it,Nutrición y suplementos,tienda_online,No Amazon V1,jose@libertyseller.com,CELIA PEREZ-BEATO BELLO,Consejero,Almonacid del Marquesado,1,35963,83,1.6,Shopify,https://aldousbio.it,https://www.instagram.com/aldousbio,B16340218,,8,,"info@aldousbio.com; pedidos@aldousbio.com"
Nova Nutrición ❤️,"Hosting CIVICOS NETWORKING, S.L.",+34 633 25 05 35,hola@nova-nutricion.com,Nutrición y suplementos,tienda_online,No Amazon V1,jose@libertyseller.com,,,El Sauzal,1,35454,49,4.4,Shopify,https://novanutricion.com,https://www.instagram.com/nova.nutricion,42183522G,,0,"+34 922 08 47 03; +34 910 05 87 99; +34 910 05 99 87",
Beverly Nutrition,,+34 916 43 45 03,administracion@beverly.es,Nutrición y suplementos,tienda_online,No Amazon V1,jose@libertyseller.com,,,Arroyomolinos,1,33745,243,9.7,Shopify,https://beverly.es,https://www.instagram.com/beverlynutrition,B78925955,sociedad,0,+34 609 22 77 44,"export@beverly.es; pedidos@beverly.es; info@beverlyeurope.com"
MAX PROTEIN®,NANONEN S.L.,+34 963 23 50 29,info@max-protein-oficial.com,Nutrición y suplementos,tienda_online,No Amazon V1,jose@libertyseller.com,PALAU ALEIXANDRE ISRAEL,Administrador mancomunado,Paterna,1,33112,52,6.2,Shopify,https://maxprotein.site,https://www.instagram.com/max_protein,B98669690,,2,,INFO@UNIVERSALMCGREGOR.COM
proteingastronomy,,+34 676 03 35 03,76info@proteingastronomy.com,Nutrición y suplementos,tienda_online,No Amazon V1,jose@libertyseller.com,,,Torelló,1,31369,35,6.6,Shopify,https://proteingastronomy.com,https://www.instagram.com/proteingastronomy,B66271032,,0,+34 931 35 38 76,info@proteingastronomy.com
Macami,MACAMI BIOTECH S.L.,+34 911 89 05 73,atencionalcliente@macamibiotech.com,Nutrición y suplementos,tienda_online,No Amazon V1,jose@libertyseller.com,RODRIGUEZ-VILLA FORSTER MIGUEL,Presidente / consejero delegado,,1,31233,15,1.6,Shopify,https://macamibiotech.com,https://www.instagram.com/macami_biotech,B75294835,sociedad,8,,"atencionalcliente@macami.com; info@macamibiotech.com"
Solocolágenos.com,,+34 688 79 27 99,info@solocolagenos.com,Nutrición y suplementos,tienda_online,No Amazon V1,jose@libertyseller.com,,,Torrevieja,1,31063,2626,9.7,PrestaShop,https://solocolagenos.com,https://www.instagram.com/solocolagenos,,,0,+34 865 75 68 55,"att@solocolagenos.com; hola@tu-marca.com"
Natura Center,"WYETH FARMA, S.A.",+34 622 94 38 32,web@naturacenter.es,Nutrición y suplementos,tienda_online,No Amazon V1,jose@libertyseller.com,MURILLO MEDINA CARLOS EDUARDO,Presidente / consejero delegado,,1,30045,23792,8.9,PrestaShop,https://naturacenter.es,https://www.instagram.com/naturacenter.es,B86751559,,154,+34 622 94 38 32,web@naturacenter.es
www.totalactivity.es,,+34 634 12 03 72,consultas@totalactivity.es,Nutrición y suplementos,tienda_online,No Amazon V1,jose@libertyseller.com,,,Pinto,2,29026,133,8.3,PrestaShop,https://www.totalactivity.es,https://www.instagram.com/totalactivity,52951882V,,0,"+34 919 30 13 54; +34 616 48 38 48",
Uperform,,+34 622 11 46 61,pedidos@uperform.fit,Nutrición y suplementos,tienda_online,No Amazon V1,jose@libertyseller.com,,,La Nucia,2,26254,33,6.9,Shopify,https://uperform.fit,https://www.instagram.com/uperform_nutrition,B21715321,sociedad,0,+34 722 82 64 82,info@uperform.fit
Cherky,Pichurris Trading Group S.L.,+34 667 25 25 21,info@cherkyfoods.com,Nutrición y suplementos,tienda_online,No Amazon V1,jose@libertyseller.com,RIOJA SANTAMARIA JAVIER,Administrador solidario,Burgos,2,26141,67,9.1,Shopify,https://cherkyfoods.com,https://www.instagram.com/cherkyfoods,B16965055,,3,,
Herboristería PAKI,Suscribirse Herboristeria PAKI S.L.,+34 943 51 68 93,info@herboristeriapaki.com,Nutrición y suplementos,tienda_online,No Amazon V1,jose@libertyseller.com,,,,2,25801,1320,2.9,PrestaShop,https://herboristeriapaki.es,https://www.instagram.com/paki_herboristeria,B72827181,,0,,
Laboratorios Nale - Dietética y Nutrición,,+34 966 96 02 32,info@laboratoriosnale.com,Nutrición y suplementos,tienda_online,No Amazon V1,jose@libertyseller.com,,,Monòver,2,24805,495,9.7,Shopify,https://laboratoriosnale.com,,B03314556,sociedad,0,,
NCB,"Nutrición Científica Barcelona, SLU",+376658989,info@nutricioncientificabarcelona.es,Nutrición y suplementos,tienda_online,No Amazon V1,jose@libertyseller.com,CISCAR PASTOR DANIEL,Administrador único,Amposta,2,24443,14,5.9,Shopify,https://nutricioncientificabarcelona.com,https://www.instagram.com/ncb_nutricioncientifica,B19906999,,1,+34 600 74 02 92,info@nutricioncientificabarcelona.com
Viteba,,+34 931 59 65 20,info@viteba.com,Nutrición y suplementos,tienda_online,No Amazon V1,jose@libertyseller.com,,,Barcelona,2,23357,21,1.8,Shopify,https://www.viteba.com,https://www.instagram.com/viteba.premium,B66284308,sociedad,0,,
kilosout,,+34 910 41 89 30,contacto@kilosoutplan.com,Nutrición y suplementos,tienda_online,No Amazon V1,jose@libertyseller.com,,,Madrid,2,22859,14,9.6,Shopify,https://kilosoutplan.com,https://www.instagram.com/kilosout,,,0,,
Olympus Sport Nutrición,NUTRICOSMETICS WORLD S.L.,+34 937 29 25 56,,Nutrición y suplementos,tienda_online,No Amazon V1,jose@libertyseller.com,REYES MARISCAL TRANSITO,Administrador único,,2,22859,46,9.7,PrestaShop,https://olympus-sport.com,https://www.instagram.com/olympussn,B67420497,,2,,
Eiralabs,,+34 643 26 53 49,info@eiralabs.es,Nutrición y suplementos,tienda_online,No Amazon V1,jose@libertyseller.com,,,Alicante,2,21501,40,4.9,Shopify,https://www.eiralabs.es,https://www.instagram.com/eiralabs,B74395674,sociedad,0,,
Keepgoing,Keep Going SL,+34 659 24 16 63,info@keepgoing.es,Nutrición y suplementos,tienda_online,No Amazon V1,jose@libertyseller.com,ARNES CACHO MIGUEL ANGEL,Administrador único,San Sebastián de los Reyes,2,20596,88,9.7,Shopify,https://keepgoing.es,https://www.instagram.com/keepgoing_es,B83851683,,1,,
Météorite’s Health®,SALITUDINE S.L.,+34 633 56 23 05,info@meteoriteshealth.com,Nutrición y suplementos,tienda_online,No Amazon V1,jose@libertyseller.com,PEREZ QUILIS CARME,Administrador único,Alginet,2,19690,28,4.1,Shopify,https://meteoriteshealth.com,https://www.instagram.com/meteorites_health,B02955300,,2,,team@meteoriteshealth.com
nullure.com,Sierra Leona SLL,+34 623 78 46 04,info@nullure.com,Nutrición y suplementos,tienda_online,No Amazon V1,jose@libertyseller.com,,,Barcelona,2,19011,19,3.3,Shopify,https://www.nullure.com,https://www.instagram.com/nullure.supplements,B67298372,,0,,support@nullure.com
Back2Life,,+34 645 59 68 21,support@back2liferecovery.com,Nutrición y suplementos,tienda_online,No Amazon V1,jose@libertyseller.com,,,Barcelona,2,18559,8,3.6,Shopify,https://back2liferecovery.com,https://www.instagram.com/back2life_r,B67155424,sociedad,0,,
Hypertrophy,,+34 959 81 08 15,info@hypertrophynutrition.com,Nutrición y suplementos,tienda_online,No Amazon V1,jose@libertyseller.com,,,,2,17653,31,9.7,PrestaShop,http://www.hypertrophynutrition.com,https://www.instagram.com/hypernutricion,B21492343,sociedad,0,,hola@hypernutricion.com
Naturalmeria Herbolario,,+34 680 22 52 48,hnaturalmeria@gmail.com,Nutrición y suplementos,tienda_online,No Amazon V1,jose@libertyseller.com,,,Huércal-Overa,2,16522,420,3.1,Shopify,https://naturalmeria.com,https://www.instagram.com/naturalmeria__,B04351193,sociedad,0,,
AJ7 Fitness Guadalajara,AJ7 Fitness,+34 949 02 82 82,info@aj7fitness.com,Nutrición y suplementos,tienda_online,No Amazon V1,jose@libertyseller.com,,,Guadalajara,2,16295,32,6.3,PrestaShop,https://aj7fitness.com,https://www.instagram.com/aj7.fitness,05290360S,,0,,
Neovital Health,NEOVITAL HEALTH S.L.,+34 936 63 38 77,info@neovitalhealth.com,Nutrición y suplementos,tienda_online,No Amazon V1,jose@libertyseller.com,ALBARDIAS MARFIL ROMAN,Repr.143 Rrm,Sant Boi de Llobregat,2,15616,184,15.8,Shopify,https://www.neovitalhealth.com,,B65340580,,2,,info@neovitalhelath.com
Nutrabetter,,+34 655 32 69 77,info@nutrabetter.com,Nutrición y suplementos,tienda_online,No Amazon V1,jose@libertyseller.com,,,Barcelona,2,13353,33,2.6,Shopify,https://www.nutrabetter.com,,B56555527,sociedad,0,,
Nutracéuticos,Carlos Martos Torras,+34 644 34 00 88,info@suprabodies.com,Nutrición y suplementos,tienda_online,No Amazon V1,jose@libertyseller.com,,,Torre de Benagalbón,2,13353,24,1.8,Shopify,https://suprabodies.com,https://www.instagram.com/suprabodies,44298613S,,0,,info@alimentosnutraceuticos.com
Enasport,Términos del Servicio GENERALIDADES Laboratorio Ena Europe S.L.,+34 912 34 56 78,info@enasport.es,Nutrición y suplementos,tienda_online,No Amazon V1,jose@libertyseller.com,,,Madrid,2,12448,15,3.3,Shopify,https://www.enasport.es,https://www.instagram.com/enasport_es,B67595900,,0,+34 678 67 97 56,
Dietas Sport,Dietas Sport S.L.L.,+34 976 23 77 72,pedidosdietassport@gmail.com,Nutrición y suplementos,tienda_online,No Amazon V1,jose@libertyseller.com,,,,2,11769,605,9.7,PrestaShop,https://www.herbodieteticasport.es,,,,0,,
Femmeup,NATURDAMA LABO SL,+34 686 19 36 35,jou.lopez@femmeup.es,Nutrición y suplementos,tienda_online,No Amazon V1,jose@libertyseller.com,,,,2,11316,46,1.4,Shopify,https://femmeup.com,https://www.instagram.com/femmeup.es,B02652436,sociedad,0,,
Nutribionatur,MÓNICA BARCO CEPA,+34 601 12 40 20,nutribionatur@nutribionatur.com,Nutrición y suplementos,tienda_online,No Amazon V1,jose@libertyseller.com,,,L'Hospitalet de Llobregat,2,11090,582,9.7,PrestaShop,https://www.nutribionatur.com,https://www.instagram.com/nutribionatur,38445809K,,0,+34 623 04 55 82,"nbn@nutribionatur.com; nutribionatur@nutribionatur.com"
Salud Natural,"SoyDigital Network, S.L.U.",+34 678 90 03 09,info@farmamasnatural.com,Nutrición y suplementos,tienda_online,No Amazon V1,jose@libertyseller.com,LACOSTE MARTIN JESUS ANGEL,Administrador único,Santa Cruz de Tenerife,2,10864,367,9.7,PrestaShop,http://farmamasnatural.com,https://www.instagram.com/farmamasnatural,02624783T,,1,+34 822 66 26 54,
www.impulsenutricionbarcelona.com,"PUREZZA LIFE, S.L.",+34 931 25 30 74,info@impulsenutricionbarcelona.com,Nutrición y suplementos,tienda_online,No Amazon V1,jose@libertyseller.com,PEREZ GARCIA SERGIO,Administrador único,Badalona,2,10637,452,9.7,PrestaShop,https://www.impulsenutricionbarcelona.com,https://www.instagram.com/impulse_nutricion_barcelona,B67036202,,1,+34 601 14 36 84,
101 Other Level,101 OTHER LEVEL NUTRICIÓN S.L.,+34 681 93 39 61,info@101otherlevel.com,Nutrición y suplementos,tienda_online,No Amazon V1,jose@libertyseller.com,,,Lorca,2,10411,74,2.5,Shopify,https://101otherlevel.com,https://www.instagram.com/101otherlevel,B70689021,,0,,customerservice@101otherlevel.com
Herbolarios Dimam Online,Merlo y Torrente sl,+34 958 54 53 94,info@herbolariosdimam.es,Nutrición y suplementos,tienda_online,No Amazon V1,jose@libertyseller.com,MERLO TORRENTE MARIA,Administrador único,,2,9732,1925,7.5,PrestaShop,https://www.herbolariosdimam.es,https://www.instagram.com/herbolariosdimam,B18415224,,2,,
Gymer Life,GYMER LIFE S.L.U.,+34 624 63 46 25,info@gymer.es,Nutrición y suplementos,tienda_online,No Amazon V1,jose@libertyseller.com,HARO RAMOS FRANCISCO JAVIER,Administrador único,,2,9053,59,4.1,PrestaShop,https://gymer.es,https://www.instagram.com/soygymer,B02868198,,1,,
nutritionplanet.es,"SALOMON RMI FIT, S.L.",+34 692 20 26 36,info@nutritionplanet.es,Nutrición y suplementos,tienda_online,No Amazon V1,jose@libertyseller.com,MUÑOZ IGLESIAS RUBEN,Administrador único,,2,8600,270,6.3,PrestaShop,https://nutritionplanet.es,https://www.instagram.com/sportplanetnutrition,B09573106,,1,,sportplanetnutrition@gmail.com
POWERLABS Nutrition,POWERLABS NUTRITION SLU,+34 655 90 96 46,info@powerlabsnutrition.com,Nutrición y suplementos,tienda_online,No Amazon V1,jose@libertyseller.com,AGULLO GARCIA CARLOS,Administrador único,,2,8329,16,9.1,PrestaShop,http://powerlabsnutrition.com,https://www.instagram.com/power_labs,B02693414,,1,,
Fit and Shop,,+34 608 56 12 98,info@fitandshop.es,Nutrición y suplementos,tienda_online,No Amazon V1,jose@libertyseller.com,,,,2,8148,806,3.6,PrestaShop,https://fitandshop.es,,49921616R,,0,,
ECOALF,"Ecoalf Recycled Fabrics, SL",+34 911 67 18 62,contacto@ecoalf.com,Regalos y celebraciones,tienda_online,No Amazon V1,jose@libertyseller.com,GOYENECHE MARSANS JAVIER,Presidente / consejero delegado,Madrid,1,1219615,1864,8.2,Shopify,https://ecoalf.com,https://www.instagram.com/ecoalf,B85910610,,25,+34 919 02 50 49,outlet.rozas@ecoalf.com
Closet,"Closet Bcn, S.L.",+34 613 88 55 11,contacto@closetshop.es,Regalos y celebraciones,tienda_online,No Amazon V1,jose@libertyseller.com,FERRAN GIL MIREIA,Administrador solidario,Barcelona,1,382288,288,5.2,Shopify,https://closetshop.es,https://www.instagram.com/closet.bcn,B56714876,,2,"+34 617 35 84 41; +34 686 45 71 28","info@closetshop.com; info@closetshop.es"
nappy.es,ENAPPY S.L.,+34 654 85 41 83,info@tigestion.com,Regalos y celebraciones,tienda_online,No Amazon V1,jose@libertyseller.com,DAPENA CRESPO MARIA TERESA,Apoderado,Madrid,1,291429,5,8.3,PrestaShop,https://nappy.es,https://www.instagram.com/nappy.es,B82515073,,1,+34 915 12 41 74,pedidos@nappy.es
Alliwant,Alliwant Modas SL,+34 629 90 14 65,internacional.alliwant@gmail.com,Regalos y celebraciones,tienda_online,No Amazon V1,jose@libertyseller.com,GARCIA BECERRA ANA,Administrador único,Campillos,1,225127,159,9.6,Shopify,https://alliwant.es,https://www.instagram.com/alliwantmoda,B72893936,,1,+34 913 27 70 20,hola@alliwant.es
latiendacomprometida.com,Casa Comprometida S. Coop,+34 623 23 72 10,contacto@latiendacomprometida.com,Regalos y celebraciones,tienda_online,No Amazon V1,jose@libertyseller.com,,,Bilbao,1,199778,602,9.4,PrestaShop,https://latiendacomprometida.com,https://www.instagram.com/latiendacomprometida,F95964086,,0,,
Baby House,Sequra Worldwide S.A.,+34 693 75 52 87,info@babyhouse.es,Regalos y celebraciones,tienda_online,No Amazon V1,jose@libertyseller.com,SETH DAVID KRISTOFFER BACKSTROM,Presidente / consejero delegado,,1,186991,481,8.3,PrestaShop,https://babyhouse.es,https://www.instagram.com/baby_house_es,B09900051,,38,"+34 910 41 64 99; +34 968 22 87 02; +34 958 49 39 79; +4922199987860","ventas@babyhouse.es; clientes@sequra.es"
La Chata Merengüela,,+34 699 78 88 84,hola@lachatamerenguela.com,Regalos y celebraciones,tienda_online,No Amazon V1,jose@libertyseller.com,,,San Sebastián de los Reyes,1,185124,5344,7.5,Shopify,https://lachatamerenguela.com,https://www.instagram.com/lachatamerenguelashop,52978663A,,0,+34 919 48 20 76,
nenelandia.es,,+34 916 54 43 04,info@nenelandia.es,Regalos y celebraciones,tienda_online,No Amazon V1,jose@libertyseller.com,,,,1,176297,1151,9.7,PrestaShop,https://nenelandia.es,https://instagram.com/nenelandia_tienda,B84661107,sociedad,0,"+34 916 67 97 53; +34 692 67 49 98",
tellmeGen,"GENELINK, S.L.",+34 960 09 05 96,info@tellmegen.com,Regalos y celebraciones,tienda_online,No Amazon V1,jose@libertyseller.com,CATALA LLOSA RAMON,Administrador único,Valencia,1,164528,20,6.2,Shopify,https://shop.tellmegen.com,https://www.instagram.com/tellmegen_es,B98649494,,1,,"dpo@tellmegen.com; lopd@tellmegen.com"
MATTUÎ Collection,,+34 640 76 93 74,clientes@mattuicollection.com,Regalos y celebraciones,tienda_online,No Amazon V1,jose@libertyseller.com,,,Madrid,1,156742,97,6.7,Shopify,https://mattuicollection.com,https://instagram.com/mattuicollection,,,0,+34 900 81 49 00,info@mattuicollection.com
FIESTA & FLÚOR SL,Fiesta & Flúor SL,+34 678 99 24 64,info@luminososfluorescentes.com,Regalos y celebraciones,tienda_online,No Amazon V1,jose@libertyseller.com,,,,1,151616,41,7.3,PrestaShop,https://luminososfluorescentes.com,https://www.instagram.com/luminososfluorescentes_,B25955139,,0,+34 912 79 75 86,
Injusa,"Industrial Juguetera, S.A.",+34 605 49 91 76,info@injusa.com,Regalos y celebraciones,tienda_online,No Amazon V1,jose@libertyseller.com,BERBEGAL NAVARRO JOSE ANTONIO,Presidente / consejero delegado,,1,151039,173,9.7,Shopify,https://www.injusa.com,https://www.instagram.com/injusa_oficial,A03003324,,12,"+34 606 60 60 01; +34 610 11 15 20; +34 611 82 11 11; +34 624 57 31 22",
La Croixé,"Guest Dress, SL",+34 937 12 74 13,comercial@lacroixe.com,Regalos y celebraciones,tienda_online,No Amazon V1,jose@libertyseller.com,MARTIN ACEBES NOEMI,Administrador único,Barcelona,1,148685,171,9.7,Shopify,https://lacroixe.com,https://www.instagram.com/lacroixe,B66620352,,2,"+34 938 07 47 70; +34 649 31 61 67; +34 931 15 61 02",info@lacroixe.com
Arpa,Arpa & Alfil Editores S.L.,+34 931 99 44 48,contacto@arpaeditores.com,Regalos y celebraciones,tienda_online,No Amazon V1,jose@libertyseller.com,PALAU ARVIZU ALVARO,Administrador único,Barcelona,1,139530,335,9.7,Shopify,http://arpaeditores.com,https://instagram.com/arpaeditores,B66543257,,1,,"constanza@arpaeditores.com; cristina@arpaeditores.com"
Desclée De Brouwer,Editorial Desclée De Brouwer S.A.,+34 944 24 68 43,info@edesclee.com,Regalos y celebraciones,tienda_online,No Amazon V1,jose@libertyseller.com,GOGEASCOECHEA OLABARRIAGA JAVIER,Presidente / consejero delegado,Bilbao,1,119670,1440,9.7,PrestaShop,https://www.edesclee.com,https://www.instagram.com/editorialdescleedebrouwer,A48027122,,7,+34 680 74 21 43,web@edesclee.com
unabodamagica.com,Noelia Martínez Cutillas,+34 688 39 63 94,info@unabodamagica.com,Regalos y celebraciones,tienda_online,No Amazon V1,jose@libertyseller.com,,,,1,114985,243,8.5,PrestaShop,https://unabodamagica.com,https://www.instagram.com/unabodamagica,77839796E,,0,,
quokkababy.es,QUOKKABABY SL,+34 912 37 23 16,info@quokkababy.es,Regalos y celebraciones,tienda_online,No Amazon V1,jose@libertyseller.com,HUETE DIAZ FAUSTO,Administrador solidario,,1,113389,36,5.1,PrestaShop,https://quokkababy.es,https://www.instagram.com/quokkababywearing,B72644123,,2,,
Adda Ong,,+34 902 19 76 00,adda@addaong.org,Regalos y celebraciones,tienda_online,No Amazon V1,jose@libertyseller.com,,,Barcelona,1,109089,1332,9.7,PrestaShop,https://www.addaong.org,https://www.instagram.com/ongadda,G58809104,,0,+34 934 59 16 01,
Catalina Lunares,,+34 611 64 84 75,info@catalinalunares.com,Regalos y celebraciones,tienda_online,No Amazon V1,jose@libertyseller.com,,,Valladolid,1,103884,215,9.7,PrestaShop,https://www.catalinalunares.com,,12395384V,autonomo,0,,
Mimoki,"MIMOKI DESIGN, S.L.",+34 602 25 26 87,mimoki@mimoki.es,Regalos y celebraciones,tienda_online,No Amazon V1,jose@libertyseller.com,CHICO DE GUZMAN ESCRIVA DE ROMANI ANA MARIA,Administrador único,Madrid,1,96075,1028,9,Shopify,https://mimoki.es,https://www.instagram.com/mimokishop,B86596517,,1,+34 911 82 51 31,kimomi@kimomicomunicacion.com
Pinpi,"PINPILINPAUXA PLANET, S.L.",+34 911 27 41 04,info@pinpi.es,Regalos y celebraciones,tienda_online,No Amazon V1,jose@libertyseller.com,BERRA ASTABURUAGA ASIER,Administrador solidario,Las Rozas de Madrid,1,89738,1052,8,PrestaShop,https://www.pinpi.es,https://www.instagram.com/pinpi.es,B75093690,,2,+34 649 51 75 56,pedidos@pinpi.es
Tiralahilacha,MANUFACTURAS VALL BENAIGES S.A.,+34 621 12 07 03,orders@tiralahilacha.com,Regalos y celebraciones,tienda_online,No Amazon V1,jose@libertyseller.com,TERMENS NAVARRO TOMAS,Presidente / consejero delegado,Tàrrega,1,87136,888,9.7,Shopify,https://tiralahilacha.com,https://instagram.com/tiralahilacha,A25018979,,7,,"pedidos@tiralahilacha.com; orders@tiralailacha.com; info@tiralahilacha.com"
Superbebé Sevilla ®,GRUPO HAV SUPERBEBE SL,+34 644 20 92 22,tienda@tiendasuperbebe.es,Regalos y celebraciones,tienda_online,No Amazon V1,jose@libertyseller.com,DE LA ROSA FERNANDEZ MARIA CRISTINA,Administrador único,,1,78422,1286,8.1,PrestaShop,https://tiendasuperbebe.es,,B27561216,,1,+34 954 04 92 22,superbebesevilla@gmail.com
Vidalibros.es,Vidalibros Distribuidora Cristiana S.L.,+34 678 43 67 17,ayuda@vidalibros.es,Regalos y celebraciones,tienda_online,No Amazon V1,jose@libertyseller.com,VERGEL DUEÑAS DARWIN ASHLEY,Administrador único,Madrid,1,77675,4114,5.4,Shopify,https://www.vidalibros.es,,B05365754,,1,+34 678 16 23 76,"darwin.vergel@vidalibros.es; darwin@vidalibros.es"
BAC Editorial,,+34 911 71 74 31,ventas@bac-editorial.com,Regalos y celebraciones,tienda_online,No Amazon V1,jose@libertyseller.com,,,,1,74314,1316,9.7,PrestaShop,https://bac-editorial.es,,R2800387I,,0,,pedidos@edicionescee.es
Tienda de bebés,,+34 868 78 09 14,info@kukutata.com,Regalos y celebraciones,tienda_online,No Amazon V1,jose@libertyseller.com,,,,1,70082,1228,7.2,PrestaShop,https://www.kukutata.com,,,,0,"+34 868 78 09 14; +34 646 27 96 75",pedidos@kukutata.com
Smalls by Collantes,,+34 687 01 28 89,hola@smalls.es,Regalos y celebraciones,tienda_online,No Amazon V1,jose@libertyseller.com,,,,1,66596,1850,7,PrestaShop,https://www.smalls.es,https://www.instagram.com/smallsbebes,71282356C,,0,+34 947 05 24 03,
Procomobel,PROCOMOBEL S.L.,+34 673 53 73 40,info@procomobel.com,Regalos y celebraciones,tienda_online,No Amazon V1,jose@libertyseller.com,,,Alicante,1,63236,144,8.6,PrestaShop,https://procomobel.com,https://www.instagram.com/Procomobel,B30444798,,0,"+34 965 72 43 20; +34 865 66 07 33",
Nanas,BAKTOO HOGAR S.L.,+34 856 04 61 47,Nanasbebe@nanasbebe.com,Regalos y celebraciones,tienda_online,No Amazon V1,jose@libertyseller.com,,,,1,60124,358,8,PrestaShop,https://nanasbebe.com,https://www.instagram.com/tiendas_nanas,B72012404,,0,,info@nanasbebe.com
Tienda Grumetes Moda Infantil,,+34 950 03 27 73,tiendagrumetes@gmail.com,Regalos y celebraciones,tienda_online,No Amazon V1,jose@libertyseller.com,,,Almería,1,59999,4041,8.6,Shopify,https://www.tiendagrumetes.es,https://www.instagram.com/tiendagrumetes,75262757H,autonomo,0,"+34 613 83 38 13; +34 630 34 13 18",clientesgrumetes@gmail.com
Omega Center Madrid,IMPERIO OTAKU S.L.,+34 912 19 09 81,info@otakucenter.es,Arte y manualidades,tienda_online,No Amazon V1,daniela@libertyseller.es,HERRAIZ HERNANDEZ JUAN,Administrador mancomunado,Madrid,1,385218,23711,8.9,PrestaShop,https://www.omegacenter.es,https://www.instagram.com/omega_center_madrid,B85252039,,2,+34 915 23 00 42,"info@otakucenter.es; reservas@otakucenter.es"
My Retro Poster,Barcelona It’ s a,+34 648 14 99 63,hello@myretroposter.com,Arte y manualidades,tienda_online,No Amazon V1,daniela@libertyseller.es,,,Sitges,1,265447,1575,7.9,Shopify,https://myretroposter.com,https://www.instagram.com/myretroposter,B26641837,,0,"+34 648 14 99 63; +34 676 39 46 62; +13023949936",pamela@myretroposter.com
Buysculpture Art Gallery,Artesanias Urregui SL,+34 607 71 23 14,europe@buysculpture.com,Arte y manualidades,tienda_online,No Amazon V1,daniela@libertyseller.es,URREA GUIA LUIS MIGUEL,Administrador único,Madrid,1,232414,14,9.7,PrestaShop,https://buysculpture.com,https://www.instagram.com/buysculpture,B80241805,,1,"+34 650 46 32 70; +34 914 07 79 69",luisurrea@urregui.com
Mil Comics,"MILCOMICS, S.L.",+34 976 42 12 94,,Arte y manualidades,tienda_online,No Amazon V1,daniela@libertyseller.es,GONZALEZ VERDOY GONZALO,Administrador único,Zaragoza,1,226281,312,7.1,PrestaShop,https://www.milcomics.com,https://www.instagram.com/milcomics,B99342172,sociedad,2,,
Rock&Tools,,+34 964 24 10 23,info@rockandtools.com,Arte y manualidades,tienda_online,No Amazon V1,daniela@libertyseller.es,,,Borriol,1,184727,379,9.7,Shopify,https://rockandtools.com,https://www.instagram.com/rockandtools,B19387414,sociedad,0,+34 650 94 08 12,info@rockandtool.com
Posterist,,+447471222801,support@posterist.co.uk,Arte y manualidades,tienda_online,No Amazon V1,daniela@libertyseller.es,,,Palma,1,149081,1005,4.5,Shopify,https://www.posterist.net,https://www.instagram.com/cleancanvas/,,,0,+447451222801,info@posterist.co.uk
El Croquis,,+34 918 96 94 10,informacion@elcroquis.es,Arte y manualidades,tienda_online,No Amazon V1,daniela@libertyseller.es,,,,1,146048,774,9.5,Shopify,http://elcroquis.es,https://www.instagram.com/el_croquis,,,0,"+34 918 96 94 13; +34 915 41 42 69; +34 915 59 30 03","administracion@elcroquis.es; marketing@elcroquis.es"
ARTISAN GALLERY,"JD ARTISAN, S.L.",+34 624 27 39 61,info@artisangallery.es,Arte y manualidades,tienda_online,No Amazon V1,daniela@libertyseller.es,ARAGON BETANCOURT DOLYS MARIA,Administrador único,,1,141873,1533,7.1,PrestaShop,http://www.artisangallery.es,https://www.instagram.com/artisangallerys,B44617975,,1,+34 919 35 44 05,contacto@artisangallery.es
www.writersmadrid.es,,+34 918 97 61 28,info@writersmadrid.es,Arte y manualidades,tienda_online,No Amazon V1,daniela@libertyseller.es,,,Madrid,1,118040,188,7.7,PrestaShop,https://www.writersmadrid.es,https://www.instagram.com/writersmadrid_official,B85900215,sociedad,0,,
AUGUSTO FERRER,,+34 661 84 10 66,admin@historicaloutline.com,Arte y manualidades,tienda_online,No Amazon V1,daniela@libertyseller.es,,,,1,105921,35,7.4,PrestaShop,https://augustoferrerdalmau.com,https://www.instagram.com/augustoferrerdalmau,,,0,,
Metamorph Center,,+34 669 46 06 15,info@metamorphcenter.com,Arte y manualidades,tienda_online,No Amazon V1,daniela@libertyseller.es,,,,1,103092,500,1.5,Shopify,https://metamorphcenter.com,https://www.instagram.com/metamorph_tcg,B25937830,sociedad,0,,
IKIGAI COMICS,MARIO GIL •,+34 634 73 35 15,ikigaicomicstienda@gmail.com,Arte y manualidades,tienda_online,No Amazon V1,daniela@libertyseller.es,,,Salamanca,1,92454,8921,1.7,Shopify,https://ikigaicomicstienda.com,https://www.instagram.com/ikigai.comics,,,0,,
La Capell,,+34 911 33 85 02,info@lacapell.com,Arte y manualidades,tienda_online,No Amazon V1,daniela@libertyseller.es,,,Barcelona,1,78671,5018,8.3,PrestaShop,https://www.lacapell.com,https://www.instagram.com/lacapell_com,F08493611,,0,"+34 932 24 39 32; +34 931 59 79 96; +34 932 24 39 21","atencioalsoci@lacapell.com; atencioalsoci@jordicapell.com"
Atom Cómics,Cómic y de la Lectura Atom Comics S.L.,+34 911 15 12 14,atomcomics@atomcomics.net,Arte y manualidades,tienda_online,No Amazon V1,daniela@libertyseller.es,,,Madrid,1,75367,26058,5.4,PrestaShop,https://atomcomics.net,https://www.instagram.com/atomcomics,B84232305,,0,,info@atomcomics.net
Chunichi Cómics,,+34 935 41 79 38,order.chunichi@gmail.com,Arte y manualidades,tienda_online,No Amazon V1,daniela@libertyseller.es,,,Barcelona,1,73896,1536,7.8,PrestaShop,http://www.chunichicomics.com,https://www.instagram.com/chunichi_comics,B87641353,sociedad,0,,
Artesanías Montejo,,+34 941 36 24 06,comercial@artesaniasmontejo.com,Arte y manualidades,tienda_online,No Amazon V1,daniela@libertyseller.es,,,Nájera,1,68090,6501,9.7,PrestaShop,https://www.artesaniasmontejo.com,https://www.instagram.com/artemontejo,,,0,+34 941 36 20 85,equipotecnico@artesaniasmontejo.com
BAGOUVE,BAGOUVE S.L.,+34 652 93 38 55,support@bagouve.com,Arte y manualidades,tienda_online,No Amazon V1,daniela@libertyseller.es,,,Madrid,1,63236,309,7.9,Shopify,https://www.bagouve.com,https://www.instagram.com/bagouve,,,0,,support@bagouve.com
Baka&Otaku,,+34 696 32 32 35,info@bakaotaku.es,Arte y manualidades,tienda_online,No Amazon V1,daniela@libertyseller.es,,,,1,60248,1044,3.1,PrestaShop,https://www.bakaotaku.es,https://www.instagram.com/bakaotaku_grancanaria,B56721418,,0,,
pinturaspalacios.com,,+34 679 06 45 11,info@pinturaspalacios.com,Arte y manualidades,tienda_online,No Amazon V1,daniela@libertyseller.es,,,Badalona,1,57758,1266,9.4,PrestaShop,https://pinturaspalacios.com,,B61358370,sociedad,0,"+34 933 99 08 00; +34 621 15 22 63",
tutemimas.com,,+34 698 17 69 52,info@tutemimas.com,Arte y manualidades,tienda_online,No Amazon V1,daniela@libertyseller.es,,,A Coruña,1,56627,178,9.7,PrestaShop,https://tutemimas.com,https://www.instagram.com/tutemimastiendaonline,B70424213,sociedad,0,+34 900 10 00 00,
The Madrileñer,,+34 692 93 58 21,hola@themadrilener.com,Arte y manualidades,tienda_online,No Amazon V1,daniela@libertyseller.es,,,Las Rozas de Madrid,1,53232,32,4.8,Shopify,https://themadrilener.com,https://www.instagram.com/be_themadrilener,B88541065,sociedad,0,,hola@themadirlener.com
Verónica de la Vega,Proyectos Comerciales de la Vega y Asociados SL,+34 605 98 70 97,convdevega@gmail.com,Arte y manualidades,tienda_online,No Amazon V1,daniela@libertyseller.es,,,San Fernando,1,47936,61,7.5,Shopify,https://veronicadelavega.es,,,,0,,
LASAL BOOKS,,+34 674 29 17 88,lasalbooks@gmail.com,Arte y manualidades,tienda_online,No Amazon V1,daniela@libertyseller.es,,,Vigo,1,46340,593,5.4,Shopify,https://lasalbooks.com,https://instagram.com/lasalbooks,,,0,,
AKA GRAFFITI,,+34 685 66 47 23,info@akagraffiti.com,Arte y manualidades,tienda_online,No Amazon V1,daniela@libertyseller.es,,,,1,39573,47,7.5,PrestaShop,https://www.akagraffiti.com,https://www.instagram.com/akagraffiti,53361778F,,0,,vinilopasion@gmail.com
FREAKSHOW STORE,FREAKSHOW STORE GIRONA S.L.,+34 636 19 01 33,info@freakshowstore.com,Arte y manualidades,tienda_online,No Amazon V1,daniela@libertyseller.es,JOAN MUÑOZ MARTIN-CONSUEGRA,Administrador solidario,Girona,1,37661,5487,3,Shopify,https://www.freakshowstore.com,,B55338420,,2,+34 872 98 20 34,
comprar pintura online,Pinturas el Cerro SL,+34 954 63 44 46,pedidos@pinturaselcerro.com,Arte y manualidades,tienda_online,No Amazon V1,daniela@libertyseller.es,GUTIERREZ RODRIGUEZ JUAN CARLOS,Administrador único,Seville,1,36755,278,7.5,PrestaShop,https://pinturaselcerro.com,https://www.instagram.com/pinturaselcerrosl,B41651357,,1,+34 954 63 62 94,
www.arte43.es,,+34 960 61 60 43,info@arte43.es,Arte y manualidades,tienda_online,No Amazon V1,daniela@libertyseller.es,,,,1,36042,426,8.3,PrestaShop,https://www.arte43.es,https://www.instagram.com/arte_43,44510138D,,0,,info@ate43.es
Mamut Comics,"BANG EDICIONES, SL",+34 930 27 88 50,shop@mamutcomics.com,Arte y manualidades,tienda_online,No Amazon V1,daniela@libertyseller.es,STEPHANE PAUL REMI CORBINAIS,Administrador único,,1,35748,157,9.7,PrestaShop,https://mamutcomics.com,https://www.instagram.com/mamutcomics,B63458566,,1,,"contacto@bangediciones.com; dpo@bangediciones.com"
Amezkua Shop,,+34 912 50 78 32,info@amezkua.com,Arte y manualidades,tienda_online,No Amazon V1,daniela@libertyseller.es,,,Madrid,1,33428,1601,7.3,Shopify,https://amezkua.com,https://www.instagram.com/amezkuashop,B88117262,sociedad,0,,tienda@amezkua.com
www.artsfite.com,,+34 937 11 89 01,info@artsfite.com,Arte y manualidades,tienda_online,No Amazon V1,daniela@libertyseller.es,,,Sabadell,1,32478,251,9.7,PrestaShop,https://www.artsfite.com,https://www.instagram.com/artsfite,,,0,,
SECURTEX MOTOR S.L (t/a MaximoMoto),,+34 961 21 39 61,customersupport@maximo-moto.com,Automoción y moto,tienda_online,No Amazon V1,daniela@libertyseller.es,,,Paiporta,1,462350,13922,9.7,Shopify,https://maximo-moto.com,https://www.instagram.com/maximomotospain,B40624157,sociedad,0,,"info@maximo-moto.com; info@maximomoto.es"
Motopasión Store,"SEQURA WORLDWIDE, S.A.",+34 986 28 83 64,at.cliente@motopasionstore.com,Automoción y moto,tienda_online,No Amazon V1,daniela@libertyseller.es,SETH DAVID KRISTOFFER BACKSTROM,Presidente / consejero delegado,Vigo,1,367871,8585,5.8,PrestaShop,https://motopasionstore.com,https://www.instagram.com/motopasionstore,A66054164,sociedad,38,+34 981 25 55 26,web@motopasionstore.com
GT Automoción Shop,,+34 919 89 80 80,tienda@grupogt.shop,Automoción y moto,tienda_online,No Amazon V1,daniela@libertyseller.es,,,Aranjuez,1,324144,56,1.9,Shopify,https://gtautomocion.shop,https://www.instagram.com/gtautomocion_shop,B10535516,sociedad,0,+34 722 62 28 22,tienda@gtautomocion.com
Ducati Madrid,SPORT MOTORBIKE MADRID S. L,+34 876 40 51 50,info@ducatimadrid.com,Automoción y moto,tienda_online,No Amazon V1,daniela@libertyseller.es,,,Madrid,1,315589,7,7.7,PrestaShop,https://ducatimadrid.com,https://instagram.com/ducatimadrid,B86525862,,0,"+34 914 44 01 15; +34 606 45 41 29","direccion@ducatimadrid.com; dirección@ducatimadrid.com; n@ducatimadrid.com; recambios@ducatimadrid.com; recepcion@ducatimadrid.com"
Confortauto ES,,+34 966 91 98 91,info@conforauto.com,Automoción y moto,tienda_online,No Amazon V1,daniela@libertyseller.es,,,Elche,1,286212,12989,9.7,Shopify,https://www.confortauto.com,https://www.instagram.com/confortautoes,G53607636,,0,+34 965 49 56 76,
Motos Garrido,"MOTOS GARRIDO, S.L.",+34 952 41 43 59,info@alcalink.com,Automoción y moto,tienda_online,No Amazon V1,daniela@libertyseller.es,,,,1,284379,4431,7.5,PrestaShop,http://www.motosgarrido.com,https://www.instagram.com/motosgarrido,B09626474,,0,,notificaciones@motosgarrido.com
Repiauto,CLK CLS GL GLA GLC GLE GLK GLS SL,+34 607 80 68 07,infopro@repiauto.com,Automoción y moto,tienda_online,No Amazon V1,daniela@libertyseller.es,,,,1,252614,575,6.8,PrestaShop,https://www.repiauto.com,https://www.instagram.com/repiauto_fr,B67544759,,0,,info@repiauto.com
www.solocaraudio.com,Solocaraudio.com,+34 648 21 53 54,info@solocaraudio.com,Automoción y moto,tienda_online,No Amazon V1,daniela@libertyseller.es,,,,1,207066,1291,9.7,PrestaShop,http://www.solocaraudio.com,https://www.instagram.com/solo.car.audio,33461299W,,0,"+34 961 52 55 00; +34 931 76 00 08",
Llantas y Ruedas Oficial,,+34 674 53 63 46,info@cesamiberica.es,Automoción y moto,tienda_online,No Amazon V1,daniela@libertyseller.es,,,Cornellà de Llobregat,1,205085,612,9.7,PrestaShop,https://llantasyruedas.es,https://www.instagram.com/llantasyruedas,B66222191,sociedad,0,"+34 699 44 24 96; +34 911 66 08 49; +34 935 13 02 68; +34 947 78 02 35",info@llantasyruedas.es
Motos Calleja,"MOTOS CALLEJA, S.L.",+34 912 45 27 01,administracion@calleja.es,Automoción y moto,tienda_online,No Amazon V1,daniela@libertyseller.es,GARCIA SANCHEZ LUIS ANTONIO,Administrador único,,1,181084,16994,8.9,PrestaShop,https://calleja.es,https://www.instagram.com/motoscalleja,B75589515,,2,+34 915 27 67 03,info@calleja.es
Iguana Custom,,+34 966 37 34 80,info@iguanacustom.com,Automoción y moto,tienda_online,No Amazon V1,daniela@libertyseller.es,,,,1,177757,3696,9.7,PrestaShop,https://www.iguanacustom.com,https://www.instagram.com/iguanacustom,B09708363,sociedad,0,,info@www.iguanacustom.com
MoreMoto,"MOREMOTORACING, S.L.",+34 916 85 55 49,info@moremotoracing.net,Automoción y moto,tienda_online,No Amazon V1,daniela@libertyseller.es,,,Móstoles,1,170492,45156,9.7,PrestaShop,https://moremotoracing.com,https://www.instagram.com/moremotoracing,B84131713,,0,,info@moremotoracing.com
Comprar Kayaks Baratos Online,KOL OUTDOOR S.L.,+34 693 75 97 58,sac@kayaksonline.es,Automoción y moto,tienda_online,No Amazon V1,daniela@libertyseller.es,SABATELL ROMERO JOSE MANUEL,Administrador único,,1,169122,16,8.3,PrestaShop,https://www.kayaksonline.es,https://www.instagram.com/kayaksonlinesv,B42942961,,1,,info@kayaksonline.es
www.imoveblue.es,,+34 688 75 18 88,info@imoveblue.es,Automoción y moto,tienda_online,No Amazon V1,daniela@libertyseller.es,,,Vitoria-Gasteiz,1,163102,266,7.3,PrestaShop,https://www.imoveblue.es,https://www.instagram.com/imoveblue.es,J01585108,sociedad,0,,
SDT BRAKES,SDT Brakes Europe S.L.,+34 622 61 88 91,info@sdtbrakes.com,Automoción y moto,tienda_online,No Amazon V1,daniela@libertyseller.es,MACHADO TURQUI ALFREDO DAVID,Administrador único,Granollers,1,159492,689,6.9,PrestaShop,https://sdtbrakes.com,https://www.instagram.com/sdtbrakes,B06917918,,1,+34 622 61 88 91,
"Motos MH | Tienda Online de Motos, Pit Bikes, Motocross y Bicicletas Eléctricas 2025",Motor Mega Hebo S.L.,+34 955 35 35 03,info@motosmh.com,Automoción y moto,tienda_online,No Amazon V1,daniela@libertyseller.es,ARRAISS HICHAM,Administrador único,Seville,1,156052,1488,9.1,Shopify,https://motosmh.com,,B16974784,,1,+34 603 45 73 31,
GT2i.es,,+34 972 40 56 78,,Automoción y moto,tienda_online,No Amazon V1,daniela@libertyseller.es,,,,1,149636,3427,9.7,PrestaShop,https://www.gt2i.es,https://www.instagram.com/gt2i_espana,,,0,,
Impormotor,MIR TECHNOLOGY S.L.,+34 966 09 22 40,info@impormotor.com,Automoción y moto,tienda_online,No Amazon V1,daniela@libertyseller.es,,,,1,141465,654,5.4,PrestaShop,https://impormotor.com,,B42601716,,0,,"b2b@impormotor.com; postventa@impormotor.com; postventa.distribucion@gmail.com"
Car Care Europe,,+34 619 64 73 18,atencionalcliente@carcareeurope.es,Automoción y moto,tienda_online,No Amazon V1,daniela@libertyseller.es,,,Boadilla del Monte,1,135354,241,9.4,PrestaShop,https://carcareeurope.es,,B01684570,sociedad,0,"+34 916 33 43 69; +351914534763; +34 916 33 35 97",
Rey Alfombrillas®,,+34 910 60 99 32,ventas@reyalfombrillas.es,Automoción y moto,tienda_online,No Amazon V1,daniela@libertyseller.es,,,Madrid,1,130975,1953,8.4,PrestaShop,https://www.reyalfombrillas.es,https://www.instagram.com/reyalfombrillas,B88015433,sociedad,0,,
LED 4x4,SONBEDU S.L.,+34 676 73 76 29,clientes@led4x4.com,Automoción y moto,tienda_online,No Amazon V1,daniela@libertyseller.es,ANDREU BELLIDO DURAN,Administrador mancomunado,,1,124253,2184,8.4,PrestaShop,https://www.autoled4x4.com,,B55315816,,8,,facturacion@led4x4.com
Desguace Valencia,,+34 942 58 56 20,infopiezas@desguacemalvarrosa.com,Automoción y moto,tienda_online,No Amazon V1,daniela@libertyseller.es,,,,1,121503,89467,9.7,PrestaShop,https://desguacemalvarrosa.es,https://www.instagram.com/desguacemalvarrosa,B12345678,sociedad,0,"+34 960 45 25 10; +34 600 28 16 42",ventas@autosnavajeda.com
Offroad,,+34 951 51 77 87,web@az-offroad.com,Automoción y moto,tienda_online,No Amazon V1,daniela@libertyseller.es,,,,1,113865,15457,9.1,PrestaShop,https://az-offroad.com,https://www.instagram.com/az_offroad,B05334859,sociedad,0,+34 697 83 55 91,
Motos Tarragona,,+34 977 21 62 44,info@motos-tarragona.com,Automoción y moto,tienda_online,No Amazon V1,daniela@libertyseller.es,,,Tarragona,1,108976,148,7.4,Shopify,https://www.motostarragona.com,https://www.instagram.com/motostarragona,B43879931,sociedad,0,,"ventas@motos-tarragona.com; motostarragona@gmail.com"
MXZambrana,Zambrana Motos SLU,+34 952 74 11 01,info@mxzambrana.com,Automoción y moto,tienda_online,No Amazon V1,daniela@libertyseller.es,,,Mollina,1,106034,27994,9.7,PrestaShop,https://mxzambrana.com,https://www.instagram.com/zambranamotos,B29837051,,0,"+34 605 21 93 24; +34 664 84 87 41",ventasonline@mxzambrana.com
Motos Ceni,ANDA MOTOS S.L.,+34 916 78 06 81,info@motosceni.es,Automoción y moto,tienda_online,No Amazon V1,daniela@libertyseller.es,CENISERGUE PATIÑO DAVID,Administrador solidario,,1,103771,290,7.5,PrestaShop,https://www.motosceni.com,https://www.instagram.com/motosceni,B87584140,,2,,cenimotos@hotmail.com
Otoniel,,+34 634 04 30 21,info@otoniel.es,Automoción y moto,tienda_online,No Amazon V1,daniela@libertyseller.es,,,,1,102073,216,7.3,PrestaShop,https://otoniel.es,https://www.instagram.com/autodesguaceotoniel,B12345678,sociedad,0,+34 965 10 77 73,admin@otoniel.es
MOTOELITE,PARTE DE PAGO View MOTOS DE OCASIÓN HONDA CB,+34 673 33 82 32,administracion@motoelite.es,Automoción y moto,tienda_online,No Amazon V1,daniela@libertyseller.es,,,,1,100376,772,7.2,PrestaShop,https://motoelite.es,https://www.instagram.com/motoelite.sl,B36737294,,0,"+34 986 21 21 02; +34 986 21 35 59",motoelite@motoelite.es
Piezas,,+34 621 12 70 42,info@eco-piezas.com,Automoción y moto,tienda_online,No Amazon V1,daniela@libertyseller.es,,,,1,95510,55676,9.7,PrestaShop,https://eco-piezas.com,https://www.instagram.com/ecopiezasdesguace,B12345678,sociedad,0,+34 964 56 55 88,
Factory Bike,"TORRES DE DIOS, S.L.",+34 986 86 63 07,info@factory-bike.es,Automoción y moto,tienda_online,No Amazon V1,daniela@libertyseller.es,,,Pontevedra,1,91209,10116,8.6,PrestaShop,https://www.factory-bike.es,https://www.instagram.com/factorybike_galicia,B36532174,,0,"+34 646 65 62 60; +34 658 05 09 09; +34 687 02 93 93; +34 698 11 18 32",admin@factory-bike.es
www.mtrmotos.com,,+34 954 05 11 33,info@mtrmotos.com,Automoción y moto,tienda_online,No Amazon V1,daniela@libertyseller.es,,,,1,87815,1170,5.7,PrestaShop,https://www.mtrmotos.com,https://www.instagram.com/mtrmotorcycles,B90066440,sociedad,0,,
MORETTE Polimer SL,MORETTE Polimer SL,+34 667 57 27 01,info@morette.com,Automoción y moto,tienda_online,No Amazon V1,daniela@libertyseller.es,HAROLD CHARLES YVES O'CONNOR,Administrador único,,1,83175,68,5.1,PrestaShop,https://www.morette.com,https://www.instagram.com/morette_official,,,1,,
moto urban,Intercom Schuberth SC,+34 915 91 61 06,info@motourban.es,Automoción y moto,tienda_online,No Amazon V1,daniela@libertyseller.es,,,Madrid,1,82043,2151,9.7,PrestaShop,https://motourban.es,https://www.instagram.com/motourban2011,B86298577,,0,,pedidos@motourban.es
Electromaps,Electromaps S.L.,+34 667 66 92 31,info@electromaps.com,Automoción y moto,tienda_online,No Amazon V1,daniela@libertyseller.es,ESTEVE DOLSA SANVICENS,Apoderado,Barcelona,1,80798,26,9.7,Shopify,https://shop.electromaps.com,https://www.instagram.com/electromaps,B66513524,,9,,
RoanRacing.com,Motos Apollo SL,+34 636 62 86 24,info@roanracing.com,Automoción y moto,tienda_online,No Amazon V1,daniela@libertyseller.es,COULALI LABHAR ABDELILAH,Administrador solidario,Alcalá de Guadaíra,1,79044,1301,9.7,PrestaShop,https://www.roanracing.com,https://www.instagram.com/motosapollo/,B91773580,,3,+34 636 62 86 24,
Desguace de motos,,+34 663 06 99 15,info@motoye.com,Automoción y moto,tienda_online,No Amazon V1,daniela@libertyseller.es,,,,1,78049,17723,9.7,PrestaShop,https://www.motoye.es,,B81859613,sociedad,0,+34 915 08 79 33,info@motoye.es
ONNautic,JF Consultores TIC S.L.,+34 951 27 54 78,info@onnautic.com,Automoción y moto,tienda_online,No Amazon V1,daniela@libertyseller.es,GIL VAZQUEZ ANA MARIA,Administrador único,San Pedro de Alcántara,1,75367,25,8.6,PrestaShop,https://onnautic.com,https://www.instagram.com/onnautic,B93361806,,1,,
motossoria.es,SCHUBERTH Bluetooth Schuberth SC,+34 915 27 91 80,info@motossoria.es,Automoción y moto,tienda_online,No Amazon V1,daniela@libertyseller.es,,,Madrid,1,75186,516,9.7,PrestaShop,https://motossoria.es,https://www.instagram.com/motossoria,B82611252,,0,+34 615 31 77 69,
Tamscar,,+34 677 46 00 59,info@tamscar-audio.es,Automoción y moto,tienda_online,No Amazon V1,daniela@libertyseller.es,,,Alcobendas,1,75061,2923,9.7,PrestaShop,http://www.tamscar-audio.es,https://www.instagram.com/tamscaraudio,,,0,,
Boien Motos,,+34 936 54 59 02,info@boienmotos.es,Automoción y moto,tienda_online,No Amazon V1,daniela@libertyseller.es,,,,1,70829,12,5.8,PrestaShop,http://boienmotos.es,https://www.instagram.com/boienmotos,,,0,,info@boienmtos.es
Aventacar,,+34 613 99 48 08,aventacar@gmail.com,Automoción y moto,tienda_online,No Amazon V1,daniela@libertyseller.es,,,Torrejón de Ardoz,1,66099,33,1.1,Shopify,https://aventacar.es,https://www.instagram.com/aventacar,,,0,,
Accessauto4x4,"VISA, CB",+34 972 50 54 21,contact@accessauto4x4.com,Automoción y moto,tienda_online,No Amazon V1,daniela@libertyseller.es,,,,1,63360,20771,9.7,PrestaShop,https://accessauto4x4.com,,B55196257,sociedad,0,+34 972 50 54 21,
valdizarbe.es,Recuperaciones Valdizarbe S.L.,+34 668 84 81 23,rv@valdizarbe.es,Automoción y moto,tienda_online,No Amazon V1,daniela@libertyseller.es,GOÑI ROS SUSANA,Apoderado,Puente La Reina – Gares,1,58256,227,7.1,PrestaShop,https://valdizarbe.es,https://www.instagram.com/rvaldizarbe,B31275837,sociedad,3,"+34 948 34 04 98; +34 606 25 12 00",
FULLGAS,Sierra Leona SLL,+34 669 63 25 08,info@fullgasgarage.com,Automoción y moto,tienda_online,No Amazon V1,daniela@libertyseller.es,,,Montgat,1,57261,9970,9.7,Shopify,https://fullgasgarage.com,https://www.instagram.com/fullgasgarage,B75277681,,0,,
Desguaces Armonía,"DESGUACES ARMONIA, S.L.",+34 981 41 91 27,cat@desguacesarmonia.com,Automoción y moto,tienda_online,No Amazon V1,daniela@libertyseller.es,FERNANDEZ DE CASTRO RODRIGO,Presidente / consejero delegado,,1,56887,58104,9.7,PrestaShop,https://desguacesarmonia.com,https://www.instagram.com/desguaces.armonia,B12345678,sociedad,13,"+34 646 62 51 99; +34 690 12 95 39; +34 981 41 91 27",
EBC Frenos,,+34 916 09 36 19,info@find4u.es,Automoción y moto,tienda_online,No Amazon V1,daniela@libertyseller.es,,,Moraleja de Enmedio,1,56355,1311,9.5,PrestaShop,https://ebcfrenos.es,https://www.instagram.com/ebcfrenos,B85614329,sociedad,0,,
GadiCamper,"GADICAMPER CARAVANING Y AUTOMOCION, SOCIEDAD LIMITADA",+34 644 58 97 32,info@gadicamper.com,Automoción y moto,tienda_online,No Amazon V1,daniela@libertyseller.es,GARCIA ORDOÑEZ ISABEL MARIA,Administrador único,Ubrique,1,55891,412,7.1,PrestaShop,https://gadicamper.com,https://www.instagram.com/gadicamper,B16941510,,2,+34 956 46 47 00,
MundoDiagnosis.es,,+34 650 14 34 58,info@mundodiagnosis.es,Automoción y moto,tienda_online,No Amazon V1,daniela@libertyseller.es,,,Madrid,1,54726,15,8.3,PrestaShop,https://www.mundodiagnosis.es,,,,0,,
www.nauticadecor.com,CREZCO SOLUTIONS S.L.,+34 931 44 89 60,info@nauticadecor.com,Automoción y moto,tienda_online,No Amazon V1,daniela@libertyseller.es,SOLER PEDEMONTE ORIOL,Administrador único,Rubí,1,54182,896,9.7,PrestaShop,https://www.nauticadecor.com,https://www.instagram.com/nauticadecor,B65424566,,2,,info@crezco-solutions.com
AndreaniMHS Official Website,"ANDREANI MHS IBERICA, S.L.",+34 935 44 58 17,accounting@andreanimhs.com,Automoción y moto,tienda_online,No Amazon V1,daniela@libertyseller.es,MARTINEZ CASTILLO JUAN ANDRES,Administrador único,,1,54047,1966,9.7,PrestaShop,https://andreanimhs.com,https://www.instagram.com/andreanimhs,B65933947,,2,"+34 700 20 19 25; +34 900 20 21 25",
Meguiars.es,"ATENCIÓN AL CLIENTE Meguiar’s España Querido Barco, s.l.",+34 926 14 16 80,info@meguiars.es,Automoción y moto,tienda_online,No Amazon V1,daniela@libertyseller.es,,,,1,50516,243,5.2,Shopify,https://www.meguiars.es,https://www.instagram.com/meguiarsespana,B66205063,,0,,"info@meguiarsesp.com; info@meguiars.com"
www.repuestossincarnet.es,Repuestos Sin Carnet SLU,+34 626 52 67 64,contacto@repuestossincarnet.es,Automoción y moto,tienda_online,No Amazon V1,daniela@libertyseller.es,,,,1,47800,642,9.7,PrestaShop,https://www.repuestossincarnet.es,https://www.instagram.com/repuestossincarnet,,,0,,contacto@recambiosrevolucionarios.es
Acusticar,"AMS ACCESORIOS, S.L.",+34 644 01 80 06,info@acusticar.com,Automoción y moto,tienda_online,No Amazon V1,daniela@libertyseller.es,,,,1,47393,2029,8.3,PrestaShop,https://www.acusticar.com,https://www.instagram.com/acusticar.shop,B50808195,,0,,
Irons Cafe Racer,Facebook Instagram TikTok AVISO LEGAL IRONS Cafe Racer S.L.,+34 910 31 97 50,info@ironscaferacer.com,Automoción y moto,tienda_online,No Amazon V1,daniela@libertyseller.es,,,Madrid,1,46442,745,6.8,Shopify,https://ironscaferacer.com,https://www.instagram.com/ironscaferacer,B88562061,,0,,tienda@ironscaferacer.com
veramauto.es,Veramauto Recambios y Accesorios SL,+34 619 80 01 55,no-reply@veramauto.es,Automoción y moto,tienda_online,No Amazon V1,daniela@libertyseller.es,,,,1,45605,10723,8.7,PrestaShop,https://veramauto.es,,B73106981,,0,+34 968 30 67 33,
Bobo Choses,"BOBO HAUS, S.L.U.",+34 648 27 56 71,customerservice@bobochoses.com,Bebé e infantil,tienda_online,No Amazon V1,daniela@libertyseller.es,ESPERALBA ESQUERRA ADRIANA,Apoderado,Mataró,1,542232,1256,9.7,Shopify,https://bobochoses.com,https://www.instagram.com/_bobochoses_,B67165555,,13,+34 936 09 68 88,"madrid@bobochoses.com; rambla@bobochoses.com"
tuc tuc,PRIME COLLECTIONS S.L.,+34 977 70 70 05,tuctucstorees@tuctuc.com,Bebé e infantil,tienda_online,No Amazon V1,daniela@libertyseller.es,,,Amposta,1,311549,5712,9.7,Shopify,https://www.tuctuc.com,https://www.instagram.com/tuctuconline,B50988492,,0,,
Tienda Online Boboli,BOBOLI S.A.,+34 937 58 99 09,info@boboli.es,Bebé e infantil,tienda_online,No Amazon V1,daniela@libertyseller.es,ALGAS OCHOA MONICA,Presidente / consejero delegado,,1,227005,51,9.7,PrestaShop,https://www.boboli.es,https://www.instagram.com/boboli_fashion,A08697898,,10,,"export@boboli.es; marketing@boboli.es"
Garvalín,"GARVALIN CALZADOS, S.L.",+34 647 45 10 55,info@garvalin.com,Bebé e infantil,tienda_online,No Amazon V1,daniela@libertyseller.es,GARCIA MARTINEZ JOAQUIN,Administrador único,Elche,1,149307,286,9.7,Shopify,https://www.garvalin.com,https://www.instagram.com/garvalin,B03406931,,3,"+34 966 63 39 41; +34 966 65 50 23",comercial@garvalin.com
Tutto Piccolo® | Tienda de ropa y moda infantil,,+34 937 50 07 79,suport@ordama.es,Bebé e infantil,tienda_online,No Amazon V1,daniela@libertyseller.es,,,La Roca del Vallès,1,140141,386,9.7,Shopify,https://www.tuttopiccolo.com,https://www.instagram.com/tuttopiccoloes,,,0,,info@ordama.es
aybshop.com,,+34 698 12 29 40,contacto.info.ayb@gmail.com,Bebé e infantil,tienda_online,No Amazon V1,daniela@libertyseller.es,,,,1,85778,569,7.1,Shopify,https://aybshop.com,https://www.instagram.com/ayb__shop,B76342500,sociedad,0,,contacto@aybshop.com
maopatienda.es,,+34 744 63 74 16,hola@maopatienda.com,Bebé e infantil,tienda_online,No Amazon V1,daniela@libertyseller.es,,,,1,56763,608,5.2,PrestaShop,https://maopatienda.es,https://www.instagram.com/ma.o.pa/,55267339H,,0,"+34 660 13 20 49; +34 937 87 05 23",tienda@chetto.es
Petit Gegant,,+34 933 29 75 16,petitgegant@petitgegant.com,Bebé e infantil,tienda_online,No Amazon V1,daniela@libertyseller.es,,,Barcelona,1,52417,1101,6,Shopify,https://petitgegant.com,https://www.instagram.com/petitgegant,38121858W,,0,,"petitgegant@gmail.com; info@petitgegant.com"
Charanga,FARUP DIGITAL SL,+34 673 58 22 36,tienda@charanga.es,Bebé e infantil,tienda_online,No Amazon V1,daniela@libertyseller.es,DE LA MAZA RAMOS MANUEL,Administrador solidario,,1,47121,999,9.5,Shopify,https://charanga.es,https://www.instagram.com/charanga_fashion,B70759303,,1,+34 673 58 22 36,charanga@charanga.es
Babyhood,,+34 911 62 32 06,info@babyhood.es,Bebé e infantil,tienda_online,No Amazon V1,daniela@libertyseller.es,,,Madrid,1,40162,540,3.2,Shopify,https://babyhood.es,https://www.instagram.com/babyhood.es,,,0,,
HES para niños,,+34 644 10 00 32,monica@hesparaninos.com,Bebé e infantil,tienda_online,No Amazon V1,daniela@libertyseller.es,,,,1,37808,1205,9.6,PrestaShop,https://hesparaninos.com,https://www.instagram.com/hesparaninos,11843291Q,,0,,
memiman,,+34 679 69 49 05,info@memiman.com,Bebé e infantil,tienda_online,No Amazon V1,daniela@libertyseller.es,,,Alcorcón,1,33112,2877,6,Shopify,https://memiman.com,https://instagram.com/memiman_,B86333168,,0,+34 914 86 11 33,pedidos@memiman.com
Bitrix Kids,BITRIX KIDS SL,+34 654 43 19 88,info@bitrix-kids.com,Bebé e infantil,tienda_online,No Amazon V1,daniela@libertyseller.es,ALEXANDRA MARIA ALEGRIA FONCILLAS GRAFIN VON SPONE,Administrador solidario,Barcelona,1,30418,298,7.3,Shopify,https://www.bitrix-kids.com,https://www.instagram.com/bitrixkids,B23958739,,2,"+34 911 76 94 87; +34 930 09 28 14",
gateos.es,TopBaby S.L.,+34 633 54 04 49,contacto@gateos.es,Bebé e infantil,tienda_online,No Amazon V1,daniela@libertyseller.es,,,,1,30101,565,6.1,PrestaShop,https://gateos.es,https://www.instagram.com/gateosmodainfantil/,B81943318,,0,+34 910 80 62 29,
Muamua Maison,,+34 679 39 73 55,e-mail@sitio.com,Bebé e infantil,tienda_online,No Amazon V1,daniela@libertyseller.es,,,Madrid,2,29196,250,7.3,Shopify,https://www.muamuamaisonkids.com,https://www.instagram.com/muamuamaison,B88239710,sociedad,0,+34 687 39 80 52,"info@muamuamaisonkids.com; muamuamaison@gmail.com; hello@muamuamaisonkids.com"
Belán,"ARTE INFANTIL, S.L.",+34 976 25 20 30,info@belan.es,Bebé e infantil,tienda_online,No Amazon V1,daniela@libertyseller.es,NAVARRO HUNT MATEO BENJAMIN,Administrador único,,2,26989,15,5.4,PrestaShop,https://www.belan.es,https://www.instagram.com/belan_kids_couture,B50305978,,1,,
Adriels Moda Infantil,,+34 941 14 76 88,info@adrielsmoda.es,Bebé e infantil,tienda_online,No Amazon V1,daniela@libertyseller.es,,,Calahorra,2,26480,604,8.3,PrestaShop,http://adrielsmoda.es,https://instagram.com/adrielsmoda,28665826Y,,0,+34 601 10 68 26,
www.bbytu.es,Juana Salmoral Nieto,+34 957 46 05 62,info@bbytu.es,Bebé e infantil,tienda_online,No Amazon V1,daniela@libertyseller.es,,,Córdoba,2,25349,344,6,PrestaShop,http://www.bbytu.es,https://www.instagram.com/bbytu_,30531152D,,0,+34 609 82 15 49,
Friki,Showroom de Velázquez SL,+34 630 06 71 13,info@friki.es,Bebé e infantil,tienda_online,No Amazon V1,daniela@libertyseller.es,,,Madrid,2,23538,511,7.9,Shopify,https://friki.es,https://www.instagram.com/friki_showroom,B86686573,,0,"+34 677 55 60 37; +34 914 31 41 29","info@friki.com.es; friki@friki.es"
Patucos Moda Infantil,,+34 678 48 13 96,info@patucosmodainfantil.com,Bebé e infantil,tienda_online,No Amazon V1,daniela@libertyseller.es,,,Madrid,2,23312,527,4.8,Shopify,https://patucosmodainfantil.com,,17205521A,autonomo,0,+34 915 64 37 47,
Mûnnu,,+34 623 82 98 29,hola@munnucollection.com,Bebé e infantil,tienda_online,No Amazon V1,daniela@libertyseller.es,,,Seville,2,22814,169,4.9,Shopify,https://munnucollection.com,https://www.instagram.com/munnu_collection,77814655C,,0,+34 623 00 42 15,info@munnucollection.com
Mamá Madejas,MAMÁ MADEJAS S.L.,+34 913 07 57 50,info@mamamadejas.com,Bebé e infantil,tienda_online,No Amazon V1,daniela@libertyseller.es,MONTESINOS BONACHO CONCEPCION,Administrador solidario,Madrid,2,22180,366,9,Shopify,https://mamamadejas.com,,J86397056,,2,,pedidos@mamamadejas.com
Sonajero Kids,,+34 611 44 34 26,sonajerokids@gmail.com,Bebé e infantil,tienda_online,No Amazon V1,daniela@libertyseller.es,,,,2,21365,2927,3.4,Shopify,https://sonajerokids.com,https://www.instagram.com/sonajerokids,34864613V,,0,,
La Lentejuela,,+34 605 58 33 14,pedidos@lalentejuela.es,Bebé e infantil,tienda_online,No Amazon V1,daniela@libertyseller.es,,,,2,20143,17,5.3,PrestaShop,https://lalentejuela.es,https://www.instagram.com/lalentejuela,44965836P,,0,+34 687 33 76 41,lalentejuela.oficial@gmail.com
Cocolatte,Cocolatte Cb,+34 628 14 57 82,cocolatte.viveiro@gmail.com,Bebé e infantil,tienda_online,No Amazon V1,daniela@libertyseller.es,,,,2,17880,494,5.8,PrestaShop,https://cocolatte.es,https://www.instagram.com/cocolatte.viveiro,E27517077,,0,,
El Rincon de Isabel,,+34 962 27 47 91,info@elrincondeisabel.es,Bebé e infantil,tienda_online,No Amazon V1,daniela@libertyseller.es,,,,2,16748,438,8.4,PrestaShop,https://elrincondeisabel.es,,20454754A,,0,+34 637 58 35 16,
Freycoo,FREYCOO ESPAÑA,+34 680 47 26 35,info@freycoo.com,Bebé e infantil,tienda_online,No Amazon V1,daniela@libertyseller.es,,,Zaragoza,2,15390,102,5.4,Shopify,https://freycoo.es,https://www.instagram.com/freycoo_spain,,,0,,info@freycoo.es
babyhogarinfantil.com,ROBERTO RODRIGUEZ REGUERA,+34 886 16 61 79,baby@babyhogarinfantil.com,Bebé e infantil,tienda_online,No Amazon V1,daniela@libertyseller.es,,,Vigo,2,14485,1046,9.2,PrestaShop,https://babyhogarinfantil.com,https://www.instagram.com/babyhogarinfantil,36119684R,,0,+34 695 25 14 02,
HABANA KIDS,ver datos en,+34 689 38 53 27,habanakids.shop@gmail.com,Bebé e infantil,tienda_online,No Amazon V1,daniela@libertyseller.es,,,Madrid,2,13127,156,2.5,Shopify,https://www.habanakids.es,https://www.instagram.com/_habanakids,,,0,,
Coletas Aravaca,,+34 913 07 03 70,info@coletasaravaca.com,Bebé e infantil,tienda_online,No Amazon V1,daniela@libertyseller.es,,,Madrid,2,12901,398,9.7,Shopify,https://coletasaravaca.com,https://www.instagram.com/coletasaravaca,50803087C,,0,,info@coletasaravaca.es
Boutique Carolina,"TERESA SAN MARTIN ROLDAN, S.L.",+34 948 22 41 07,carolina@boutiquecarolina.es,Bebé e infantil,tienda_online,No Amazon V1,daniela@libertyseller.es,,,,2,11543,1228,6.1,PrestaShop,https://boutiquecarolina.es,https://www.instagram.com/boutique.carolina.pamplona,B31447022,,0,+34 948 22 41 07,
Fina Ejerique,Globotex S.L.,+34 963 13 51 67,hello@finaejerique.com,Bebé e infantil,tienda_online,No Amazon V1,daniela@libertyseller.es,PEREZ LUJAN EMILIO,Presidente / consejero delegado,Mislata,2,10185,195,4.8,Shopify,https://finaejerique.com,https://www.instagram.com/finaejeriquemoda,,,7,,anaperez@finaejerique.es
✅ MODAKIDS,José Ismael Martínez Morneo ·,+34 858 99 73 92,info@modakids.shopping,Bebé e infantil,tienda_online,No Amazon V1,daniela@libertyseller.es,,,,2,9279,400,6.7,PrestaShop,https://modakids.shopping,https://www.instagram.com/modakids.shopping,52526930J,,0,,
Mapasa,,+34 634 35 31 80,mapasa.ohana@gmail.com,Bebé e infantil,tienda_online,No Amazon V1,daniela@libertyseller.es,,,Corvera de Asturias,2,9053,41,4.1,Shopify,https://www.mapasa.es,https://www.instagram.com/mapasa.ohana,,,0,,
modelitos.es,MODELITOS,+34 687 22 39 65,clientes@modelitos.es,Bebé e infantil,tienda_online,No Amazon V1,daniela@libertyseller.es,,,,2,8827,20,3.3,PrestaShop,https://modelitos.es,,,,0,,pedidos@modelitos.es
www.juliet.es,,+34 645 04 19 49,info@juliet.es,Bebé e infantil,tienda_online,No Amazon V1,daniela@libertyseller.es,,,,2,8148,331,2.6,PrestaShop,https://www.juliet.es,https://www.instagram.com/juliet_baby_kids,74695031R,,0,+34 946 04 65 29,
The Pope Gallery,,+34 651 31 19 31,hello@thepopegallery.com,Bebé e infantil,tienda_online,No Amazon V1,daniela@libertyseller.es,,,Barcelona,3,7921,450,2.4,Shopify,https://www.thepopegallery.com,https://instagram.com/thepopegallery,B66517590,sociedad,0,,
www.pachamamakids.com,Artesanías Huascar S.L.,+34 925 00 61 97,info@pachamamakids.com,Bebé e infantil,tienda_online,No Amazon V1,daniela@libertyseller.es,HUAMAN FERNANDEZ HUASCAR GUSTAVO,Administrador único,,3,7695,101,7.1,PrestaShop,https://www.pachamamakids.com,https://www.instagram.com/pachamama_kids,B85405900,,2,,info@pachamama.com
Zapacucos,María José Filgueiras Dans,+34 981 91 41 76,info@zapacucos.es,Bebé e infantil,tienda_online,No Amazon V1,daniela@libertyseller.es,,,,3,7016,162,8.3,PrestaShop,https://zapacucos.es,,79321938K,,0,,
Little Neco,,+34 944 83 88 91,info@littleneco.es,Bebé e infantil,tienda_online,No Amazon V1,daniela@libertyseller.es,,,,3,6790,186,3.3,PrestaShop,https://www.littleneco.es,,J95754073,sociedad,0,,
dientedeleonbcn,DNI o,+34 616 99 36 34,hellodientedeleon@gmail.com,Bebé e infantil,tienda_online,No Amazon V1,daniela@libertyseller.es,,,Moià,3,6156,279,6.8,Shopify,https://dientedeleonbcn.com,https://instagram.com/dientedeleon.bcn,39432072K,,0,,
www.entrealgodonesmodainfantil.com,,+34 622 18 42 47,pedidos@entrealgodonesmodainfantil.com,Bebé e infantil,tienda_online,No Amazon V1,daniela@libertyseller.es,,,,3,6156,25,5.7,PrestaShop,https://www.entrealgodonesmodainfantil.com,https://www.instagram.com/entrealgodonesarriatemoda,25567186H,,0,+34 622 18 42 47,
Ninet&Co Moda Infantil,,+34 676 22 19 68,info@ninetandco.com,Bebé e infantil,tienda_online,No Amazon V1,daniela@libertyseller.es,,,,3,5884,46,7.5,PrestaShop,http://ninetandco.com,https://www.instagram.com/ninetandco,,,0,,
www.picolamodainfantil.com,,+34 675 84 07 75,picolamodainfantil@gmail.com,Bebé e infantil,tienda_online,No Amazon V1,daniela@libertyseller.es,,,Ronda,3,5432,380,6.1,Shopify,https://www.picolamodainfantil.com,https://www.instagram.com/picolamodainfantil,25561042S,,0,,
Chic & Kids,,+34 628 27 55 99,info@chicandkid.es,Bebé e infantil,tienda_online,No Amazon V1,daniela@libertyseller.es,,,,3,4708,399,8.3,PrestaShop,https://chicandkid.es,,73257255R,,0,,
TERMIX,,+34 933 23 86 76,customerservice@termix.es,Belleza y cuidado personal,tienda_online,No Amazon V1,daniela@libertyseller.es,,,,1,909492,778,9.7,PrestaShop,https://termix.net,https://www.instagram.com/termixoficial,A58463621,sociedad,0,,customerservice@termix.net
Freshly Cosmetics®,Freshly Cosmetics S.L.,+34 682 68 44 31,hello@freshlycosmetics.com,Belleza y cuidado personal,tienda_online,No Amazon V1,daniela@libertyseller.es,GIRO QUER MARTA,Apoderado,Reus,1,761067,212,8.3,PrestaShop,https://www.freshlycosmetics.com,https://www.instagram.com/freshlycosmetics_es,B55666143,,2,"+34 877 91 12 23; +34 977 01 32 26","talent.store@freshlycosmetics.com; talent@freshlycosmetics.com"
www.herbolariosaludnatural.com,SUSER DIETETICA S.L.,+34 913 14 78 36,info@herbolariosaludnatural.com,Belleza y cuidado personal,tienda_online,No Amazon V1,daniela@libertyseller.es,ALVARO JORDAN SERGIO,Apoderado,Madrid,1,493685,18987,9.7,Shopify,https://www.herbolariosaludnatural.com,https://www.instagram.com/saludnaturaleco,B87860383,,2,,
divain®,,+34 621 21 87 96,info@divainparfums.com,Belleza y cuidado personal,tienda_online,No Amazon V1,daniela@libertyseller.es,,,San Justo de la Vega,1,453648,1153,9.3,Shopify,https://divainparfums.com,https://www.instagram.com/divain_parfums,B06939128,sociedad,0,+34 633 83 63 58,"b2b@divainparfums.com; hello@divainparfums.co.uk; press@divainparfums.com"
Elizabeth Arden España,Elizabeth Arden España S.L.,+12125274000,contact@elizabetharden.es,Belleza y cuidado personal,tienda_online,No Amazon V1,daniela@libertyseller.es,FIER SETH DAVID,Administrador mancomunado,Madrid,1,432011,176,5.4,Shopify,https://www.elizabetharden.es,https://www.instagram.com/elizabetharden_es,,,9,,"atencionalcliente@elizabetharden.es; service-es@service.elizabetharden.com"
ESENZZIA,Sequra Worldwide S.A.,+34 682 02 42 58,info@expertostiendasonline.es,Belleza y cuidado personal,tienda_online,No Amazon V1,daniela@libertyseller.es,SETH DAVID KRISTOFFER BACKSTROM,Presidente / consejero delegado,Alcalá de Henares,1,385218,367,8.3,PrestaShop,http://www.esenzzia.com,https://www.instagram.com/sequra_es/,B21691241,,38,,"info@esenzzia.com; pedidos@esenzzia.com"
Caravan fragancias,CARAVAN FRAGANCIAS S.L.U.,+34 976 45 70 70,online@caravanfragancias.es,Belleza y cuidado personal,tienda_online,No Amazon V1,daniela@libertyseller.es,SIERRA GRACIA JORGE,Apoderado,,1,363989,32,8.4,PrestaShop,https://www.caravanfragancias.es,https://www.instagram.com/caravanfragancias,B99301897,,3,,protecciondatos@caravanfragancias.es
www.almasecret.com,,+34 661 96 09 42,export@almasecret.com,Belleza y cuidado personal,tienda_online,No Amazon V1,daniela@libertyseller.es,,,Librilla,1,341119,101,8.9,PrestaShop,http://www.almasecret.com,https://www.instagram.com/almasecret_es,B73918310,sociedad,0,"+34 968 65 86 35; +34 643 38 04 64","hello@almasecret.com; administracion@almasecret.com"
Cremas Caseras,"Camassia Eco, S.L.",+34 690 91 32 21,info@cremas-caseras.es,Belleza y cuidado personal,tienda_online,No Amazon V1,daniela@libertyseller.es,SEVILLA RUIZ SERGIO LUIS,Administrador mancomunado,,1,325174,162,8.7,PrestaShop,https://www.cremas-caseras.es,https://www.instagram.com/cosmeticacasera,B04785176,,2,"+34 950 57 61 62; +346909132",
Henna Morena,,+34 933 15 11 91,comercial@hennamorena.com,Belleza y cuidado personal,tienda_online,No Amazon V1,daniela@libertyseller.es,,,Barcelona,1,304895,87,6.9,PrestaShop,http://www.hennamorena.com,https://www.instagram.com/hennamorena,B66119181,sociedad,0,,info@hennamorena.com
InternationalCosmetic,,+34 910 10 15 15,info@international-cosmetic.com,Belleza y cuidado personal,tienda_online,No Amazon V1,daniela@libertyseller.es,,,Villaviciosa de Odón,1,301331,3413,9.7,Shopify,https://international-cosmetic.com,https://www.instagram.com/internationalcosmetic,B22563332,sociedad,0,,"admin@international-cosmetic.com; marketing@international-cosmetic.com; pedidos@international-cosmetic.com"
OK Perfumes,"ODOREM MEDITERRANEA, S.L.",+34 614 18 27 11,info@okperfumes.com,Belleza y cuidado personal,tienda_online,No Amazon V1,daniela@libertyseller.es,OSCAR OLLER ALMAGRO,Administrador mancomunado,San Pedro del Pinatar,1,270041,600,6.1,Shopify,https://okperfumes.com,https://instagram.com/okperfumes_,B56996507,,2,,
Sepiia,,+34 647 71 58 22,clientes@sepiia.com,Belleza y cuidado personal,tienda_online,No Amazon V1,daniela@libertyseller.es,,,Madrid,1,261724,156,8.5,Shopify,https://sepiia.com,https://www.instagram.com/sepiia2080,,,0,"+34 603 03 44 37; +34 662 56 91 90","comercial@sepiia.com; b2b@sepiia.com"
Camaleon Cosmetics,,+34 976 50 10 05,info@camaleoncosmetics.com,Belleza y cuidado personal,tienda_online,No Amazon V1,daniela@libertyseller.es,,,,1,257288,75,9.6,PrestaShop,https://camaleoncosmetics.com,https://www.instagram.com/camaleoncosmetics_spain,A50064088,sociedad,0,,
MiPelazo.com,,+34 685 60 58 26,hola@mipelazo.com,Belleza y cuidado personal,tienda_online,No Amazon V1,daniela@libertyseller.es,,,Barcelona,1,249502,130,8.3,PrestaShop,https://www.mipelazo.com,https://www.instagram.com/mipelazo,,,0,+34 935 66 63 29,info@perfectisima.com
PostQuam,"POSTQUAM COSMETIC, S.L.",+34 983 45 93 05,info@postquam.com,Belleza y cuidado personal,tienda_online,No Amazon V1,daniela@libertyseller.es,,,Cigales DO,1,244217,1490,9.7,PrestaShop,https://www.postquam.com,https://www.instagram.com/postquamoficial,B47427398,,0,"+34 983 58 60 46; +34 682 50 05 00",
www.solopelos.com,,+34 692 10 58 00,info@solopelos.com,Belleza y cuidado personal,tienda_online,No Amazon V1,daniela@libertyseller.es,,,,1,232335,3485,8.3,PrestaShop,https://www.solopelos.com,https://www.instagram.com/solo_pelos,B67907717,sociedad,0,+34 964 66 75 68,
PERFUMARTE,,+34 961 27 85 59,info@perfumarte.com,Belleza y cuidado personal,tienda_online,No Amazon V1,daniela@libertyseller.es,,,Picassent,1,218235,321,9.7,Shopify,https://perfumarte.com,https://www.instagram.com/perfumarte_spain,B98398829,sociedad,0,,
ICON EN CASA,ICON EUROPE SL,+18187094266,info@iconproducts.com,Belleza y cuidado personal,tienda_online,No Amazon V1,daniela@libertyseller.es,,,Vigo,1,216888,230,6.5,Shopify,https://iconencasa.com,https://www.instagram.com/iconencasa,,,0,"+34 986 48 57 10; +34 902 40 02 80; +34 682 29 20 63",info@iconencasa.com
Gema Herrerías,"GEMA HERRERIAS, SLU",+34 955 14 65 90,hola@gemaherrerias.com,Belleza y cuidado personal,tienda_online,No Amazon V1,daniela@libertyseller.es,HERRERIAS ESTEBAN GEMA,Administrador solidario,Seville,1,213403,43,4.4,Shopify,http://gemaherrerias.com,https://www.instagram.com/gemaherrerias,B90470329,,3,+34 606 67 92 62,"marketing@gemaherrerias.com; hola@ghgemaherrerias.com; info@ghgemaherrerias.com"
icontiendaonlined2.es,MOODRA COSMETICS AND PERFUMS S.L.,+34 611 20 43 12,info@icontiendaonlined2.es,Belleza y cuidado personal,tienda_online,No Amazon V1,daniela@libertyseller.es,ALFONSO JAVIER BAQUERO PALAZON,Administrador mancomunado,,1,200174,53,8.5,PrestaShop,https://icontiendaonlined2.es,https://www.instagram.com/icononlined2,B56491608,,2,,"pedidos@icontiendaonlined2.es; info@icontiendaonline.es; info@moodrafragances.com"
Hidden Samples,,+34 610 04 40 80,hiddensamples.info@gmail.com,Belleza y cuidado personal,tienda_online,No Amazon V1,daniela@libertyseller.es,,,Palma,1,195659,547,4.5,Shopify,https://hiddensamples.com,,43111284S,autonomo,0,,
Yodeyma,YODEYMA PARFUMS S.L.,+34 900 37 38 44,info@yodeyma.com,Belleza y cuidado personal,tienda_online,No Amazon V1,daniela@libertyseller.es,BAKER TILLY AUDITORES SLP,Otro cargo,Madrid,1,191857,293,3.2,Shopify,https://yodeyma.es,https://www.instagram.com/yodeymaparfums,B45441953,,2,+34 900 18 15 35,servicioprofesional@yodeyma.com
Perfumerías Tintin,"TIN TIN, S.A.",+34 900 11 14 56,attcliente@perfumestintin.com,Belleza y cuidado personal,tienda_online,No Amazon V1,daniela@libertyseller.es,,,Ciutadella de Menorca,1,188134,8096,9.7,PrestaShop,https://perfumestintin.com,https://www.instagram.com/perfumeriastintin,A07190044,,0,+34 971 69 25 61,
Revox B77,,+359876064926,ask@revoxb77.com,Belleza y cuidado personal,tienda_online,No Amazon V1,daniela@libertyseller.es,,,,1,186481,102,5.8,Shopify,https://www.revoxb77.com,https://www.instagram.com/revoxb77,,,0,,
Iberluffa - The Plastic Free Company,Intersponge S.L.,+34 986 53 04 80,info@iberluffa.com,Belleza y cuidado personal,tienda_online,No Amazon V1,daniela@libertyseller.es,IGLESIAS PEREZ SILVIA,Administrador único,Ourense,1,182509,15,1.6,Shopify,https://www.luffa-sponge.com,https://www.instagram.com/iberluffa.es,B23908932,,1,,service@iberluffa.com
Curly Stop,CON NOSOTROS CURLYSHOP S.L.,+34 685 68 79 70,info@curlystop.com,Belleza y cuidado personal,tienda_online,No Amazon V1,daniela@libertyseller.es,,,Sant Joan Despí,1,179556,5051,4.2,Shopify,https://www.curlystop.com,https://www.instagram.com/curlystop_com,B21876214,,0,,info@curlystop.es
La Saponaria,,+390721911004,info@lasaponaria.it,Belleza y cuidado personal,tienda_online,No Amazon V1,daniela@libertyseller.es,,,,1,175301,34,4.7,PrestaShop,https://www.lasaponaria.es,https://instagram.com/lasaponaria_es,,,0,"+393773844777; +390721917022","clienti@lasponaria.it; ordini@lasaponaria.it"
Planet Skin,,+34 917 27 43 93,central@planet-skin.com,Belleza y cuidado personal,tienda_online,No Amazon V1,daniela@libertyseller.es,,,Madrid,1,171816,1878,9.2,Shopify,https://planet-skin.com,https://www.instagram.com/planet_skin,,,0,,
Beldon Beauty,,+34 617 86 83 55,info@beldonbeauty.com,Belleza y cuidado personal,tienda_online,No Amazon V1,daniela@libertyseller.es,,,Madrid,1,167436,586,7.9,Shopify,https://www.beldonbeauty.com,https://www.instagram.com/beldonbeauty,B88190707,sociedad,0,"+34 912 45 81 71; +34 914 20 31 95; +34 917 16 76 57; +34 910 86 13 80",
Essenciales,ESSENCIALES MART SL,+34 620 66 87 50,soporte@essenciales.com,Belleza y cuidado personal,tienda_online,No Amazon V1,daniela@libertyseller.es,GARCIA HINOJOSA ALBERT,Administrador único,Barcelona,1,165195,32,9.7,PrestaShop,https://www.essenciales.com,https://www.instagram.com/essenciales_oficial,B66855461,,1,+34 930 32 80 29,
Iap Pharma,IAP PHARMA PARFUMS S.L.U.,+34 976 45 75 47,online@iappharma.es,Belleza y cuidado personal,tienda_online,No Amazon V1,daniela@libertyseller.es,SIERRA GRACIA JORGE,Apoderado,,1,157002,57,8.3,PrestaShop,http://www.iappharma.es,https://www.instagram.com/iappharma,B99378671,,3,+34 976 45 75 47,"online@iappharma.es; export@saphir.es"
Coqueteo,,+34 958 54 81 26,web@perfumeriascoqueteo.com,Belleza y cuidado personal,tienda_online,No Amazon V1,daniela@libertyseller.es,,,,1,155214,1925,5.7,PrestaShop,https://www.perfumeriascoqueteo.com,https://www.instagram.com/perfumeriascoqueteo,B18959544,sociedad,0,+34 958 54 81 26,info@agpd.es
3INA Makeup,"3INA Cosmetics, SL",+34 600 70 08 00,hello@3ina.com,Belleza y cuidado personal,tienda_online,No Amazon V1,daniela@libertyseller.es,COTINO MULET PABLO,Presidente / consejero delegado,Madrid,1,154502,348,9.7,Shopify,https://3ina.com,,B87141305,,20,"+34 658 23 22 70; +34 677 23 22 70; +34 793 85 09 00",privacy@3ina.com
Laboncler,LABONCLER SL,+34 868 99 41 91,info@laboncler.com,Belleza y cuidado personal,tienda_online,No Amazon V1,daniela@libertyseller.es,SEGISMUNDO PALLARES CABALLERO,Administrador único,Molina de Segura,1,150586,547,4.3,Shopify,https://laboncler.es,,B10645943,,1,,"web@laboncler.com; administracion@laboncler.com"
ICON Lovely,"FINN Y JAKE, S.L.",+34 604 03 68 90,info@iconlovely.com,Belleza y cuidado personal,tienda_online,No Amazon V1,daniela@libertyseller.es,,,,1,149636,66,7.7,PrestaShop,https://iconlovely.com,https://www.instagram.com/iconlovely.es,B70424213,,0,,
www.todopeluqueria.es,,+34 722 55 20 05,tiendatodopeluqueria@gmail.com,Belleza y cuidado personal,tienda_online,No Amazon V1,daniela@libertyseller.es,,,,1,148843,2305,7.7,PrestaShop,https://www.todopeluqueria.es,https://www.instagram.com/todopeluqueria.es,52558177A,autonomo,0,+34 953 65 38 70,info@todopeluqueria.es
Hola Princesa,Hola Princesa Hola Princesa S.L.,+34 955 70 60 06,info@holaprincesa.es,Belleza y cuidado personal,tienda_online,No Amazon V1,daniela@libertyseller.es,,,Benacazón,1,142789,9586,6.6,Shopify,https://www.holaprincesa.es,https://www.instagram.com/holaprincesa.shop,B90486374,,0,+34 696 11 96 30,
Tienda Blow Dry Bar,MyD Online SL,+34 910 09 65 94,contact@unfated.fr,Belleza y cuidado personal,tienda_online,No Amazon V1,daniela@libertyseller.es,,,Madrid,1,135660,195,5.7,PrestaShop,https://shop.blowdrybar.es,https://www.instagram.com/bdbmadrid/,X9810040B,,0,+34 912 51 40 00,shop@blowdrybar.es
BANBU,Banbu Cosmética Natural SL,+34 946 96 56 56,hola@banbu.es,Belleza y cuidado personal,tienda_online,No Amazon V1,daniela@libertyseller.es,DIEZ LANTARON VERONICA,Administrador único,Torrelavega,1,132197,160,7.8,Shopify,https://banbu.es,https://www.instagram.com/banbucosmetica,B67783803,,1,"+34 602 55 04 87; +34 623 41 17 97; +34 623 34 12 15; +34 623 58 84 68",info@banbu.es
Beauty Hair ®,Sequra Worldwide S.A.,+34 656 73 18 80,info@beautyhair.es,Belleza y cuidado personal,tienda_online,No Amazon V1,daniela@libertyseller.es,SETH DAVID KRISTOFFER BACKSTROM,Presidente / consejero delegado,,1,126086,1291,7.6,PrestaShop,https://beautyhair.es,https://www.instagram.com/beautyhair.es,B86038874,,38,,pedidos@beautyhair.es
miin-cosmetics.de,"COSMETICS, S.L.",+34 810 52 63 48,help@miin-cosmetics.com,Belleza y cuidado personal,tienda_online,No Amazon V1,daniela@libertyseller.es,,,,1,122012,31,8.2,PrestaShop,https://miin-cosmetics.de,https://www.instagram.com/miincosmetics,B65918013,,0,"+34 871 11 09 85; +34 872 00 78 48; +34 881 02 30 73; +34 913 24 60 92; +34 913 31 08 33","hamburg@miin-cosmetics.com; helpmiin@miin-cosmetics.com; privacy@miin-cosmetics.com"
Perfumerías Padilla,"PADIEMY, S.L.",+34 915 21 90 70,consultas@perfumeriaspadilla.es,Belleza y cuidado personal,tienda_online,No Amazon V1,daniela@libertyseller.es,PADILLA BRONCHALO JUAN MANUEL,Administrador único,Madrid,1,120688,2578,7.5,Shopify,https://perfumeriaspadilla.es,https://www.instagram.com/perfumeriaspadilla,B80185861,,2,"+34 915 22 66 83; +34 915 23 04 91; +34 915 59 60 69",
www.industrialbeauty.es,,+34 644 71 31 04,info@industrialbeauty.es,Belleza y cuidado personal,tienda_online,No Amazon V1,daniela@libertyseller.es,,,,1,116818,1620,8.9,PrestaShop,https://www.industrialbeauty.es,https://www.instagram.com/industrialbeautyes,B22783823,,0,,attcliente@industrialbeauty.es
www.labarberiashop.com,,+34 647 66 59 14,labarberiashop@gmail.com,Belleza y cuidado personal,tienda_online,No Amazon V1,daniela@libertyseller.es,,,Valencia,1,114861,144,8.3,PrestaShop,https://www.labarberiashop.com,https://www.instagram.com/la_barberia_shop,25417646R,,0,+34 661 42 75 12,contacto@labarberiashop.com
GIFTS & CARE,Mirall Online S.L.,+34 626 19 50 63,contacto@giftsandcare.com,Belleza y cuidado personal,tienda_online,No Amazon V1,daniela@libertyseller.es,,,,1,114521,5463,9.7,PrestaShop,https://www.giftsandcare.com,https://www.instagram.com/giftsandcare,B98410038,,0,"+34 686 39 47 76; +34 963 38 59 62",
theCosmethics,,+34 604 02 92 91,info@thecosmethics.com,Belleza y cuidado personal,tienda_online,No Amazon V1,daniela@libertyseller.es,,,A Coruña,1,113729,958,9.7,Shopify,https://thecosmethics.com,https://www.instagram.com/cosmethics,B32460925,sociedad,0,,
Inout Barcelona,INOUT BEAUTY S.L.U.,+34 938 36 43 80,info@inoutbarcelona.com,Belleza y cuidado personal,tienda_online,No Amazon V1,daniela@libertyseller.es,ALVAREZ MOLINA ELISABET,Administrador único,Barcelona,1,112258,155,6.6,Shopify,https://inoutbarcelona.com,https://www.instagram.com/inout.barcelona,B19882232,,2,+34 685 99 39 46,admin2@inoutbarcelona.com
Tinteymas,"PRODUCTOS MORAO Y MONLLOR, S.L.",+34 613 01 81 32,info@tinteymas.es,Belleza y cuidado personal,tienda_online,No Amazon V1,daniela@libertyseller.es,MORAO VILLAFRIA EUGENIO BERNABE,Administrador solidario,Valencia,1,110096,1885,8.4,PrestaShop,https://www.tinteymas.es,https://www.instagram.com/tinteymas,B98817380,,2,+34 961 52 52 59,
LA DOLCE VITA POSITANO,Silvia Robles Arenas,+34 657 77 35 84,ladolcevita_2016@outlook.es,Belleza y cuidado personal,tienda_online,No Amazon V1,daniela@libertyseller.es,,,Madrid,1,107731,325,8.3,PrestaShop,https://ladolcevitapositano.es,https://www.instagram.com/ladolcevita_moda,50746348E,,0,,info@ladolcevitapositano.es
materialesparatatuajes.com,SERGIO-TATTOO SUPPLIES,+34 685 32 32 32,tattoo_sergiu@me.com,Belleza y cuidado personal,tienda_online,No Amazon V1,daniela@libertyseller.es,,,,1,106735,367,7.6,PrestaShop,https://materialesparatatuajes.com,https://www.instagram.com/distribuidortattoopiercing,X7370715C,,0,,
Seena Owell,,+34 618 57 86 78,info@seenaowell.com,Belleza y cuidado personal,tienda_online,No Amazon V1,daniela@libertyseller.es,,,,1,105242,1425,5.9,Shopify,https://seenaowell.com,https://www.instagram.com/seenaowell,B87741146,sociedad,0,+34 914 21 30 59,
ROBERTA,"UNITED BEAUTY, S.L.",+34 635 67 78 60,info@robertaonline.com,Belleza y cuidado personal,tienda_online,No Amazon V1,daniela@libertyseller.es,OLMEDO GONZALEZ ALEJANDRA,Administrador mancomunado,Oyón-Oion,1,102978,1706,6.8,Shopify,http://www.robertaonline.com,https://instagram.com/robertabeautyclub,B01620921,,2,,
Farmacia Albacete24h,,+34 608 82 27 12,info@farmaciaalbacete24h.es,Belleza y cuidado personal,tienda_online,No Amazon V1,daniela@libertyseller.es,,,,1,99131,427,3.7,PrestaShop,http://www.farmaciaalbacete24h.es,https://www.instagram.com/farmaciaalbacete,B02556512,sociedad,0,+34 967 59 00 60,
laCabine,"Magasalfa, S.L.",+34 935 82 70 72,info@lacabine.es,Belleza y cuidado personal,tienda_online,No Amazon V1,daniela@libertyseller.es,SALVATELLA HERNANDEZ ALBERTO,Administrador único,Barcelona,1,97320,21,8,PrestaShop,https://lacabine.es,https://www.instagram.com/lacabine.es,B65712721,,4,,info@lacabinegroup.com
Glo®,"MIXEN BEAUTY TECHNOLOGIES, SL",+34 619 42 48 78,support@glo910.es,Belleza y cuidado personal,tienda_online,No Amazon V1,daniela@libertyseller.es,GARCIA CHAZARRA MORA MARIA CARMEN,Administrador único,Vitoria-Gasteiz,1,95849,51,6.2,Shopify,https://www.glo910.com,https://www.instagram.com/glo910spain,,,1,,support@glo910.es
Bob boutique,"Head Symbol, S.L.",+34 932 10 88 54,info@bobhair.es,Belleza y cuidado personal,tienda_online,No Amazon V1,daniela@libertyseller.es,PARLES ROMERO RICARDO AGUSTIN,Apoderado,,1,93020,2195,6.4,PrestaShop,https://www.bobboutique.es,https://www.instagram.com/bobhairstores/,B65161929,,7,,pedidos@bobhair.es
www.vegatattoosupplies.com,VEGA BUSINESS SL,+34 865 66 64 32,pedidos@vegatattoosupplies.com,Belleza y cuidado personal,tienda_online,No Amazon V1,daniela@libertyseller.es,PENALVA LUCAS MARIA ANGELES,Administrador solidario,Albatera,1,91323,1358,8.3,PrestaShop,https://www.vegatattoosupplies.com,https://www.instagram.com/vegatattoosupplies,B42949016,,2,+34 644 86 63 44,vegatattoosupplies@hotmail.com
The Beemine Lab,Madrid Laboratorios Beemine S.L.,+34 910 73 18 11,hola@thebeeminelab.com,Belleza y cuidado personal,tienda_online,No Amazon V1,daniela@libertyseller.es,,,Madrid,1,88720,27,6.6,Shopify,https://thebeeminelab.com,https://www.instagram.com/the.beemine.lab,B88168166,,0,,administracion@thebeeminelab.com
LACONICUM,"Laconicum, S.L.",+34 917 04 87 16,hola@laconicum.com,Belleza y cuidado personal,tienda_online,No Amazon V1,daniela@libertyseller.es,MARTINEZ FERNANDEZ MARIA,Presidente / consejero delegado,Madrid,1,86683,434,9.7,Shopify,https://laconicum.com,https://www.instagram.com/laconicum,B86377256,,6,,prensa@laconicum.com
Rocío Roca,Rocío Roca SLU,+34 968 13 78 47,info@rocioroca.es,Belleza y cuidado personal,tienda_online,No Amazon V1,daniela@libertyseller.es,ROCIO ROCA INGLES,Administrador único,,1,85438,244,5.7,PrestaShop,https://www.rocioroca.es,,B22540769,,1,+34 687 90 70 89,
Manic Panic España,,+34 693 35 30 35,info@manicpanic.com.es,Belleza y cuidado personal,tienda_online,No Amazon V1,daniela@libertyseller.es,,,,1,85099,53,8.3,PrestaShop,https://manicpanic.com.es,https://www.instagram.com/manicpanicspain,75161595X,autonomo,0,+34 955 22 72 31,info@manicpanic.com
EOLUX,Ferrestock SL,+34 918 71 92 76,hello@eolux.com,Belleza y cuidado personal,tienda_online,No Amazon V1,daniela@libertyseller.es,GONZALEZ CAPILLA RAFAEL,Representan,Velilla de San Antonio,1,83967,16,1.8,Shopify,https://eolux.com,https://www.instagram.com/eolux.es,,,1,,
"Maminat, tu marca de cosmética natural y ecológica",,+34 960 65 31 86,hola@maminat.com,Belleza y cuidado personal,tienda_online,No Amazon V1,daniela@libertyseller.es,,,El Puig de Santa Maria,1,81704,61,9.5,Shopify,https://maminat.com,https://www.instagram.com/maminat_cosmetica,B98915325,sociedad,0,+34 692 85 60 13,info@maminat.com
Maystar Skincare,,+34 977 13 00 57,info@maystar.es,Belleza y cuidado personal,tienda_online,No Amazon V1,daniela@libertyseller.es,,,Torredembarra,1,81591,101,9.7,Shopify,https://maystar.com,https://www.instagram.com/maystarskincare,B59412080,sociedad,0,+34 977 64 19 62,"info@maystar.com; atencionalcliente@maystar.com"
www.farmacing.es,,+34 618 00 86 62,info@farmacing.es,Belleza y cuidado personal,tienda_online,No Amazon V1,daniela@libertyseller.es,,,,1,80459,5303,6,PrestaShop,https://www.farmacing.es,https://www.instagram.com/farmaciamartafernandez,78746750V,,0,"+34 677 28 34 22; +34 677 28 84 22; +34 948 80 43 33",
Tienda de Estética Lipobody,,+34 647 83 71 01,info@tiendaesteticalipobody.es,Belleza y cuidado personal,tienda_online,No Amazon V1,daniela@libertyseller.es,,,,1,78920,493,8.3,PrestaShop,https://www.tiendaesteticalipobody.es,,48388064C,autonomo,0,+34 695 03 85 18,manises@lipobody.es
UNICSKIN,Unicskin SL,+34 912 79 73 77,customerservices@unicskin.com,Belleza y cuidado personal,tienda_online,No Amazon V1,daniela@libertyseller.es,SADA MARTINEZ DEL CAMPO MONICA MACARENA,Administrador único,Madrid,1,77404,48,9.7,Shopify,https://unicskin.com,https://www.instagram.com/unicskin_official,,,3,,
avonstore.es,LAURA GINER GRAO,+34 671 09 29 27,info@avonstore.es,Belleza y cuidado personal,tienda_online,No Amazon V1,daniela@libertyseller.es,,,Sant Joan d'Alacant,1,76555,18,8.3,PrestaShop,https://avonstore.es,https://www.instagram.com/avonstore.es,48578764G,,0,,
Essencials,ESVIMASI S.L.,+34 633 01 16 26,info@essencials.es,Belleza y cuidado personal,tienda_online,No Amazon V1,daniela@libertyseller.es,VILLASEÑOR MARTINEZ ESTER,Administrador solidario,,1,75706,252,8.3,PrestaShop,https://www.essencials.es,https://www.instagram.com/essencials_cosmetica_natural,B98478944,,2,,
Luxmetique®,,+34 654 13 74 95,info@luxmetique.com,Belleza y cuidado personal,tienda_online,No Amazon V1,daniela@libertyseller.es,,,Madrid,1,75435,25,8.7,Shopify,https://luxmetique.com,https://www.instagram.com/luxmetique,B87651444,sociedad,0,,"info@luxmetique.es; pedidos@luxmetique.com; pedidos@luxmetque.com"
Cocunat,COCUNAT S.L.,+34 911 98 05 81,club@cocunat.com,Belleza y cuidado personal,tienda_online,No Amazon V1,daniela@libertyseller.es,SAN JUAN MARTIN FRANCISCO JAVIER,Consejero,Barcelona,1,73669,143,3.7,Shopify,https://secure.cocunat.com,https://www.instagram.com/cocunat,B66100793,,11,,"customrelove@cocunat.com; dataprotection@cocunat.com"
Cosmética de Farmacia,,+34 958 81 26 64,info@farmaciaquintalegregranada.es,Belleza y cuidado personal,tienda_online,No Amazon V1,daniela@libertyseller.es,,,Granada,1,71576,232,8.3,PrestaShop,https://www.cosmeticadefarmacia.es,https://www.instagram.com/farmaciaquintalegregranada,E18863290,sociedad,0,+34 629 14 29 44,
CENTROS BLINK,,+34 822 20 03 00,info@onlineblink.com,Belleza y cuidado personal,tienda_online,No Amazon V1,daniela@libertyseller.es,,,Santa Cruz de Tenerife,1,68962,20,8.8,Shopify,https://onlineblink.com,https://instagram.com/blinkprofessional,B76520969,sociedad,0,+34 601 02 44 03,CV@ONLINEBLINK.COM
Mazuelas,MAZUELAS MARTÍN S.L.,+34 662 65 85 55,info@alcalink.com,Belleza y cuidado personal,tienda_online,No Amazon V1,daniela@libertyseller.es,FERNANDEZ MAZUELAS ALBERTO,Administrador único,Alcala de Henares,1,67219,2468,9.7,PrestaShop,https://www.mazuelasonline.com,https://www.instagram.com/soymazuelas,B85181253,,2,+34 918 83 43 53,"info@mazuelasonline.com; pedidos@mazuelasonline.com"
thalie.es,Merch & Professional Services SLU,+34 665 61 77 08,info@thalie.es,Belleza y cuidado personal,tienda_online,No Amazon V1,daniela@libertyseller.es,MESTRE DIAZ ANGEL,Administrador único,,1,66348,753,4.1,PrestaShop,https://thalie.es,https://www.instagram.com/thaliecare,B56801913,,1,+34 942 17 33 06,
Jabonify,,+34 644 73 85 49,clientes@jabonify.com,Belleza y cuidado personal,tienda_online,No Amazon V1,daniela@libertyseller.es,,,Barcelona,1,65974,280,4.2,Shopify,https://jabonify.com,https://www.instagram.com/jabonify,B75295642,,0,,info@jabonify.com
BOTANICALS,Botanicals Group SL,+34 648 86 68 36,info@botanicals.es,Belleza y cuidado personal,tienda_online,No Amazon V1,daniela@libertyseller.es,,,Madrid,1,64356,240,9.3,PrestaShop,https://www.botanicals.es,,,,0,,
www.productosdeesteticaypeluqueriaprofesional.com,"Nueva Visión, S.A.",+34 916 28 19 14,nuevavision@nuevavision.es,Belleza y cuidado personal,tienda_online,No Amazon V1,daniela@libertyseller.es,ADRIAN MARTINEZ CARLOS,Presidente / consejero delegado,,1,62613,7350,9.7,PrestaShop,http://www.productosdeesteticaypeluqueriaprofesional.com,,A78368255,sociedad,10,"+34 916 28 23 45; +34 660 63 86 06",tiendaonline@nuevavision.es
Clips,"Clips Productos Peluquería, S.A.",+34 933 72 15 71,info@clipsproductospeluqueria.com,Belleza y cuidado personal,tienda_online,No Amazon V1,daniela@libertyseller.es,,,Barcelona,1,60022,2415,6.9,PrestaShop,https://www.clipshair.es,https://www.instagram.com/clipshairbcn,,,0,+34 934 51 24 98,
Alkamel Systems,,+34 935 10 04 80,info@alkamelsystems.com,Belleza y cuidado personal,tienda_online,No Amazon V1,daniela@libertyseller.es,,,,1,59614,8321,8.3,PrestaShop,https://store.alkamelsystems.com,https://www.instagram.com/alkamelsystems,B64357312,sociedad,0,,store@alkamelsystems.com
drorganic.es,,+34 960 26 68 68,preguntas@drorganic.online,Belleza y cuidado personal,tienda_online,No Amazon V1,daniela@libertyseller.es,,,Algemesí,1,59343,186,3.4,Shopify,https://drorganic.es,https://www.instagram.com/dr.organic.spain,B98514250,,0,+34 961 14 92 03,"gestion@drorganic.online; preguntas@drorganic.online"
DE FELIPE SHOP,Novelius Iberica SL,+34 934 67 17 18,defelipe@defelipe.com,Belleza y cuidado personal,tienda_online,No Amazon V1,daniela@libertyseller.es,FELIPE GARATE IÑIGO,Administrador único,Barcelona,1,58935,575,5.6,Shopify,https://shop.defelipe.com,https://www.instagram.com/defelipeshop/,,,1,,
MoltonBrown Spain,,+34 902 87 61 36,moltonbrown@isolee.com,Belleza y cuidado personal,tienda_online,No Amazon V1,daniela@libertyseller.es,,,Madrid,1,58754,209,4,Shopify,https://moltonbrown.es,https://www.instagram.com/moltonbrownspain,B84103753,sociedad,0,,
Modesta Cassinello,,+34 686 51 68 74,hola@modestacassinello.com,Belleza y cuidado personal,tienda_online,No Amazon V1,daniela@libertyseller.es,,,,1,58256,64,7,Shopify,https://modestacassinello.com,https://www.instagram.com/modestacassinello,B19621853,sociedad,0,+34 696 96 16 68,
Harpo,,+34 673 07 77 63,harpo@harpo-hrp.info,Belleza y cuidado personal,tienda_online,No Amazon V1,daniela@libertyseller.es,,,Madrid,1,57985,182,8.1,PrestaShop,http://www.harpo-hrp.com,https://www.instagram.com/harpomakeupfx,50776169N,,0,+34 915 22 69 70,pedidos@harpo-hrp.info
Unycos,,+34 923 68 07 01,contacto@unycos.com,Belleza y cuidado personal,tienda_online,No Amazon V1,daniela@libertyseller.es,,,Salamanca,1,57758,96,9.6,Shopify,https://unycos.com,https://www.instagram.com/unycos_com,B37527900,sociedad,0,+34 923 68 07 08,
Farmacia de 7 Palmas,,+34 610 86 98 05,farmacia7palmas@gmail.com,Belleza y cuidado personal,tienda_online,No Amazon V1,daniela@libertyseller.es,,,,1,56389,323,3.1,PrestaShop,https://farmaciade7palmas.es,,,,0,+34 610 86 98 05,
ACQUA DI GABIA - Perfumes de equivalencia,,+34 623 08 78 65,clientes@acquadigabia.es,Belleza y cuidado personal,tienda_online,No Amazon V1,daniela@libertyseller.es,,,Elche,1,56265,1428,3.1,Shopify,https://acquadigabia.es,https://instagram.com/acquadigabia,B21650767,sociedad,0,,
Productos de Peluquería,,+34 678 45 80 51,info@productosdelapeluqueria.es,Belleza y cuidado personal,tienda_online,No Amazon V1,daniela@libertyseller.es,,,,1,56084,70,3.7,PrestaShop,https://www.productosdelapeluqueria.es,,B96545629,sociedad,0,,
Casa Rodríguez Valencia,"LAMAGRANDE RODRIGUEZ, S.L.",+34 963 91 40 58,pedidos@casa-rodriguez.com,Belleza y cuidado personal,tienda_online,No Amazon V1,daniela@libertyseller.es,LAMAGRANDE RODRIGUEZ FRANCISCO JAVIER,Administrador único,,1,54726,1172,9.7,PrestaShop,https://casa-rodriguez.com,https://www.instagram.com/casarodriguez_valencia,B56270754,,1,,
Silvia Moreno,,+34 633 33 06 67,tienda@silvia-moreno.com,Belleza y cuidado personal,tienda_online,No Amazon V1,daniela@libertyseller.es,,,,1,53911,113,7.3,Shopify,https://www.silvia-moreno.com,https://instagram.com/silviamorenobeauty,B93688208,sociedad,0,+34 951 00 88 28,"clientes@silvia-moreno.com; info@silvia-moreno.com"
Oopsnailsbcn,ANTUL ART S.L.,+34 611 84 90 18,oopsnailsbsn@gmail.com,Belleza y cuidado personal,tienda_online,No Amazon V1,daniela@libertyseller.es,OLENA ANTUL,Administrador único,Barcelona,1,52146,2769,4.2,Shopify,https://oopsnailsbcn.es,https://www.instagram.com/oops_nails_bcn,B09835216,,1,+34 658 83 94 34,oopsnailsbcn@gmail.com
www.productospeluqueriacastro.com,,+34 640 36 77 98,info@productospeluqueriacastro.com,Belleza y cuidado personal,tienda_online,No Amazon V1,daniela@libertyseller.es,,,Arévalo,1,52010,1286,9.6,PrestaShop,https://www.productospeluqueriacastro.com,https://www.instagram.com/productos_peluqueria_castro,06551214D,autonomo,0,+34 920 30 36 43,
www.tiendaesmaltes.com,,+34 692 33 38 92,info@tiendaesmaltes.com,Belleza y cuidado personal,tienda_online,No Amazon V1,daniela@libertyseller.es,,,,1,51602,314,7.5,PrestaShop,https://www.tiendaesmaltes.com,,30966205V,,0,,
atlantialoe,"PRODUCTOS NATURALES DE CANARIAS, S.L.",+34 922 97 93 70,info@atlantialoe.com,Belleza y cuidado personal,tienda_online,No Amazon V1,daniela@libertyseller.es,PEREZ RODRIGUEZ ANGEL,Administrador único,Santa Cruz de Tenerife,1,50652,29,9.7,Shopify,https://www.atlantialoe.com,https://www.instagram.com/atlantialoe,B38662706,,2,,
El Bazar Natural,Miguel Fdez. Mosquera,+34 674 69 10 86,,Belleza y cuidado personal,tienda_online,No Amazon V1,daniela@libertyseller.es,,,Ourense,1,50516,6705,9.2,PrestaShop,https://www.elbazarnatural.com,https://www.instagram.com/elbazarnatural,76747838N,,0,+34 988 54 42 00,
Tienda Limpia Cristales,,+34 690 72 43 94,info@tiendalimpiacristales.es,Belleza y cuidado personal,tienda_online,No Amazon V1,daniela@libertyseller.es,,,San Agustín del Guadalix,1,49565,133,9.5,PrestaShop,https://www.tiendalimpiacristales.es,https://www.instagram.com/tiendalimpiacristales,B87207080,sociedad,0,,
Mayfer,"Mayfer Perfumes, SL",+34 695 57 73 02,info@mayferperfumes.es,Belleza y cuidado personal,tienda_online,No Amazon V1,daniela@libertyseller.es,MERINO DIAZ DAVID,Presidente / consejero delegado,Santander,1,49158,43,9.7,PrestaShop,https://mayferperfumes.es,https://www.instagram.com/mayferperfumes,B39754833,,6,+34 942 37 10 57,
Sabon,SABON SPAIN,+34 934 87 12 15,web@sabon.es,Belleza y cuidado personal,tienda_online,No Amazon V1,daniela@libertyseller.es,,,Barcelona,1,48479,225,9.7,Shopify,https://www.sabon.es,https://www.instagram.com/sabonspain,,,0,,
ThuyaShop,THUYA S.L.,+34 932 12 74 12,thuyashop@thuya.com,Belleza y cuidado personal,tienda_online,No Amazon V1,daniela@libertyseller.es,PLA HERNANDEZ LAURA,Apoderado,Barcelona,1,47936,202,7.5,PrestaShop,https://www.thuyashop.com,https://instagram.com/Thuyashop,B58499401,,1,,
www.koreandreams.es,,+34 663 74 84 10,info@koreandreams.es,Belleza y cuidado personal,tienda_online,No Amazon V1,daniela@libertyseller.es,,,A Coruña,1,47393,533,8.3,PrestaShop,https://www.koreandreams.es,https://www.instagram.com/koreandreamscosmetica,03902983K,autonomo,0,+34 604 00 23 72,
IBEROCEL,"IBEROCELULOSA MADRILEÑA, S.L.",+34 917 78 37 37,iberocel@iberocel.com,Belleza y cuidado personal,tienda_online,No Amazon V1,daniela@libertyseller.es,,,,1,46487,122,9.7,PrestaShop,https://iberocel.com,,B82615196,,0,+34 918 56 64 47,
"Diamantino Viegas España, Sl","Diamantino Viegas España, Sl",+34 664 16 26 64,info@dviegas.es,Belleza y cuidado personal,tienda_online,No Amazon V1,daniela@libertyseller.es,YAKUB AHMAD,Repr.143 Rrm,La Roca del Vallès,1,46442,3873,7.1,Shopify,https://dviegas.es,https://www.instagram.com/dvc_spain/,B65419533,,1,"+34 937 32 60 07; +34 630 91 19 56; +34 648 41 48 68; +34 736 71 49 71",Emailinfo@dviegas.es
RS Sthetic,Rent-Sthetic Láser S.L.,+34 691 64 04 90,oficina@aparatosrsestetica.es,Belleza y cuidado personal,tienda_online,No Amazon V1,daniela@libertyseller.es,,,Cúllar Vega,1,46193,377,8.9,Shopify,http://aparatosrsestetica.es,https://www.instagram.com/rssthetic,B19567064,,0,"+34 858 81 27 86; +34 928 78 24 72",
NATURY,,+34 930 18 00 49,info@natury.eco,Belleza y cuidado personal,tienda_online,No Amazon V1,daniela@libertyseller.es,,,Granollers,1,45763,123,2.7,Shopify,https://naturygreencare.com,https://www.instagram.com/natury.greencare,B62820220,sociedad,0,,
Mygdonia,MONTSERRAT XANDRI PLANELL,+34 624 66 33 68,info@mygdonia.es,Belleza y cuidado personal,tienda_online,No Amazon V1,daniela@libertyseller.es,,,Manresa,1,45356,2391,9.7,Shopify,https://mygdonia.es,https://www.instagram.com/mygdoniaorganics,39384576C,,0,"+34 938 72 87 10; +34 698 91 15 19",
Paris Elysees Parfums,Infomaniak Network SA,+3256843414,support@paris-elysees.com,Belleza y cuidado personal,tienda_online,No Amazon V1,daniela@libertyseller.es,,,Barcelona,1,44428,37,9.7,Shopify,https://paris-elysees.com,https://www.instagram.com/pariselysees,B67891192,,0,,"admin@paris-elysees.com; info@paris-elysees.com"
K-KARE,Alejandro García Martínez Sitio,+34 614 47 06 01,k-panda@k-kare.com,Belleza y cuidado personal,tienda_online,No Amazon V1,daniela@libertyseller.es,,,Murcia,1,44405,4528,3.5,Shopify,https://k-kare.com,https://www.instagram.com/kkare_panda,,,0,,
Productos ICON de peluquería,MOODRA COSMETICS AND PERFUMS S.L.,+34 968 93 96 76,info@productosdepeluqueriaicon.es,Belleza y cuidado personal,tienda_online,No Amazon V1,daniela@libertyseller.es,ALFONSO JAVIER BAQUERO PALAZON,Administrador mancomunado,Molina de Segura,1,44134,111,2.4,PrestaShop,https://productosdepeluqueriaicon.es,https://www.instagram.com/,B56491608,,2,+34 611 20 43 12,
Dessata,"Ab Shot Technics, S.L.",+34 634 36 96 01,info@dessata.com,Belleza y cuidado personal,tienda_online,No Amazon V1,daniela@libertyseller.es,,,Alcossebre,1,43862,1157,7.7,Shopify,https://www.dessata.com,https://www.instagram.com/dessata_es,B12873964,,0,+34 964 41 01 70,
Stética Profesional,Local Jatay Cosmeticos SL,+34 608 25 51 53,info@steticaprofesional.com,Belleza y cuidado personal,tienda_online,No Amazon V1,daniela@libertyseller.es,,,,1,43692,845,6.6,PrestaShop,https://www.steticaprofesional.com,https://www.instagram.com/steticaprofesional,B87503314,,0,"+34 900 84 89 22; +34 681 09 75 16",
Natura Estilo,,+34 658 94 90 19,naturaestiloshop@gmail.com,Belleza y cuidado personal,tienda_online,No Amazon V1,daniela@libertyseller.es,,,Ugena,1,43251,503,7,Shopify,https://www.naturaestilo.com,https://www.instagram.com/natura_estilo,50441691T,,0,+34 914 46 99 91,naturaestiloshop@gmail.com
Yes Love Cosmetics– Yeslovecosmetics,,+34 686 03 71 47,info@yeslovecosmetics.com,Belleza y cuidado personal,tienda_online,No Amazon V1,daniela@libertyseller.es,,,,1,42515,430,6.3,Shopify,https://yeslovecosmetics.com,https://www.instagram.com/yeslovecosmetics,B06814677,,0,+34 916 42 01 67,mailtoinfo@yeslovecosmetics.com
NIEVES by Nieves Álvarez,,+34 902 87 71 92,contacto@nievesbeauty.com,Belleza y cuidado personal,tienda_online,No Amazon V1,daniela@libertyseller.es,,,Madrid,1,41780,38,3.5,Shopify,https://www.nievesbeauty.com,https://www.instagram.com/nievesbynievesalvarez,B10600070,sociedad,0,,
Maria Padilla,GREEN MEDICAL SYSTEM SL,+34 678 40 70 73,comunicacion@mariapadilla.es,Belleza y cuidado personal,tienda_online,No Amazon V1,daniela@libertyseller.es,AZNAR ANTON JOSE ANTONIO,Administrador único,Barcelona,1,41486,52,9.8,Shopify,https://www.mariapadilla.es,https://www.instagram.com/mariapadilla_es,B66819400,sociedad,2,"+34 935 19 02 00; +34 647 56 59 75","j.ribera@mariapadilla.es; reservas@mariapadilla.es"
Install My Hair Extensions,,+34 608 11 99 10,info@installmyhairextensions.com,Belleza y cuidado personal,tienda_online,No Amazon V1,daniela@libertyseller.es,,,Mijas,1,40750,42,4.1,Shopify,https://www.installmyhairextensions.com,https://www.instagram.com/installmyhairextensions,,,0,,
Naturalnails,"NaturalNails, S.L.",+34 639 05 22 32,contacto@naturalnails.es,Belleza y cuidado personal,tienda_online,No Amazon V1,daniela@libertyseller.es,,,Granada,1,40014,710,9.4,PrestaShop,https://naturalnails.es,https://www.instagram.com/naturalnailspain,B18943043,,0,+34 958 25 49 47,
Viti Vinci,Registro,+34 663 29 37 64,info@vitivinci.com,Belleza y cuidado personal,tienda_online,No Amazon V1,daniela@libertyseller.es,,,Palma,1,39279,5,5.8,Shopify,https://vitivinci.com,https://www.instagram.com/vitivinci,,,0,,hello@groath.ai
Reyes Queens Parfum,Kebela Europa S.L.,+34 649 17 48 74,info@reyesqueens.com,Belleza y cuidado personal,tienda_online,No Amazon V1,daniela@libertyseller.es,WANG BIN,Administrador único,Madrid,1,39132,114,5,PrestaShop,https://reyesqueens.com,,B93737963,,2,,
tocadosyabalorios.com,,+34 659 23 84 24,info@tocadosyabalorios.com,Belleza y cuidado personal,tienda_online,No Amazon V1,daniela@libertyseller.es,,,San José de la Rinconada,1,38690,1474,9.7,Shopify,https://tocadosyabalorios.com,https://www.instagram.com/tocadosyabalorios,77859173X,,0,+34 955 79 73 59,
CUIDA TU CABELLO,CUIDA TU CABELLO S.L.,+34 871 04 02 84,hairstore@cuidatucabello.es,Belleza y cuidado personal,tienda_online,No Amazon V1,daniela@libertyseller.es,GARCIA VILLALONGA FERNANDO,Administrador solidario,,1,38396,410,7.3,PrestaShop,http://cuidatucabello.es,https://www.instagram.com/cuida_tu_cabello_illesbalears,B57999252,,2,"+34 871 04 39 04; +34 971 09 14 45; +34 971 09 30 82; +34 971 09 58 77",
Aceites para la barba,,+34 611 48 62 16,info@lacasadelabarba.com,Belleza y cuidado personal,tienda_online,No Amazon V1,daniela@libertyseller.es,,,,1,38102,53,9,PrestaShop,https://www.lacasadelabarba.com,https://instagram.com/lacasadelabarba,49585989J,,0,,
Top Pestañas,,+34 651 03 00 06,toppestanas@gmail.com,Belleza y cuidado personal,tienda_online,No Amazon V1,daniela@libertyseller.es,,,Valencia,1,37366,597,5.3,Shopify,https://toppestanas.com,https://www.instagram.com/materiales_top_pestanas,B56743610,sociedad,0,,
Migoubcn,Chuspy Ruspi S.L.,+34 922 33 75 79,info@migoubcn.com,Belleza y cuidado personal,tienda_online,No Amazon V1,daniela@libertyseller.es,SUCIAS ORTIZ RAUL,Administrador único,Terrassa,1,37219,21,4.1,Shopify,https://migoubcn.com,https://www.instagram.com/migou_bcn,B01819101,,1,+34 644 33 97 92,
OSUN,,+34 623 70 24 45,hola@osun.es,Belleza y cuidado personal,tienda_online,No Amazon V1,daniela@libertyseller.es,,,,1,36925,206,2,Shopify,https://osun.es,https://www.instagram.com/osun.es,B06959126,sociedad,0,,"info@osun.es; return@osun.es; hello@osun.es"
▷ Peloco,MARLO ESTILISTAS S.L.,+34 640 14 95 99,info@peloco.es,Belleza y cuidado personal,tienda_online,No Amazon V1,daniela@libertyseller.es,ARROYO LOPEZ ALMUDENA,Administrador único,Alcorcón,1,36631,1858,9.7,PrestaShop,https://www.peloco.es,,B87621165,,1,,
Naturcosmetika,,+34 937 84 85 86,info@naturcosmetika.com,Belleza y cuidado personal,tienda_online,No Amazon V1,daniela@libertyseller.es,,,Terrassa,1,36597,475,8.7,PrestaShop,https://naturcosmetika.com,https://www.instagram.com/naturcosmetika,B64770274,sociedad,0,,
Maison Karité,Maison Karite Sociedad Limitada,+34 932 09 18 31,info@maisonkarite.com,Belleza y cuidado personal,tienda_online,No Amazon V1,daniela@libertyseller.es,MUÑOZ OROZCO PEDRO,Administrador solidario,Barcelona,1,36337,45,8.5,Shopify,https://maisonkarite.online,,B65831547,,2,+34 654 78 14 35,"ventas@maisonkarite.com; hola@maisonkarite.com"
Inicio,Bella Estética con,+34 640 22 11 88,info@bellaestetica.es,Belleza y cuidado personal,tienda_online,No Amazon V1,daniela@libertyseller.es,,,,1,36337,250,8.3,PrestaShop,https://bellaestetica.es,https://www.instagram.com/bellaesteticacool,43531806M,,0,,
Hoes Nails ®,,+34 642 56 71 04,hoesnails@gmail.com,Belleza y cuidado personal,tienda_online,No Amazon V1,daniela@libertyseller.es,,,Alcanar,1,36042,1129,5.4,Shopify,https://hoesnails.com,https://www.instagram.com/hoesnailscosmetics,B56823982,sociedad,0,,
www.tpb.ro,Epilare Completă Acasă sau,+0785228009,office@tpb.ro,Belleza y cuidado personal,tienda_online,No Amazon V1,daniela@libertyseller.es,,,,1,35488,642,7.5,PrestaShop,https://www.tpb.ro,https://www.instagram.com/totalprobeauty,,,0,,
Namaste – Namasté,,+34 660 56 52 52,loungebarnamaste7@gmail.com,Belleza y cuidado personal,tienda_online,No Amazon V1,daniela@libertyseller.es,,,Logroño,1,35171,126,5.4,Shopify,https://namasteshop.es,https://www.instagram.com/lounge_bar_namaste,,,0,,
Studio25,,+34 640 34 60 26,info@studioveinticinco.com,Belleza y cuidado personal,tienda_online,No Amazon V1,daniela@libertyseller.es,,,Quijorna,1,34379,20,9.6,Shopify,https://studioveinticinco.com,https://www.instagram.com/studioveinticinco,B67929661,sociedad,0,"+34 910 70 22 22; +34 918 16 80 57",
Ohmykoko,Oh My Koko Cosmetics SLL,+34 613 62 26 55,hello@ohmykoko.com,Belleza y cuidado personal,tienda_online,No Amazon V1,daniela@libertyseller.es,TORRES RAMOS ROSA MARIA,Administrador único,Getafe,1,33904,16,4.1,Shopify,https://ohmykoko.com,https://www.instagram.com/ohmykoko,B72514821,,1,,
ceramicconnection.com,"CERAMIC CONNECTION SHOP, SL",+34 623 24 01 48,info@ceramicconection.es,Bricolaje y reforma,tienda_online,No Amazon V1,daniela@libertyseller.es,,,,1,251505,391,3.2,PrestaShop,https://ceramicconnection.com,https://www.instagram.com/ceramicconnection,B12854709,,0,+34 964 18 89 17,info@ceramicconnection.es
www.carpinteriakapitel.es,"Carpintería Kapiteldecor, s.l.",+34 925 82 41 64,info@carpinteriakapitel.es,Bricolaje y reforma,tienda_online,No Amazon V1,daniela@libertyseller.es,GUTIERREZ PEÑO OSCAR,Administrador único,,1,237778,346,9.4,PrestaShop,https://www.carpinteriakapitel.es,https://www.instagram.com/kapitel_decor,B45826120,,1,,
Smartcret,"Grupo Negocios P.O., S.L.U.",+34 674 40 99 42,info@smartcret.com,Bricolaje y reforma,tienda_online,No Amazon V1,daniela@libertyseller.es,,,Valencia,1,191144,38,2.7,Shopify,https://www.smartcret.com,https://www.instagram.com/smartcret,B97539076,,0,,
TodoTaladros.com,,+34 981 62 04 40,info@todotaladros.com,Bricolaje y reforma,tienda_online,No Amazon V1,daniela@libertyseller.es,,,,1,179499,452,7.9,PrestaShop,http://todotaladros.com,https://www.instagram.com/todotaladros,B70221411,sociedad,0,,
jucarsa.es,SELFCLEAN SC,+34 658 78 21 18,info@jucarsa.es,Bricolaje y reforma,tienda_online,No Amazon V1,daniela@libertyseller.es,,,,1,173649,12220,8.7,PrestaShop,https://jucarsa.es,,,,0,+34 963 16 15 28,
INGENIEROS.COM,BT HERRAMIENTAS SL,+34 646 25 61 12,info@bt-ingenieros.com,Bricolaje y reforma,tienda_online,No Amazon V1,daniela@libertyseller.es,BATALLA MATO MARCOS,Administrador solidario,,1,170310,1395,9.7,PrestaShop,https://www.bt-ingenieros.com,https://www.instagram.com/,B70406079,,2,,protecciondedatos@bt-ingenieros.com
PROINCO,,+34 900 92 43 10,info@proinco.es,Bricolaje y reforma,tienda_online,No Amazon V1,daniela@libertyseller.es,,,,1,156606,2896,9.7,PrestaShop,https://www.proinco.es,https://www.instagram.com/proincosanea,A29049509,sociedad,0,+34 952 10 51 15,"proinco@proinco.es; web@proinco.es"
Consydecor,CONSYDECOR S.L.,+34 965 49 43 55,ventas@consydecor.com,Bricolaje y reforma,tienda_online,No Amazon V1,daniela@libertyseller.es,BERNAL ZARAZAGA JUAN LUIS,Apoderado,Aspe,1,142076,703,9.7,PrestaShop,https://consydecor.com,https://instagram.com/consydecor,B03764891,,1,+34 673 64 08 98,info@consydecor.com
cefiba,Gruves Seguridad S.L.,+34 678 68 48 69,hola@cefiba.com,Bricolaje y reforma,tienda_online,No Amazon V1,daniela@libertyseller.es,VERT VALLS JOSE EDUARDO,Administrador solidario,Valencia,1,130058,279,11.1,Shopify,https://www.cefiba.es,https://www.instagram.com/cefibaseguridad,B19721042,,3,"+34 607 37 07 17; +34 963 82 16 78; +34 648 19 64 67; +34 963 95 13 39",info@Cefiba.com
Segopi,CLEMENTE GONZALEZ S.L.,+34 617 12 20 00,tiendaol@segopi.es,Bricolaje y reforma,tienda_online,No Amazon V1,daniela@libertyseller.es,GONZALEZ SANCHEZ CLEMENTE,Administrador único,,1,119466,33,9.7,PrestaShop,https://www.segopi.es,https://www.instagram.com/segopi_corporate,,,8,,
www.centraldepintura.com,"Barcelona, S.L.",+34 933 11 44 09,web@centraldepintura.com,Bricolaje y reforma,tienda_online,No Amazon V1,daniela@libertyseller.es,,,Barcelona,1,116309,360,8,PrestaShop,https://www.centraldepintura.com,https://instagram.com/centralpintura,B66540089,,0,+34 674 09 83 25,
Tienda cerrajeria online,,+34 931 40 95 72,info@keylaseguridad.es,Bricolaje y reforma,tienda_online,No Amazon V1,daniela@libertyseller.es,,,Barcelona,1,110674,347,7.2,PrestaShop,https://keylaseguridad.es,https://www.instagram.com/keylaseguridad,,,0,,
1️⃣ MotoresPersianas.Com,,+34 613 00 56 62,info@motorespersianas.com,Bricolaje y reforma,tienda_online,No Amazon V1,daniela@libertyseller.es,,,Terrassa,1,100828,140,6.5,PrestaShop,https://www.motorespersianas.com,https://www.instagram.com/motorespersianascom,B55770366,sociedad,0,+34 931 00 55 66,
Disfer S.A,Disfer S.A.,+34 957 50 20 23,tienda@disfer.net,Bricolaje y reforma,tienda_online,No Amazon V1,daniela@libertyseller.es,,,Lucena,1,84193,442,8.9,PrestaShop,http://disfer.es,https://www.instagram.com/disfer_ferreteria,A14446488,,0,,info@disfer.net
RP,"Puerta, S.A.",+34 933 95 16 98,contacto@gruporp.es,Bricolaje y reforma,tienda_online,No Amazon V1,daniela@libertyseller.es,,,,1,77290,631,6.8,PrestaShop,https://gruporp.es,https://www.instagram.com/errepeteca_/,A08919490,,0,"+34 652 93 43 20; +34 652 93 43 18",
Microcements Online,Microcementos Online s.l.u.,+34 633 59 92 22,info@microcementosonline.com,Bricolaje y reforma,tienda_online,No Amazon V1,daniela@libertyseller.es,CAMENFORTE GONZALEZ JAVIER,Administrador único,,1,75683,38,8.7,PrestaShop,https://microcementosonline.com,https://www.instagram.com/microcementosonline,B10870269,,2,,
Interparquet,,+34 652 57 92 13,info@interparquet.es,Bricolaje y reforma,tienda_online,No Amazon V1,daniela@libertyseller.es,,,,1,74563,117,7.6,PrestaShop,https://www.interparquet.es,https://www.instagram.com/info_interparquet,B99031783,sociedad,0,+34 976 24 50 32,
Maquituls,Restablecer MQT GROUP SPAIN SLU,+34 926 67 68 52,info@maquituls.es,Bricolaje y reforma,tienda_online,No Amazon V1,daniela@libertyseller.es,,,Torrenueva,1,73194,6539,9.7,PrestaShop,https://www.maquituls.es,https://www.instagram.com/sequra_es/,,,0,,clientes@sequra.es
Alcupi,Alcupi Pizarras S.L.,+34 988 32 08 44,ventas@alcupi.com,Bricolaje y reforma,tienda_online,No Amazon V1,daniela@libertyseller.es,,,O Barco,1,70331,290,7.7,PrestaShop,https://alcupi.com,https://www.instagram.com/alcupi_,B01956606,,0,+34 650 19 22 40,comercial@alcupi.com
tiendadeinox.com,Domingo Torres SL,+34 621 24 55 08,info@tiendadeforja.com,Bricolaje y reforma,tienda_online,No Amazon V1,daniela@libertyseller.es,TORRES VALVERDE BERNARDA,Administrador solidario,La Solana,1,60870,258,6.6,PrestaShop,http://tiendadeinox.com,https://www.instagram.com/tiendadeinox.comdt,B13186150,,4,+34 926 63 18 58,info@tiendadeinox.com
sasmak.com,Sasmak,+34 678 84 58 51,info@sasmak.com,Bricolaje y reforma,tienda_online,No Amazon V1,daniela@libertyseller.es,,,,1,59128,1975,6.1,PrestaShop,https://sasmak.com,https://www.instagram.com/sasmak.sl,B20761524,,0,,sasmak@sasmak.com
Distribuciones de Fumisteria,"Privacidad Distribuciones de Fumistería, S.L.",+34 686 69 85 68,fumisteria@fumisteria.es,Bricolaje y reforma,tienda_online,No Amazon V1,daniela@libertyseller.es,,,Bigastro,1,55642,249,9.7,PrestaShop,https://www.fumisteria.es,https://www.instagram.com/fumisteriamr,B54710132,,0,+34 966 77 04 86,fumisteria@fumisteria.es
lacasadelpintorshop.com,,+34 674 66 14 29,info@lacasadelpintordemurcia.com,Bricolaje y reforma,tienda_online,No Amazon V1,daniela@libertyseller.es,,,,1,54047,57,6.1,PrestaShop,https://lacasadelpintorshop.com,https://www.instagram.com/lacasadelpintordemurcia,B30135446,sociedad,0,,
sbautomatismos.es,,+34 635 78 11 15,info@sbautomatismos.com,Bricolaje y reforma,tienda_online,No Amazon V1,daniela@libertyseller.es,,,,1,52417,134,8.3,PrestaShop,https://sbautomatismos.es,https://www.instagram.com/sb_automatismos,75484329P,,0,+34 958 04 79 48,
www.fernandoalonsosl.es,,+34 637 55 84 35,tienda@fernandoalonsosl.com,Bricolaje y reforma,tienda_online,No Amazon V1,daniela@libertyseller.es,,,,1,50923,12625,7,PrestaShop,https://www.fernandoalonsosl.es,https://www.instagram.com/ferreteria.falonso,B36641132,sociedad,0,"+34 986 19 61 86; +34 986 21 33 08; +34 986 29 91 17",
Tienda Especializada en Instalaciones,Etxeguren Zerbitzuak S.L.,+34 945 89 07 91,info@iguren.es,Bricolaje y reforma,tienda_online,No Amazon V1,daniela@libertyseller.es,,,,1,49973,139,9.7,PrestaShop,https://iguren.es,,B01179795,,0,+34 664 46 35 96,comercial@etxeguren.com
Paelleros Roger,Paelleros Roger SL,+34 609 74 69 67,info@paellerosroger.com,Bricolaje y reforma,tienda_online,No Amazon V1,daniela@libertyseller.es,ROGER BERTOMEU JUAN LUIS,Administrador solidario,,1,48072,533,1.8,PrestaShop,https://paellerosroger.com,https://www.instagram.com/paellerosroger,B16420119,,1,,
Cayfi PVC Profiles,CAYFI SL,+34 937 15 19 00,tienda@cayfi.com,Bricolaje y reforma,tienda_online,No Amazon V1,daniela@libertyseller.es,COMELLA GILABERT MARIA TERESA,Administrador único,,1,44575,7,9.7,PrestaShop,https://cayfi.com,https://www.instagram.com/cayfi_extrusion,B08723017,,3,,"comercial@cayfi.com; info@cayfi.com"
Mastil,"Matriplas, S.L.",+34 916 58 49 81,info@mastil-boom.es,Bricolaje y reforma,tienda_online,No Amazon V1,daniela@libertyseller.es,PEREZ SEVERINO JESUS ANGEL,Administrador solidario,Paracuellos de Jarama,1,44134,364,8.3,PrestaShop,https://mastil-boom.es,https://www.instagram.com/mastil_boom,B28882769,,2,,matriplas@matriplas.es
Ferretería industrial Online,,+34 605 19 16 12,dferreteria@dferreteria.es,Bricolaje y reforma,tienda_online,No Amazon V1,daniela@libertyseller.es,,,,1,41633,157,5.8,PrestaShop,https://dferreteria.es,https://www.instagram.com/dferreteria.es,B02680643,sociedad,0,,"info@alcalink.com; dferreteria@dferreteria.com"
Repuestos Chimeneas,DECOR FUEGO S.L.U.,+34 926 76 21 83,repuestoschimeneas@gmail.com,Bricolaje y reforma,tienda_online,No Amazon V1,daniela@libertyseller.es,CASES ABAD DAVID RAMON,Administrador único,,1,40456,27919,8.3,PrestaShop,https://repuestoschimeneas.es,https://www.instagram.com/repuestoschimeneas_,B22810667,,1,,repuestoschimeneas@gmail.com
coarpe.es,,+34 618 14 06 19,ventas@coarpe.es,Bricolaje y reforma,tienda_online,No Amazon V1,daniela@libertyseller.es,,,,1,39132,501,9.7,PrestaShop,https://coarpe.es,https://www.instagram.com/puertascoarpe,B73617565,sociedad,0,+34 968 67 68 25,coarpe@coarpe.es
Cabanero Ferreteria Industrial,ANTONIO RUIZ MARTINEZ S.L.,+34 625 45 14 56,cabanero@cabanero.es,Bricolaje y reforma,tienda_online,No Amazon V1,daniela@libertyseller.es,RUIZ LOPEZ VICTOR MANUEL,Administrador único,,1,36337,313,9.7,PrestaShop,https://cabanero.es,https://www.instagram.com/cabaneroferreteria,B03306644,,2,+34 966 71 03 05,
Ferretería Online Establecimientos Rey,ESTABLECIMIENTOS REY S.L.,+34 634 65 87 98,tienda@establecimientosrey.es,Bricolaje y reforma,tienda_online,No Amazon V1,daniela@libertyseller.es,,,Xove,1,36042,12732,6.2,PrestaShop,https://establecimientosrey.es,https://www.instagram.com/establecimientosrey,B27275734,,0,+34 982 14 85 16,"info@brikum.com; rey@establecimientosrey.com"
latiendadeferreteria.es,Fihérfez S.L.,+34 629 04 59 85,info@latiendadeferreteria.es,Bricolaje y reforma,tienda_online,No Amazon V1,daniela@libertyseller.es,,,Carrión de Calatrava,1,33904,376,9.2,PrestaShop,http://latiendadeferreteria.es,https://www.instagram.com/latiendadeferreteria,B13329479,,0,"+34 902 30 04 00; +34 926 81 44 87",fiherfez@gmail.com
MULTIPINTURAS,,+34 607 37 05 67,info@multipinturas.com,Bricolaje y reforma,tienda_online,No Amazon V1,daniela@libertyseller.es,,,Puente Genil,1,32161,128,9.7,PrestaShop,https://multipinturas.com,,B41902586,sociedad,0,+34 783 84 05 11,
Matscarlux,,+33755538830,contact@matscarlux.fr,Bricolaje y reforma,tienda_online,No Amazon V1,daniela@libertyseller.es,,,Ontinyent,1,31369,53,7.1,Shopify,https://matscarlux.fr,https://www.instagram.com/matscarlux,B42890012,sociedad,0,,"emailcontact@matscarlux.fr; admin@matscarlux.fr"
Polsando,"POLSANDO, S.L.",+34 955 72 41 93,info@polsando.com,Bricolaje y reforma,tienda_online,No Amazon V1,daniela@libertyseller.es,ROMERO RUIZ MARIA DOLORES,Administrador mancomunado,Seville,1,30894,152,9.7,PrestaShop,https://polsando.com,https://www.instagram.com/polveropolsando,B41452418,,4,+34 662 21 25 95,
Makita Tienda Online Oficial,Outlet Blog Contacto Ferretería Martín Granada S.L.,+34 911 87 72 01,ventas@maquinaprofesional.es,Bricolaje y reforma,tienda_online,No Amazon V1,daniela@libertyseller.es,,,,2,29536,7555,5.4,PrestaShop,https://maquinaprofesional.es,https://www.instagram.com/maquina.profesional,B18750406,,0,,
mandosparagaraje.com,,+34 686 64 54 16,info@mandosparagaraje.com,Bricolaje y reforma,tienda_online,No Amazon V1,daniela@libertyseller.es,,,Madrid,2,28857,448,8.5,Shopify,https://mandosparagaraje.com,,77137114J,autonomo,0,+34 697 28 02 00,mandosparagaraje@gmail.com
Comprar,"Tecnocorte Afilados Serrano, S.L.",+34 965 28 77 71,info@tecnocorte.com,Bricolaje y reforma,tienda_online,No Amazon V1,daniela@libertyseller.es,,,Alicante,2,28008,414,9.7,PrestaShop,https://www.tecnocorte.com,https://www.instagram.com/tecnocorte,B53080693,,0,,
Monastil,"Envío Devoluciones CONTACTO HERRAJES Y BUZONES MONASTIL, S.L.",+34 965 38 30 40,monastil@monastil.es,Bricolaje y reforma,tienda_online,No Amazon V1,daniela@libertyseller.es,,,,2,27329,273,9.7,PrestaShop,https://monastil.es,https://www.instagram.com/herrajesmonastil,B54171178,,0,+34 644 61 81 90,pedidos@monastil.es
www.montec.es,,+34 935 14 79 95,informacion@montec.es,Bricolaje y reforma,tienda_online,No Amazon V1,daniela@libertyseller.es,,,,2,26820,1462,9.6,PrestaShop,https://www.montec.es,https://www.instagram.com/montec_mt,46752871N,autonomo,0,,info@montec.es
Intersun España,MEDIASUN ESPAÑA SL,+34 699 31 16 75,contacto@intersun.es,Bricolaje y reforma,tienda_online,No Amazon V1,daniela@libertyseller.es,CLAUDE AGULLO,Administrador único,,2,26435,33,3.2,PrestaShop,https://www.intersun.es,https://www.instagram.com/intersun.es,B65861403,,1,+34 900 10 36 90,
pinturachalkpaint.com,,+34 601 32 33 86,clientes@pinturachalkpaint.com,Bricolaje y reforma,tienda_online,No Amazon V1,daniela@libertyseller.es,,,,2,25711,241,9.7,PrestaShop,https://pinturachalkpaint.com,https://www.instagram.com/artesanomalaga/,25995628Q,,0,+34 951 38 26 19,"abc@xyz.com; clientesartesano@gmail.com"
Aldaco Avance 2022,Aldaco Avance 2022 S.L.,+34 607 28 83 11,aldaco@aldacogrupoavance.es,Bricolaje y reforma,tienda_online,No Amazon V1,daniela@libertyseller.es,PEREZ MON JAIME,Administrador solidario,,2,24986,12,7.5,PrestaShop,http://aldacogrupoavance.es,https://www.instagram.com/aldacoavance2022,B13652771,,3,"+34 629 05 09 58; +34 669 48 25 40; +34 985 16 78 92; +34 988 61 57 02","almacensiero@aldacogrupoavance.es; aroca@aldacogrupoavance.es; galicia@aldacogrupoavance.es; gesteban@aldacogrupoavance.es; ssanchez@aldacogrupoavance.es"
Mavyal,Legal AVISO LEGAL MAQUINARIA VENTA Y ALQUILER NORTE S.L.,+34 902 32 79 02,mavyal@mavyal.com,Bricolaje y reforma,tienda_online,No Amazon V1,daniela@libertyseller.es,,,Logroño,2,24805,191,7.8,PrestaShop,https://mavyal.com,,B26558197,,0,"+34 941 13 65 52; +34 941 15 29 09; +34 941 25 94 00; +34 941 27 06 22; +34 975 24 04 50","mavyal@mavyal.com; soria@mavyal.com"
www.laastilladora.com,"Smart Mapa SMART MAPA, S.L.",+34 650 97 63 55,info@laastilladora.com,Bricolaje y reforma,tienda_online,No Amazon V1,daniela@libertyseller.es,,,,2,24443,61,8.7,PrestaShop,https://www.laastilladora.com,,B65638710,,0,,privacy@laastilladora.com
Yoevu,Tienda Directa S.L.,+34 958 18 76 96,info@yoevu.es,Bricolaje y reforma,tienda_online,No Amazon V1,daniela@libertyseller.es,,,Escúzar,2,23991,56,2.2,Shopify,https://yoevu.es,https://www.instagram.com/yoevu.es,B18314112,,0,+34 958 50 40 12,gestion@yoevu.es
Utile Life Solutions,,+34 953 35 16 93,pedidos@utile.es,Bricolaje y reforma,tienda_online,No Amazon V1,daniela@libertyseller.es,,,,2,23538,487,7.5,PrestaShop,https://www.utile.es,https://www.instagram.com/utile.life.solutions,,,0,,
TopReforma,"Azulejos y Pavimentos Hinojosa, SL",+34 695 09 59 16,info@topreforma.es,Bricolaje y reforma,tienda_online,No Amazon V1,daniela@libertyseller.es,,,,2,23176,631,3.1,PrestaShop,https://topreforma.es,,B14342174,sociedad,0,+34 600 00 00 00,contacto@ayphinojosa.com
Reformas Recarey,Construcción S.L.,+34 981 17 37 05,info@recareyalmacenes.com,Bricolaje y reforma,tienda_online,No Amazon V1,daniela@libertyseller.es,,,,2,22633,128,7.4,PrestaShop,http://recarey.es,,B70049440,,0,+34 981 89 39 23,"conta@recareyalmacenes.com; oficina@recareyalmacenes.com"
www.metalblinds.es,,+34 608 67 89 85,info@metalblinds.es,Bricolaje y reforma,tienda_online,No Amazon V1,daniela@libertyseller.es,,,,2,21954,187,9.4,PrestaShop,https://www.metalblinds.es,https://www.instagram.com/metalblinds,B97315709,sociedad,0,+34 961 50 25 25,
SUMINISTROS DE CERRAJERÍA,,+34 911 41 33 70,info@suministrosdecerrajeria.es,Bricolaje y reforma,tienda_online,No Amazon V1,daniela@libertyseller.es,,,,2,21501,306,3,PrestaShop,https://suministrosdecerrajeria.es,,B18750406,,0,,
www.electrobombas.es,,+34 644 15 60 47,info@electrobombas.es,Bricolaje y reforma,tienda_online,No Amazon V1,daniela@libertyseller.es,,,,2,21365,1190,9.7,PrestaShop,https://www.electrobombas.es,,B75438432,sociedad,0,,pedidos@electrobombas.es
Merkal Calzados,,+34 930 49 31 78,infoclientes@merkal.com,Calzado,tienda_online,No Amazon V1,daniela@libertyseller.es,,,Barcelona,1,1023764,5983,9.7,Shopify,https://merkal.com,https://www.instagram.com/merkal,,,0,+34 932 69 77 01,
Flabelus,"FLABELUS SPAIN, S.L.",+34 912 19 60 31,hola@flabelus.com,Calzado,tienda_online,No Amazon V1,daniela@libertyseller.es,DE LOS MOZOS VELASCO BEATRIZ MARIA,Administrador único,Madrid,1,889190,1398,6.4,Shopify,https://flabelus.com,https://www.instagram.com/flabelus,B42893354,,6,,wholesales@flabelus.com
Toni Pons,ANTONI PONS S.A.,+34 609 83 21 01,info@tonipons.com,Calzado,tienda_online,No Amazon V1,daniela@libertyseller.es,,,Girona,1,774681,2032,8.6,Shopify,https://tonipons.com,https://www.instagram.com/tonipons_official,A17114489,,0,"+34 617 11 17 91; +34 633 81 32 26; +34 654 53 47 50; +34 655 11 49 27","info@shop.tonipons.com; tonipons@tonipons.com"
FOOTDISTRICT,,+34 918 21 38 88,help@footdistrict.com,Calzado,tienda_online,No Amazon V1,daniela@libertyseller.es,,,Almería,1,587995,8431,8.5,Shopify,https://footdistrict.com,https://www.instagram.com/footdistrict,,,0,"+34 931 39 44 87; +34 987 79 52 10; +34 671 66 00 10",
rks.shoes,"RKS FOOTWEAR, S.L.U.",+34 911 70 10 92,no-reply@rks.shoes,Calzado,tienda_online,No Amazon V1,daniela@libertyseller.es,MINA ESPARZA ENRIQUE,Administrador solidario,,1,516465,259,6.8,PrestaShop,https://rks.shoes,https://www.instagram.com/rksfootwear/,B71023865,,4,+34 911 79 10 92,atencioncliente@rksfootwear.es
ULANKA – Ulanka,,+34 961 25 97 00,info@ulanka.com,Calzado,tienda_online,No Amazon V1,daniela@libertyseller.es,,,Paterna,1,511203,1549,9.7,Shopify,https://ulanka.com,https://www.instagram.com/ulanka_official,A46048799,sociedad,0,+34 963 49 10 33,
GIOSEPPO,,+34 966 06 06 01,gioseppo@gioseppo.com,Calzado,tienda_online,No Amazon V1,daniela@libertyseller.es,,,Elche,1,491513,5161,9.7,Shopify,https://gioseppo.com,https://www.instagram.com/gioseppo_official,B03987286,sociedad,0,+34 965 68 30 68,"wecare@gioseppo.com; help@gioseppo.com"
Comprar zapatos online,"AONVAS, S.L.",+34 657 70 52 56,clientes@zapatosvas.com,Calzado,tienda_online,No Amazon V1,daniela@libertyseller.es,,,Madrid,1,439797,1007,9.7,PrestaShop,https://www.zapatosvas.com,https://www.instagram.com/vas_bootsandshoes/,,,0,,
Chie Mihara ®,,+34 606 85 86 99,info@alcalink.com,Calzado,tienda_online,No Amazon V1,daniela@libertyseller.es,,,,1,423321,1037,9.7,PrestaShop,https://www.chiemihara.com,https://www.instagram.com/chiemihara,B54624903,sociedad,0,+34 966 98 04 15,
refreshoes.com,,+34 968 79 18 57,info@refreshoes.com,Calzado,tienda_online,No Amazon V1,daniela@libertyseller.es,,,Yecla,1,388308,8592,9,Shopify,https://refreshoes.com,https://www.instagram.com/refreshoes,B73961971,sociedad,0,,
Pedro García,"PEDRO GARCIA STORES, SL",+34 620 62 87 08,customerservice@pedrogarcia.com,Calzado,tienda_online,No Amazon V1,daniela@libertyseller.es,,,Elda,1,373257,226,9.7,Shopify,https://pedrogarcia.com,https://www.instagram.com/pedrogarciashoes,B54135918,,0,+34 965 39 48 46,"info@pedrogarcia.com; madridstore@pedrogarcia.com; press@pedrogarcia.com"
Sendra Boots,,+34 687 02 77 77,mail@sendra.com,Calzado,tienda_online,No Amazon V1,daniela@libertyseller.es,,,Almansa,1,366524,1653,6.1,Shopify,https://sendra.com,,B27592286,,0,"+34 967 34 05 08; +34 967 34 20 13; +34 966 15 12 00","shop@sendra.com; info@sendra.nl; T.A.info@sendra.nl"
Bullfeet,Botas de Seguridad Indiana S3S CI FO SC,+34 654 26 68 03,customer@bullfeet.com,Calzado,tienda_online,No Amazon V1,daniela@libertyseller.es,,,Almansa,1,345770,47,8,Shopify,https://bullfeet.com,https://www.instagram.com/bullfeetshoes,B26767277,,0,+34 654 26 68 03,
pianno39.com,Ecommerce Unlimited Style S.L.,+34 652 86 81 14,atc@pianno39.com,Calzado,tienda_online,No Amazon V1,daniela@libertyseller.es,HERNANDEZ ROS CARINA JESUS,Administrador único,Cox,1,345215,16671,9.7,PrestaShop,https://pianno39.com,https://www.instagram.com/pianno39,B26585091,,1,+34 965 36 09 15,"atcpianno39@gmail.com; pianno39@gmail.com; yourmail@com.com"
SATORISAN,"SATORISAN, S.L.",+34 961 10 50 22,hello@satorisan.com,Calzado,tienda_online,No Amazon V1,daniela@libertyseller.es,MONZO TADEO ALEJANDRO,Administrador único,Valencia,1,331987,301,4.6,Shopify,https://es.satorisan.com,https://www.instagram.com/satorisan.brand,B98268196,,3,"+34 963 61 32 24; +34 691 21 51 89",
www.lunacalzados.es,,+34 601 62 61 50,atencionalcliente@lunacalzados.es,Calzado,tienda_online,No Amazon V1,daniela@libertyseller.es,,,Puerto de Mazarrón,1,322085,1669,8.3,PrestaShop,http://www.lunacalzados.es,https://www.instagram.com/lunacalzadosycomplementos,B30896823,sociedad,0,+34 968 59 15 88,administracion@lunacalzados.es
NOIRFONCE,,+34 910 25 50 49,contact@noirfonce.eu,Calzado,tienda_online,No Amazon V1,daniela@libertyseller.es,,,Madrid,1,314910,7391,8.8,Shopify,https://noirfonce.eu,https://www.instagram.com/noir.fonce,B87140703,sociedad,0,+34 743 18 33 72,info@noirfonce.eu
MIM,"MONTOJO Y MOVELLÁN TEXTIL, S.L.",+34 608 67 99 68,hola@mimshoes.com,Calzado,tienda_online,No Amazon V1,daniela@libertyseller.es,VIVANCOS ARIGITA ALFONSO,Representan,Seville,1,310836,532,9.2,Shopify,https://mimshoes.com,https://www.instagram.com/mim___,B87375473,,1,,
Paloma Barceló® | Fashion and luxury shoes,"COSI COSI EXPORT, S.L.",+34 965 68 09 04,contact@palomabarcelo.com,Calzado,tienda_online,No Amazon V1,daniela@libertyseller.es,BARCELO MARTINEZ MANUEL,Administrador solidario,,1,295390,236,5.4,Shopify,https://www.palomabarcelo.com,https://www.instagram.com/palomabarcelo,B54574215,,4,,customercare@palomabarcelo.com
Lolacruz,,+34 672 73 99 74,customerservice@lolacruz.com,Calzado,tienda_online,No Amazon V1,daniela@libertyseller.es,,,Paterna,1,292063,614,9.7,Shopify,https://lolacruz.com,https://www.instagram.com/lolacruzshoes,,,0,,
"BERWICK 1707, S.L.",,+34 915 76 15 55,info@berwickshoes.com,Calzado,tienda_online,No Amazon V1,daniela@libertyseller.es,,,Madrid,1,283089,66,9.7,Shopify,https://berwickshoes.com,,B86491073,,0,,shop@berwickshoes.com
PLUG GAME,,+34 674 02 71 40,INFOPLUGGAME@GMAIL.COM,Calzado,tienda_online,No Amazon V1,daniela@libertyseller.es,,,Valencia,1,272259,893,2.6,Shopify,https://pluggame.es,https://www.instagram.com/pluggamestore,F56752314,,0,,
pabloochoa.shoes,Gestora de Zapaterías S.L.U.,+34 976 30 44 43,clientes@pabloochoashoes.com,Calzado,tienda_online,No Amazon V1,daniela@libertyseller.es,,,,1,265164,830,8.3,PrestaShop,https://www.pabloochoashoes.com,https://www.instagram.com/pabloochoa.shoes,B50715812,,0,,dataprotection@pabloochoashoes.com
Footshop,"determinados casos, una evaluación de su credibilidad. Base",+442038071459,help@footshop.es,Calzado,tienda_online,No Amazon V1,daniela@libertyseller.es,,,,1,259585,3018,9.4,PrestaShop,https://www.footshop.es,https://www.instagram.com/footshop,,,0,,privacy@footshop.cz
Nuria Cobo,Sequra Worldwide S.A.,+34 628 93 61 11,clientes@nuriacobo.com,Calzado,tienda_online,No Amazon V1,daniela@libertyseller.es,SETH DAVID KRISTOFFER BACKSTROM,Presidente / consejero delegado,Seville,1,258159,2202,5.8,Shopify,https://nuriacobo.com,https://www.instagram.com/nuriacobozapatos,B90413436,,38,,clientes@sequra.es
Claudia&Julia,,+34 935 95 37 29,tienda@claudiaandjulia.com,Cocina y electrodomésticos,tienda_online,No Amazon V1,daniela@libertyseller.es,,,Manresa,1,455730,4606,9.7,Shopify,https://claudiaandjulia.com,https://www.instagram.com/claudiaandjulia,B66594979,sociedad,0,,marketing@claudiaandjulia.com
Tappwater,,+34 660 13 07 89,support@tappwater.co,Cocina y electrodomésticos,tienda_online,No Amazon V1,daniela@libertyseller.es,,,Barcelona,1,329350,27,8.9,Shopify,https://tappwater.co,https://www.instagram.com/tappwater.co,B66729336,sociedad,0,,"info@tappwater.co; info@tappwater.com"
Alkanatur,ALKANATUR DROPS SLU,+34 981 07 10 02,clientes@alkanatur.com,Cocina y electrodomésticos,tienda_online,No Amazon V1,daniela@libertyseller.es,NOVO BARCON JUAN CARLOS,Administrador único,"Ames, Spain",1,263704,79,7.4,PrestaShop,https://alkanatur.com,https://www.instagram.com/alkanatur,B70469432,,1,"+34 698 17 39 81; +34 618 45 47 58; +34 669 27 64 17","administracion@alkanatur.com; alkanaturcanarias@gmail.com"
EVVO HOME,,+34 663 26 71 82,info@evvohome.com,Cocina y electrodomésticos,tienda_online,No Amazon V1,daniela@libertyseller.es,,,Santa Marta de Tormes,1,259506,327,7.3,Shopify,https://www.evvohome.com,https://www.instagram.com/evvohome,B37556842,sociedad,0,+34 910 20 04 22,
originalpaella.es,Original Paella SL,+34 963 90 69 01,originalpaella@originalpaella.com,Cocina y electrodomésticos,tienda_online,No Amazon V1,daniela@libertyseller.es,BAIXAULI PUCHADES FRANCISCO JAVIER,Administrador solidario,Valencia,1,219740,34,9.7,PrestaShop,https://originalpaella.es,https://instagram.com/originalpaella,,,2,,
Espresso C.S.,,+34 611 64 03 18,info@espressocoffeeshop.es,Cocina y electrodomésticos,tienda_online,No Amazon V1,daniela@libertyseller.es,,,,1,203976,291,3.1,PrestaShop,https://www.espressocoffeeshop.es,https://www.instagram.com/espressocoffeeshop,B05295902,sociedad,0,,support@espressocoffeeshop.com
ElectroChicón,,+34 638 15 52 16,electrochicon@gmail.com,Cocina y electrodomésticos,tienda_online,No Amazon V1,daniela@libertyseller.es,,,,1,182713,1203,7.1,PrestaShop,https://www.electrochicon.es,,B87874590,sociedad,0,+34 911 39 35 20,info@Electrochicon.es
tiendaselectron,"Prefabricados Nortysur, S.A.",+34 928 53 35 10,atencionalcliente@tiendaselectron.com,Cocina y electrodomésticos,tienda_online,No Amazon V1,daniela@libertyseller.es,CABRERA VIERA MIGUEL ENRIQUE,Administrador único,,1,165241,2543,9.7,PrestaShop,https://tiendaselectron.com,https://www.instagram.com/tiendaselectron,A35421395,,1,,
www.enervill.es,Enervill energías S.L.,+34 911 79 46 71,enervill@enervill.com,Cocina y electrodomésticos,tienda_online,No Amazon V1,daniela@libertyseller.es,RODRIGUEZ LOZANO FELIX,Administrador solidario,Alpedrete,1,159220,5,8.3,PrestaShop,https://www.enervill.es,,B88106604,,2,+34 644 51 60 66,
Los utensilios del chef,,+34 658 52 16 88,info@losutensiliosdelchef.com,Cocina y electrodomésticos,tienda_online,No Amazon V1,daniela@libertyseller.es,,,Madrid,1,122216,1419,9.7,Shopify,https://losutensiliosdelchef.com,https://instagram.com/losutensiliosdelchef,B79101747,sociedad,0,+34 915 43 02 59,
Recamania,,+34 967 63 00 00,soporte@recamania.es,Cocina y electrodomésticos,tienda_online,No Amazon V1,daniela@libertyseller.es,,,Albacete,1,119364,8861,9.7,Shopify,https://recamania.com,,B02534154,sociedad,0,,"soporte@recamania.com; info@recamania.com"
easelectric.es,"Componentes Eléctricos Mercaluz, S.A.",+34 963 14 31 63,info@easelectric.es,Cocina y electrodomésticos,tienda_online,No Amazon V1,daniela@libertyseller.es,BALLARIN RALUY MARIO,Presidente / consejero delegado,,1,114974,17,8.2,PrestaShop,https://easelectric.es,https://www.instagram.com/easelectric,A03204864,,12,,"atencioncliente@easelectric.es; rgpd@easelectric.es; rgpd@mercaluz.com; rgpd@mercaluz.com."
SETASA Filtración,,+34 915 73 76 07,setasa@setasa.es,Cocina y electrodomésticos,tienda_online,No Amazon V1,daniela@libertyseller.es,,,,1,107618,664,9.7,PrestaShop,https://setasa.es,https://www.instagram.com/setasa.filtracion,B87280392,,0,+34 628 69 55 95,
▷ Mesa de Camilla,Manuel Merino Calero,+34 670 11 21 54,mesayropadecamilla@gmail.com,Cocina y electrodomésticos,tienda_online,No Amazon V1,daniela@libertyseller.es,,,,1,105615,240,9.3,PrestaShop,https://mesadecamilla.com,https://www.instagram.com/mesa_de_camilla,74578831C,,0,,mesayropadecamilla@gmail.com
www.alfareriaduero.es,Alecook World S.L.,+34 674 89 44 86,info@alfareriaduero.es,Cocina y electrodomésticos,tienda_online,No Amazon V1,daniela@libertyseller.es,,,Valcabado,1,83062,36,7.3,PrestaShop,https://www.alfareriaduero.es,https://www.instagram.com/alecook_formacion/,B49290315,,0,"+34 980 05 10 18; +34 623 24 88 73",
CENTRALDELHOGAR Online Shop,Valmery Spain S.L.,+34 619 25 72 67,info@centraldelhogar.com,Cocina y electrodomésticos,tienda_online,No Amazon V1,daniela@libertyseller.es,,,Begues,1,81930,756,9.7,PrestaShop,https://www.centraldelhogar.com,https://www.instagram.com/centraldelhogar,B64114945,,0,+34 936 37 74 30,
Gatoo,Servicios Postventa Política de Cookies Contactar Sanelmann Ibérica S.L.,+34 966 44 20 12,comercial@gatoo.es,Cocina y electrodomésticos,tienda_online,No Amazon V1,daniela@libertyseller.es,,,,1,77064,291,9.7,PrestaShop,https://www.gatoo.es,,B54561774,,0,,
Rumoroso,,+34 915 63 61 46,info@rumoroso.es,Cocina y electrodomésticos,tienda_online,No Amazon V1,daniela@libertyseller.es,,,,1,72820,1382,9.7,PrestaShop,https://www.rumoroso.es,https://www.instagram.com/rumoroso.es,,,0,,
Sonimagen,Sonimagen Astur S.L.,+34 654 89 28 66,,Cocina y electrodomésticos,tienda_online,No Amazon V1,daniela@libertyseller.es,MARTINEZ FELICES JOSE LUIS,Administrador solidario,,1,68090,1398,9.7,PrestaShop,https://www.sonimagen.es,,B33414749,,2,+34 985 93 10 69,
Repuesto Domestic,,+34 608 08 83 14,info@repuestodomestic.com,Cocina y electrodomésticos,tienda_online,No Amazon V1,daniela@libertyseller.es,,,Badajoz,1,61991,5787,6.8,PrestaShop,https://www.repuestodomestic.com,,B67791012,sociedad,0,+34 824 90 83 66,
Cocina y Repostería,"Ferretería Industrial Serón, S.L.",+34 623 26 54 40,info@cocinayreposteria.es,Cocina y electrodomésticos,tienda_online,No Amazon V1,daniela@libertyseller.es,GARCIA MANZANO MARIA PILAR,Apoderado,,1,57136,2863,9.7,PrestaShop,http://cocinayreposteria.es,,B04437729,,1,+34 623 26 54 40,
Hiperchef,,+34 668 88 94 95,info@hiperchef.com,Cocina y electrodomésticos,tienda_online,No Amazon V1,daniela@libertyseller.es,,,Valencia,1,55393,2940,9.7,PrestaShop,https://hiperchef.com,https://www.instagram.com/hiperchef,24374339C,,0,,
Bone & White,,+34 608 44 69 33,info@boneandwhite.com,Cocina y electrodomésticos,tienda_online,No Amazon V1,daniela@libertyseller.es,,,Culleredo,1,52010,378,3.6,Shopify,https://de.boneandwhite.com,https://www.instagram.com/boneandwhite,B54471982,sociedad,0,"+34 981 30 76 08; +34 659 04 02 66",support@boneandwhite.com
Cuchillería Teodomiro,Contáctanos Contáctanos Cuchillería Teodomiro C.B.,+34 924 77 53 42,info@cuchilleriateodomiro.com,Cocina y electrodomésticos,tienda_online,No Amazon V1,daniela@libertyseller.es,,,,1,49158,230,9.7,PrestaShop,https://www.cuchilleriateodomiro.com,,E06156814,,0,,pedidos@cuchilleriateodomiro.com
DeinWeinkühlschrank.de,,+4916096514393,info@deinweinkuehlschrank.de,Cocina y electrodomésticos,tienda_online,No Amazon V1,daniela@libertyseller.es,,,,1,46782,637,2.7,Shopify,https://www.deinweinkuehlschrank.de,https://www.instagram.com/deinweinkuehlschrank.de,B56670862,sociedad,0,,
cristalgrabado,,+34 622 90 90 96,info@cristalgrabado.es,Cocina y electrodomésticos,tienda_online,No Amazon V1,daniela@libertyseller.es,,,,1,44948,17,8.3,PrestaShop,https://www.cristalgrabado.es,,30834792A,,0,,
www.alsako.com,,+34 933 95 26 80,info@alsako.com,Cocina y electrodomésticos,tienda_online,No Amazon V1,daniela@libertyseller.es,,,Badalona,1,44813,2923,9.7,PrestaShop,https://www.alsako.com,https://www.instagram.com/alsako_es,B62783212,,0,,atencionalcliente@alsako.com
Electrodomésticos Granada,,+34 670 23 53 63,tienda@electrodomesticoscentro.com,Cocina y electrodomésticos,tienda_online,No Amazon V1,daniela@libertyseller.es,,,La Calahorra,1,43545,1462,9.4,PrestaShop,https://electrodomesticoscentro.com,https://www.instagram.com/electrodomesticos_centro,B19626812,sociedad,0,+34 958 10 63 66,web@electrodomesticoscentro.com
Lama Sistemas de Filtrados,,+34 660 17 64 32,tienda@lama.es,Cocina y electrodomésticos,tienda_online,No Amazon V1,daniela@libertyseller.es,,,,1,40750,93,6.2,PrestaShop,https://www.lamastore.es,,B41112418,sociedad,0,,france@lama.es
Equipos osmosis inversa domestico,"CAPI 2026, S.L.",+34 722 81 49 27,info@purificaigua.es,Cocina y electrodomésticos,tienda_online,No Amazon V1,daniela@libertyseller.es,CARLES CAMPRUBI ANGLADA,Administrador único,Lleida,1,37706,87,8.3,PrestaShop,https://purificaigua.es,https://www.instagram.com/aps_purificaigua,B88782172,,1,+34 873 60 97 00,rgpd@purificaigua.es
Cristal Sèvres,"RAZÓN SOCIAL CRISTAL DE SEVRES, S.L.",+34 916 63 87 22,rgpd@cristalsevres.com,Cocina y electrodomésticos,tienda_online,No Amazon V1,daniela@libertyseller.es,,,,1,36337,56,7.7,PrestaShop,https://cristalsevres.com,https://www.instagram.com/cristal_de_sevres_1750,B85136679,,0,+34 916 63 87 22,
Pastelle Kitchen,,+34 672 18 72 05,debbie@pastellekitchen.com,Cocina y electrodomésticos,tienda_online,No Amazon V1,daniela@libertyseller.es,,,Madrid,1,34062,14,1.4,Shopify,https://pastellekitchen.com,https://instagram.com/pastelle.kitchen,,,0,+34 647 04 57 56,jonathan@pastellekitchen.com
Ràdio Pepe,,+34 972 31 70 66,radiopepe@radiopepe.net,Cocina y electrodomésticos,tienda_online,No Amazon V1,daniela@libertyseller.es,,,Palamós,1,32003,232,9.7,Shopify,https://radiopepe.cat,https://www.instagram.com/radiopepe,,,0,"+34 646 30 87 45; +34 972 31 20 90",
TecnicasHogar®,Comercial de Especialidades Técnicas para el Hogar SL,+34 915 17 40 48,comercial@tecnicashogar.es,Cocina y electrodomésticos,tienda_online,No Amazon V1,daniela@libertyseller.es,CASTILLO TORIJA ANTONIO,Administrador único,Madrid,1,30577,684,9.7,PrestaShop,https://www.tecnicashogar.es,,B81215675,,1,,
Nicolás Benito,"HIJO DE NICOLÁS BENITO, S.A.",+34 638 31 42 08,contacto@nicolasbenito.com,Cocina y electrodomésticos,tienda_online,No Amazon V1,daniela@libertyseller.es,BENITO RODRIGUEZ ANA MARIA,Presidente / consejero delegado,Salamanca,1,30045,5,4.3,PrestaShop,https://nicolasbenito.com,https://www.instagram.com/nicolasbenitohogar,A37038247,,11,+34 923 21 87 09,
"Berlinger Haus, tienda oficial en España",PROMINTRA SL,+34 936 80 30 30,aftersales@homeimpex.es,Cocina y electrodomésticos,tienda_online,No Amazon V1,daniela@libertyseller.es,SANCHEZ DIAZ PINTO MARC,Administrador solidario,,2,26310,2494,6.6,Shopify,https://berlinger-haus.es,https://www.instagram.com/berlingerhaus.es,B08192189,,4,,
electrorecambio.es,,+34 664 13 17 53,consultas@electrorecambio.es,Cocina y electrodomésticos,tienda_online,No Amazon V1,daniela@libertyseller.es,,,,2,25892,2420,9.7,PrestaShop,http://electrorecambio.es,,76777144Q,,0,+34 981 86 66 00,
iconicavintage,,+34 676 05 99 42,iconicavintage@gmail.com,Cocina y electrodomésticos,tienda_online,No Amazon V1,daniela@libertyseller.es,,,,2,25575,393,4.7,Shopify,https://iconicavintage.com,https://www.instagram.com/iconica_vintage,35072872B,,0,,
Water,Limpieza e Higienización S.A.,+34 645 36 44 57,info@waterhome.es,Cocina y electrodomésticos,tienda_online,No Amazon V1,daniela@libertyseller.es,,,,2,25349,85,6.7,PrestaShop,https://www.waterhome.es,https://www.instagram.com/waterhomespain,B40633356,,0,"+34 963 61 40 29; +34 963 65 65 14","pedidos@waterhome.es; pedidos@waterhomes.es"
CECASA,B29361078 CECASA ELECTRONICA SL,+34 609 01 10 55,cecasa@cecasaelectronica.es,Cocina y electrodomésticos,tienda_online,No Amazon V1,daniela@libertyseller.es,,,Málaga,2,25292,1842,9.7,PrestaShop,https://www.cecasaelectronica.es,https://www.instagram.com/cecasaelectronica,B29361078,,0,,
The Pack Stock EU,,+34 954 05 63 58,info@thepackstock.eu,Cocina y electrodomésticos,tienda_online,No Amazon V1,daniela@libertyseller.es,,,Montilla,2,24081,361,2.4,Shopify,https://thepackstock.eu,https://www.instagram.com/thepackstock_eu,12345678A,autonomo,0,+34 955 67 50 06,
Comprar Utensilios de Cocina,MAXIMO GAVIRA S.A.,+34 956 69 70 70,info@magasa.es,Cocina y electrodomésticos,tienda_online,No Amazon V1,daniela@libertyseller.es,GAVIRA MONTES MAXIMO,Administrador único,La Línea de la Concepción,2,23719,1448,8.9,PrestaShop,https://www.comercialandalucia.es,https://www.instagram.com/comercialandalucia,A11051299,,9,+34 605 51 21 65,
Decasa Electrodomésticos,DECASA ELECTRODOMESTICOS TENERIFE S.L.,+34 922 26 65 72,info@decasaelectrodomesticos.com,Cocina y electrodomésticos,tienda_online,No Amazon V1,daniela@libertyseller.es,,,San Cristóbal de La Laguna,2,22452,5360,2.4,PrestaShop,https://decasaelectrodomesticos.com,https://www.instagram.com/decasaelectrodomesticos,B75565960,,0,,
Saleta,,+34 643 66 58 89,cristina@bysaleta.com,Cocina y electrodomésticos,tienda_online,No Amazon V1,daniela@libertyseller.es,,,Valencia,2,21954,43,4,Shopify,https://bysaleta.com,https://www.instagram.com/bysaleta,76963428T,,0,,
Practienvases,PractiEnvases S.L.,+34 941 32 18 27,practienvases@practienvases.es,Cocina y electrodomésticos,tienda_online,No Amazon V1,daniela@libertyseller.es,LEON GARCIA MARIA GEMA,Apoderado,,2,21546,16,4,PrestaShop,https://practienvases.es,https://www.instagram.com/practi_envases,,,2,+34 941 48 63 18,
Bastilipo,Compañía Pineda Álvarez B41690223,+34 955 74 10 38,info@bastilipo-home.es,Cocina y electrodomésticos,tienda_online,No Amazon V1,daniela@libertyseller.es,,,,2,19917,99,5.4,PrestaShop,https://bastilipo.es,https://www.instagram.com/bastilipohome,B41690223,,0,,info@copialsl.com
Repuestolandia,Abastec S.L.,+34 954 35 92 00,info@repuestolandia.es,Cocina y electrodomésticos,tienda_online,No Amazon V1,daniela@libertyseller.es,FLORIDO SERRANO MARIA,Apoderado,,2,19690,5899,7.2,PrestaShop,https://repuestolandia.es,,B41738154,,1,+34 954 35 92 00,info@abastec.es
GENEVIEVE LETHU Zaragoza,JOSE TOMAS VILLALBA S.L.,+34 976 22 99 98,hola@genevievelethuzaragoza.es,Cocina y electrodomésticos,tienda_online,No Amazon V1,daniela@libertyseller.es,,,Zaragoza,2,17427,424,6.1,Shopify,https://www.genevievelethuzaragoza.es,,B50746635,,0,,
Stenger,"STENGER, SA",+34 937 73 91 98,info@stenger.es,Cocina y electrodomésticos,tienda_online,No Amazon V1,daniela@libertyseller.es,SALINAS DRUMM CARSTEN JOAQUIN,Presidente / consejero delegado,,2,16295,449,5.4,PrestaShop,https://stenger.es,https://www.instagram.com/stenger_1982,A08726200,,8,,
MESAS BOONITAS,,+34 910 94 50 43,mesasboonitas@hotmail.com,Cocina y electrodomésticos,tienda_online,No Amazon V1,daniela@libertyseller.es,,,Madrid,2,16069,924,5.5,Shopify,https://mesasboonitas.com,https://www.instagram.com/mesasboonitas,60009884D,autonomo,0,,
Blizzard Gear Store EU,,+18885900006,support@gear.blizzard.com,Deporte y fitness,tienda_online,No Amazon V1,daniela@libertyseller.es,,,Madrid,1,10035332,380,4.6,Shopify,https://eu.gear.blizzard.com,https://www.instagram.com/blizzard,,,0,+34 911 67 46 66,
Villarreal CF,,+34 686 84 14 56,retail@villarrealcf.es,Deporte y fitness,tienda_online,No Amazon V1,daniela@libertyseller.es,,,Villarreal,1,542866,216,9.2,Shopify,https://shop.villarrealcf.es,https://www.instagram.com/villarrealcf,A12362927,sociedad,0,+34 964 52 49 21,
GOBIK,Gobik B73817280 GOBIK SPORT WEAR SL,+34 968 07 50 06,cv@gobik.com,Deporte y fitness,tienda_online,No Amazon V1,daniela@libertyseller.es,,,Yecla,1,481532,1113,7.2,Shopify,https://gobik.com,https://www.instagram.com/gobik_wear,B73817280,,0,,"shop@gobik.com; gobik@gobik.com"
Bullpadel®,TRADINTER SL,+34 910 53 86 53,customerservice@bullpadel.com,Deporte y fitness,tienda_online,No Amazon V1,daniela@libertyseller.es,AGUIRRE FERNANDEZ-COBALEDA GABRIEL,Presidente / consejero delegado,Madrid,1,436447,369,7.5,PrestaShop,http://www.bullpadel.com,https://www.instagram.com/bullpadelsport,,,9,+34 949 26 33 61,
Buddha Sports,Valoración CONTACTO Buddha Sports S.L.,+34 611 89 28 42,buddhab2c@gmail.com,Deporte y fitness,tienda_online,No Amazon V1,daniela@libertyseller.es,,,Chiclana de la Frontera,1,383476,229,8,Shopify,http://www.buddhafightwear.com,https://instagram.com/buddha_sports,B72194541,,0,,buddhapedidos@gmail.com
Farmacias Trébol,,+34 659 76 19 04,hola@farmaciastrebol.com,Deporte y fitness,tienda_online,No Amazon V1,daniela@libertyseller.es,,,Alcobendas,1,346460,2344,9.7,PrestaShop,https://www.farmaciastrebol.com,https://www.instagram.com/farmaciastreboloficial,B84407188,sociedad,0,+34 917 31 99 14,
Hoko Sport,"Deporte, S.L.",+34 937 96 15 18,info@hokosport.com,Deporte y fitness,tienda_online,No Amazon V1,daniela@libertyseller.es,,,Mataró,1,316936,195,9.7,Shopify,https://www.hokosport.com,https://www.instagram.com/hoko_esport,B65938938,,0,+34 683 53 76 90,"bilbao@hokosport.com; madrid@hokosport.com; mataro@hokosport.com; sabadell@hokosport.com"
Barça,"OFFICIAL WEBSITE OF BARÇA LICENSING & MERCHANDISING, S.L.U.",+34 934 32 60 72,contact@store.fcbarcelona.com,Deporte y fitness,tienda_online,No Amazon V1,daniela@libertyseller.es,,,Barcelona,1,285567,2443,9.7,Shopify,https://store.fcbarcelona.com,https://www.instagram.com/barcastore,G08266298,,0,,invoice@store.fcbarcelona.com
Padel Market,"EUROPEAN PADEL MARKET, S.L.",+34 912 56 29 32,web@padelmarket.com,Deporte y fitness,tienda_online,No Amazon V1,daniela@libertyseller.es,CRISTOBAL BOHORQUEZ ALMAGRO,Administrador único,Madrid,1,277702,1861,5.8,Shopify,https://padelmarket.com,https://www.instagram.com/padelmarket_com,B05379060,,1,,
Velobur,Bicicletas Burgos S.L.U.,+34 947 21 13 03,info@velobur.es,Deporte y fitness,tienda_online,No Amazon V1,daniela@libertyseller.es,DIAZ GARCIA DIEGO,Administrador único,,1,273051,2121,7.4,PrestaShop,https://velobur.es,,B09544065,,1,,
Carbin,Ferretería García S.L.,+34 633 71 46 14,hello@groupalgatec.com,Deporte y fitness,tienda_online,No Amazon V1,daniela@libertyseller.es,GARCIA LLAGUES VICTORIA,Administrador único,Binéfar,1,264349,5491,5.7,Shopify,https://carbinstore.com,https://instagram.com/carbin_store,B22319305,,1,+34 974 42 99 24,post-sales@groupalgatec.com
Bikestocks,,+34 917 60 75 48,bikestocks@bikestocks.es,Deporte y fitness,tienda_online,No Amazon V1,daniela@libertyseller.es,,,Barcelona,1,256654,3777,9.7,PrestaShop,https://www.bikestocks.es,https://www.instagram.com/bikestocks,B64572399,sociedad,0,"+34 932 63 25 52; +34 938 54 96 57; +34 850 29 20 25",
Bicimarket,"Ayudas Compra Bicicletas Eléctricas The Bike Alliance, SL",+34 912 48 64 84,adm@bicimarket.com,Deporte y fitness,tienda_online,No Amazon V1,daniela@libertyseller.es,,,Barcelona,1,254119,7242,9.7,PrestaShop,https://www.bicimarket.com,https://www.instagram.com/bicimarketcom,B63065395,sociedad,0,+510172550,rgpd@bicimarket.com
Coolligan,COOLLIGAN SL,+34 911 28 94 36,contacto@coolligan.com,Deporte y fitness,tienda_online,No Amazon V1,daniela@libertyseller.es,SEGOVIA DE CELAYA JON IÑAKI,Administrador único,Madrid,1,251426,340,9.7,Shopify,https://coolligan.com,https://www.instagram.com/coolligan,B95754545,,2,,contanto@coolligan.com
MMR Bikes,ROAD Racing Adrenaline SLR Adrenaline SL,+31302932592,ad-bike@ibero.it,Deporte y fitness,tienda_online,No Amazon V1,daniela@libertyseller.es,,,Aviles,1,246198,226,6.2,Shopify,https://mmrbikes.com,https://www.instagram.com/mmrbikes,B74221458,,0,"+31318610870; +31332572572; +31334802030; +31513677234","aldapacyclestore@gmail.com; atencionalcliente@deporvillage.com; BICISTOREVLC@GMAIL.COM; c.cbikes@sapo.pt"
Zona de Padel,Equipamientos Zona de Pádel SL,+34 962 07 19 46,tienda@zonadepadel.es,Deporte y fitness,tienda_online,No Amazon V1,daniela@libertyseller.es,,,Valencia,1,240573,284,9.7,PrestaShop,https://www.zonadepadel.es,https://www.instagram.com/zonadepadel,B98490519,,0,,
Leopard,Leopard Commercial Centre S.L.,+34 679 45 78 96,info@leopard.es,Deporte y fitness,tienda_online,No Amazon V1,daniela@libertyseller.es,,,Madrid,1,237959,2086,9.7,PrestaShop,https://www.leopard.es,https://www.instagram.com/tiendaleopard,B80714983,,0,+34 913 14 96 23,
Velites,,+34 848 88 05 42,help@velitessport.com,Deporte y fitness,tienda_online,No Amazon V1,daniela@libertyseller.es,,,Zizur Mayor,1,228929,236,1.5,Shopify,https://eu.velitessport.com,https://www.instagram.com/velitessport,B71248983,sociedad,0,+34 674 58 95 90,"velites@velitessport.com; usahelp@velitessport.com"
Galaxy Golf,,+34 868 17 19 81,onlinesales@galaxygolfco.com,Deporte y fitness,tienda_online,No Amazon V1,daniela@libertyseller.es,,,Alicante,1,221404,2262,6.1,Shopify,https://galaxygolfco.com,https://www.instagram.com/galaxygolfspain,B54714175,sociedad,0,+34 966 77 58 56,onlinesales@galaxygolfco.co
FT ProBikes,FERNANDO TORRES PROBIKES SLU,+34 645 19 40 01,info@fernandotorresprobikes.com,Deporte y fitness,tienda_online,No Amazon V1,daniela@libertyseller.es,TORRES MARTIN FERNANDO,Administrador único,Llerena,1,202867,1037,5.6,PrestaShop,https://www.fernandotorresprobikes.com,https://www.instagram.com/fernandotorresprobikes,B06666028,,2,"+34 650 66 66 22; +34 650 84 92 75; +34 679 84 34 96; +34 686 34 11 47",pedidos@fernandotorresprobikes.com
Camping Sport,Adapmaca SL,+34 931 59 59 41,info@campingsport.es,Deporte y fitness,tienda_online,No Amazon V1,daniela@libertyseller.es,WAN SONG CHUNG CHEN,Administrador único,Barcelona,1,195501,1700,9.7,PrestaShop,https://campingsport.es,https://www.instagram.com/campingsport.es,B65379554,,1,,
Coresurfing Shop,Black Talla S S S L L,+34 981 06 90 37,info@coresurfingshop.com,Deporte y fitness,tienda_online,No Amazon V1,daniela@libertyseller.es,,,Santiago de Compostela,1,188009,1343,9.7,Shopify,https://coresurfingshop.com,https://www.instagram.com/coresurfing,B70468285,,0,,
BikeTrial,TrialBikes S.L.,+34 695 17 71 67,info@trial-bikes.com,Deporte y fitness,tienda_online,No Amazon V1,daniela@libertyseller.es,FERNANDEZ MOULIN RAUL,Administrador único,,1,185870,2293,9.7,PrestaShop,https://www.trial-bikes.com,,B45707221,,1,,pedidos@trial-bikes.com
Sportech fitness,ONLINE FITNESS SALES SL,+34 944 04 60 60,info@sportechfitness.com,Deporte y fitness,tienda_online,No Amazon V1,daniela@libertyseller.es,MAGUREGUI URIONABARRENECHEA RUBEN,Administrador solidario,Markina-Xemein,1,182906,1670,6.4,Shopify,https://sportechfitness.com,https://www.instagram.com/sportech_fitness,B09647553,,3,,marketing@sportechfitness.com
Cornilleau Table Tennis,Sports Madison S.L.,+34 933 00 57 43,international@sportsmadison.com,Deporte y fitness,tienda_online,No Amazon V1,daniela@libertyseller.es,,,,1,178843,60,8.3,PrestaShop,https://es.cornilleau.com,https://www.instagram.com/cornilleau_off,B61567905,,0,+34 933 09 54 30,"mail@sportsmadison.com; pedidos@sportsmadison.com"
Casco Antiguo,CASCO ANTIGUO COMERCIAL S.L.,+33123123123,customerservice@cascoantiguo.com,Deporte y fitness,tienda_online,No Amazon V1,daniela@libertyseller.es,GALATAS MARTINEZ PABLO,Presidente / consejero delegado,Madrid,1,175063,996,9.7,PrestaShop,https://www.cascoantiguo.com,https://www.instagram.com/cascodive,B79683579,,14,"+34 638 23 96 17; +34 646 10 72 14","infochile@cascoantiguo.com; infomexico@cascoantiguo.com; infopanama@cascoantiguo.com; inrgpd@cascoantiguo.com; internet@cascoantiguo.com"
Cádiz Club de Fútbol,"KAPPA SPORT IBERIA, S.L.",+34 606 60 60 01,atctiendacadizcf@kappa.com,Deporte y fitness,tienda_online,No Amazon V1,daniela@libertyseller.es,TRONO FEDERICO,Administrador único,Cádiz,1,172936,155,5.6,Shopify,https://tienda.cadizcf.com,,B85565695,sociedad,7,"+34 611 82 11 11; +34 635 63 50 00; +34 667 66 70 01; +34 686 32 21 46",
BeUrban,Tamaño M S L,+34 652 65 84 76,info@beurbanrunning.com,Deporte y fitness,tienda_online,No Amazon V1,daniela@libertyseller.es,,,Elche,1,169473,7172,7.5,Shopify,https://beurbanrunning.com,https://www.instagram.com/beurbanrunning,B84442516,,0,+34 965 46 12 37,"info@beurbanrunnning.com; dpourban@bndsport.es"
Maximilian Equestrian,,+34 676 84 02 45,hey@maximilianequestrian.com,Deporte y fitness,tienda_online,No Amazon V1,daniela@libertyseller.es,,,,1,166418,772,8.5,Shopify,http://maximilianequestrian.com,https://instagram.com/maximilian.equestrian,B09662735,sociedad,0,,
JOKER,CUCHILLERIA JOKER S.L.,+34 967 52 17 70,joker@joker.es,Deporte y fitness,tienda_online,No Amazon V1,daniela@libertyseller.es,MARTINEZ GONZALEZ ISRAEL,Administrador mancomunado,,1,165195,67,8.9,PrestaShop,https://www.joker.es,https://www.instagram.com/joker_knives,B02192193,,1,,jokercuchilleria@gmail.com
Bodytone,"BODYTONE INTERNATIONAL SPORT, S.L.",+34 968 20 53 83,atencionalcliente@bodytone.eu,Deporte y fitness,tienda_online,No Amazon V1,daniela@libertyseller.es,JERONIMO DOMINGUEZ ORTIZ,Administrador solidario,Murcia,1,164053,165,9.5,Shopify,https://bodytone.eu,https://www.instagram.com/bodytonefitness,B73591109,,4,,info@bodytone.eu
Oiartzun Bike,PODIUM CARBON RR SL,+34 617 62 16 91,,Deporte y fitness,tienda_online,No Amazon V1,daniela@libertyseller.es,,,Oiartzun,1,162468,1487,7.3,PrestaShop,https://www.oiartzunbike.com,https://www.instagram.com/oiartzun_bike,B75129106,,0,+34 943 49 22 84,
OS2O,OSSO OUTDOOR S.L.,+34 974 26 50 95,ventas@os2o.com,Deporte y fitness,tienda_online,No Amazon V1,daniela@libertyseller.es,PEINADO ALDA MIGUEL ANGEL,Administrador único,Jaca,1,160409,98,9.7,PrestaShop,https://os2o.com,https://www.instagram.com/os2o.fastandlight,B99342982,,1,"+34 915 30 11 93; +34 935 39 25 93",
HandballPROShop,FLOORBALL SHOP SPAIN SL,+34 603 27 11 93,info@handballproshop.com,Deporte y fitness,tienda_online,No Amazon V1,daniela@libertyseller.es,UGALDE DIEZ JUAN-MARIA,Administrador solidario,,1,158474,685,2.2,Shopify,https://handballproshop.com,https://www.instagram.com/handballproshop,B87593513,,4,+34 622 47 75 48,"info@balonmanoproshop.com; pedidos@handballproshop.com; marketing@handballproshop.com; pedidos@balonmanoproshop.com"
GSPORT,"Illes Balears, Sa",+34 962 22 97 76,web@gsport.es,Deporte y fitness,tienda_online,No Amazon V1,daniela@libertyseller.es,,,Xàtiva,1,156844,585,2.7,Shopify,https://gsportapparel.com,https://www.instagram.com/gsport_apparel,B97688527,,0,"+34 858 99 70 40; +34 910 24 89 57; +34 912 32 52 92; +34 912 47 10 30; +34 915 06 19 12",info@gsport.es
FUJIMAE,,+34 937 75 04 33,marketing@fujimae.com,Deporte y fitness,tienda_online,No Amazon V1,daniela@libertyseller.es,,,,1,153834,2397,9.7,PrestaShop,https://fujimae.com,https://www.instagram.com/fujimaeofficial,B60251113,sociedad,0,+34 937 75 50 43,"fujimae-suisse@bluewin.ch; fujimae@xtra.co.nz; Fujimaechile@gmail.com; fujisport@fujimae.com"
Armeria Egara,,+34 625 59 47 42,armeriaegara@armeriaegara.com,Deporte y fitness,tienda_online,No Amazon V1,daniela@libertyseller.es,,,Terrassa,1,152872,6019,9.7,PrestaShop,https://armeriaegara.com,https://www.instagram.com/armeriaegara,B72555386,sociedad,0,+34 937 86 37 27,
Leatt.es,MUNDO TALIO S.L.,+34 679 43 09 18,info@leatt.es,Deporte y fitness,tienda_online,No Amazon V1,daniela@libertyseller.es,AGUILERA FERNANDEZ MARIA JOSE,Apoderado,Abrera,1,148527,1249,2.3,Shopify,https://leatt.es,https://www.instagram.com/leatt_adv,B63747208,,1,,"shop@leatt-spain.myshopify.com; soporte@leatt.es"
Slide Inline,Patines Freeskate Powerslide Arise Sl,+34 965 14 09 92,info@slideinline.com,Deporte y fitness,tienda_online,No Amazon V1,daniela@libertyseller.es,,,Alicante,1,146863,4474,9.7,PrestaShop,https://www.slideinline.com,https://www.instagram.com/slideinline,B42532606,,0,"+34 644 42 35 52; +34 689 38 74 31",administracion@slideinline.com
Indiaveda,Indiaveda S.L.,+34 934 36 14 90,info@indiaveda.es,Deporte y fitness,tienda_online,No Amazon V1,daniela@libertyseller.es,LUNA SALVO RIVERA,Administrador solidario,Barcelona,1,144826,31,6.3,PrestaShop,https://indiaveda.com,https://www.instagram.com/indiaveda,B42711564,,2,,info@indiaveda.com
The Bike Village,Bike Village,+34 613 44 83 61,info@thebikevillage.com,Deporte y fitness,tienda_online,No Amazon V1,daniela@libertyseller.es,,,Cabrera de Mar,1,142891,12218,8.3,PrestaShop,https://www.thebikevillage.com,https://www.instagram.com/thebikevillage,B66416975,,0,"+34 636 38 72 51; +34 636 97 15 16; +34 722 30 74 30; +34 936 38 72 51","atencion.cliente@thebikevillage.com; compras@thebikevillage.com"
TOTAL PEEP,,+34 650 87 81 12,info@totalpeep.com,Deporte y fitness,tienda_online,No Amazon V1,daniela@libertyseller.es,,,Cortes,1,140345,24,9.6,Shopify,https://totalpeep.com,https://www.instagram.com/totalpeep,,,0,,sales@totalpeep.com
Tienda Bass,,+34 663 18 12 83,info@tiendabass.es,Deporte y fitness,tienda_online,No Amazon V1,daniela@libertyseller.es,,,Posadas,1,130058,3297,5.4,Shopify,https://tiendabass.es,https://www.instagram.com/tiendabass,F56108269,sociedad,0,+34 957 91 56 68,
NKL Budo Shop,NKL Budo Shop S.L.U.,+34 686 36 95 95,administracion@nklbudo.eu,Deporte y fitness,tienda_online,No Amazon V1,daniela@libertyseller.es,ROMERO MONTERO MARIANO,Apoderado,Madrid,1,126697,379,8.3,PrestaShop,https://nklbudo.com.es,https://www.instagram.com/nklbudoshop,B83502351,,1,+34 912 88 20 13,"comercial2@nklbudo.eu; web1@nklbudo.eu"
≫ Tienda Hípica Online,"INVERSIONES SANREY, S.L.",+34 918 51 24 45,deraza@tiendahipicaderaza.es,Deporte y fitness,tienda_online,No Amazon V1,daniela@libertyseller.es,GONZALEZ LOPEZ ALFONSO,Apoderado,,1,123438,398,9.7,PrestaShop,https://tiendahipicaderaza.es,,B83454363,,2,,
www.pescacosmar.com,,+34 640 77 25 78,info@pescacosmar.com,Deporte y fitness,tienda_online,No Amazon V1,daniela@libertyseller.es,,,Sant Antoni de Portmany,1,120383,545,9.5,PrestaShop,https://www.pescacosmar.com,https://www.instagram.com/pescacosmaribiza,B57474645,sociedad,0,+34 971 34 54 77,pescacosmar@gmail.com
Tienda Carpfishing,,+34 621 01 03 99,info@tiendacarpfishing.es,Deporte y fitness,tienda_online,No Amazon V1,daniela@libertyseller.es,,,Posadas,1,118753,7270,6.9,Shopify,https://tiendacarpfishing.es,https://www.instagram.com/tiendacarpfishing,F56108269,sociedad,0,+34 957 91 56 68,
welcomesk8.com,,+34 914 45 62 61,welcomesk8@welcomesk8.com,Deporte y fitness,tienda_online,No Amazon V1,daniela@libertyseller.es,,,Madrid,1,118448,1197,9.7,Shopify,https://welcomesk8.com,https://www.instagram.com/welcomeskateshopmadrid,B87390811,sociedad,0,,
Youin,IOTECNIA SL,+34 600 12 34 56,hi@weareyouin.com,Deporte y fitness,tienda_online,No Amazon V1,daniela@libertyseller.es,CORRAL HERNANDEZ MARIA ISABEL,Apoderado,,1,114679,449,5.8,Shopify,https://weareyouin.com,https://www.instagram.com/weareyouin,B16729725,,1,"+34 606 60 60 01; +34 611 82 11 11; +34 635 63 50 00; +34 667 66 70 01",
SINGULARWOD,"Singular Wod Spain, S.L.",+34 918 25 69 17,team@singularwod.com,Deporte y fitness,tienda_online,No Amazon V1,daniela@libertyseller.es,CASINO CANALES BORJA,Apoderado,San Sebastián de los Reyes,1,109689,245,9.7,Shopify,https://singularwod.com,https://www.instagram.com/singularwod,B86766938,,2,,team@thomas.es
Camisetas NBA,FAQs Guía de Tallas Zapatillas Contáctanos Madbasket Store S.L.,+34 910 55 58 57,info@madbasket.es,Deporte y fitness,tienda_online,No Amazon V1,daniela@libertyseller.es,,,Madrid,1,106634,84,9.7,PrestaShop,https://madbasket.com,https://www.instagram.com/madbasket_store,B86597770,,0,+34 910 14 01 15,
armeriaferre.es,"MEJOR PRECIO CON LAS MEJORES OFERTAS FESAPLAT, SL",+34 619 30 12 72,armeriaferre@gmail.com,Deporte y fitness,tienda_online,No Amazon V1,daniela@libertyseller.es,,,,1,106328,167,7.8,PrestaShop,https://armeriaferre.es,https://www.instagram.com/armeriaferre,B43374156,,0,+34 977 34 22 54,fesaplat@gmail.com
Serbal,"Serbal de los Cazadores, S.L.",+34 915 59 76 46,pedidos@serbaldeloscazadores.es,Deporte y fitness,tienda_online,No Amazon V1,daniela@libertyseller.es,LOPEZ DE CEBALLOS FERNANDEZ DE CORDOBA CRISTINA,Administrador único,,1,105921,2593,9.7,PrestaShop,https://serbaldeloscazadores.com,,B85378164,,3,,pedidos@serbaldeloscazadores.es
VINKOVA,JUNGLA NORTE SL,+34 634 56 70 23,shop@vinkovaleotards.com,Deporte y fitness,tienda_online,No Amazon V1,daniela@libertyseller.es,YARNOZ ALFARO XABIER,Administrador único,Pamplona,1,104563,325,6.8,Shopify,https://vinkovaleotards.com,,,,1,,shop@vinkovaleotards.com
elitekeepers.com,Elite Keeper S.L.,+34 620 31 94 12,contacto@elitekeepers.com,Deporte y fitness,tienda_online,No Amazon V1,daniela@libertyseller.es,MIGUELEZ MARTINEZ DANIEL,Administrador único,Cádiz,1,102186,29,7.4,PrestaShop,https://elitekeepers.com,https://www.instagram.com/ek.elitekeepers,B72365646,,1,,
Tienda Hípica Online | D'Hispania ®,,+34 695 46 66 03,info@dhispania.es,Deporte y fitness,tienda_online,No Amazon V1,daniela@libertyseller.es,,,Alicante,1,101394,3781,3,Shopify,https://www.dhispania.es,,B42702191,sociedad,0,+34 965 04 98 77,
Scootworld.es,,+34 670 79 79 87,info@scootworld.es,Deporte y fitness,tienda_online,No Amazon V1,daniela@libertyseller.es,,,Barcelona,1,100149,508,4.2,Shopify,https://www.scootworld.es,https://www.instagram.com/scootworld,B22561294,sociedad,0,+4570267979,
IBKBike | Online Bike Shop & Cycling Equipment,,+34 843 99 99 57,clients@ibkbike.com,Deporte y fitness,tienda_online,No Amazon V1,daniela@libertyseller.es,,,Anoeta,1,99244,17260,6.4,Shopify,https://ibkbike.de,https://www.instagram.com/ibkbikecom,B75211482,sociedad,0,"+34 843 99 99 53; +34 720 07 20 09",
Covi Cash,"COVICASH CENTRO DE COMPRAS, S.L.",+34 621 26 73 19,tienda@covicash.com,Deporte y fitness,tienda_online,No Amazon V1,daniela@libertyseller.es,CONEJERO VIVAS RICARDO,Administrador único,,1,99018,10103,8.3,PrestaShop,https://www.covicash.com,,B10485159,,1,,
www.deportesalaska.com,ONE SL,+34 915 61 16 33,Info@deportesalaska.com,Deporte y fitness,tienda_online,No Amazon V1,daniela@libertyseller.es,,,Madrid,1,97999,1032,9.7,PrestaShop,https://www.deportesalaska.com,https://www.instagram.com/deportesalaskaoficial,B86784154,,0,,
Solid Studio,"STUDIOS RAVEN RED, S.L.",+34 623 03 28 03,contacto@thesolidstudio.es,Deporte y fitness,tienda_online,No Amazon V1,daniela@libertyseller.es,SERRANO COSTUMERO JAVIER,Administrador único,León,1,94378,6,1.6,Shopify,http://www.thesolidstudio.es,https://www.instagram.com/solidstudio.es,,,1,"+34 623 75 00 02; +34 623 98 59 60; +34 636 99 97 08",info@thesolidstudio.es
100x100fitness.com,,+34 644 13 11 91,info@100x100fitness.com,Deporte y fitness,tienda_online,No Amazon V1,daniela@libertyseller.es,,,,1,94039,1029,6.6,PrestaShop,https://100x100fitness.com,https://www.instagram.com/100x100fitness,B55044523,sociedad,0,+34 902 00 28 16,
SKATEMENU,HLC SB DISTRIBUTION SL,+34 943 63 00 97,info@skatemenu.com,Deporte y fitness,tienda_online,No Amazon V1,daniela@libertyseller.es,IRAOLA BALDA IGOR,Presidente / consejero delegado,,1,93473,531,2.1,Shopify,https://skatemenu.com,https://www.instagram.com/skatemenu_,B20737375,,14,,store@hlcdist.com
Futbol Mega,,+34 692 64 47 12,info@futbolmega.es,Deporte y fitness,tienda_online,No Amazon V1,daniela@libertyseller.es,,,Zamora,1,90191,223,6.3,PrestaShop,https://www.futbolmega.es,https://www.instagram.com/futbolmega.es,71033332V,,0,,
www.euro-soccer-cards.com,Ferran Roig Calaf,+34 648 87 74 26,info@euro-soccer-cards.com,Deporte y fitness,tienda_online,No Amazon V1,daniela@libertyseller.es,,,,1,89173,21931,8.3,PrestaShop,https://www.euro-soccer-cards.com,https://www.instagram.com/euro.soccer.cards.shop,38133325S,,0,,
kmisetashd.es,,+34 722 78 65 09,info@kmisetashd.es,Deporte y fitness,tienda_online,No Amazon V1,daniela@libertyseller.es,,,,1,85664,232,7.5,PrestaShop,https://kmisetashd.es,,,,0,,
Ofertas de Padel,,+34 919 34 73 57,info@ofertasdepadel.com,Deporte y fitness,tienda_online,No Amazon V1,daniela@libertyseller.es,,,,1,83741,418,9.7,PrestaShop,https://www.ofertasdepadel.com,https://www.instagram.com/ofertasdepadel,B84000876,sociedad,0,,
Merchandising deportivo,NouSport Merchandising S.L.,+34 964 92 10 88,info@nousport.com,Deporte y fitness,tienda_online,No Amazon V1,daniela@libertyseller.es,MARTINEZ GONZALEZ MARCOS,Administrador solidario,Castellón de la Plana,1,81817,48,9.7,PrestaShop,https://nousport.com,https://www.instagram.com/nousport_merchandising,B75403899,,2,+34 644 10 85 55,
tuvalum,,+34 917 90 97 38,hola@tuvalum.com,Deporte y fitness,tienda_online,No Amazon V1,daniela@libertyseller.es,,,Paterna,1,81251,137,5.4,Shopify,https://tuvalum.eu,https://www.instagram.com/tuvalum,,,0,"+34 604 23 88 09; +34 634 04 26 51",
STARVIE PADEL,,+34 949 03 06 00,pedidos@starvie.com,Deporte y fitness,tienda_online,No Amazon V1,daniela@libertyseller.es,,,Azuqueca de Henares,1,80119,43,9.7,Shopify,https://starvie.com,https://instagram.com/starviepadel,,,0,,
www.fenixlinternas.com,,+34 936 67 50 80,info@fenixlinternas.com,Deporte y fitness,tienda_online,No Amazon V1,daniela@libertyseller.es,,,,1,77177,265,9.7,PrestaShop,http://www.fenixlinternas.com,,34747717F,,0,+34 630 84 14 61,
Figure Skating Shop,Stifeldshop Contacto Figure Skating Distributions S.L.,+34 934 28 54 09,info@stifeldshop.com,Deporte y fitness,tienda_online,No Amazon V1,daniela@libertyseller.es,,,Barcelona,1,76306,505,9.4,PrestaShop,https://stifeldshop.com,https://www.Instagram.com/stifeldshop,B62261573,,0,,info@stifelshop.com
Sherman Survival,"Sherman Survival, S.C.",+34 985 35 39 97,info@shermansurvival.com,Deporte y fitness,tienda_online,No Amazon V1,daniela@libertyseller.es,,,Gijón,1,75593,1456,7.9,PrestaShop,https://shermansurvival.com,,J33858705,,0,,gijon@shermansurvival.com
www.wonduu.com,GROUP NEW BUSINESS SPAIN SL,+34 689 44 28 83,contactanos@wonduu.com,Deporte y fitness,tienda_online,No Amazon V1,daniela@libertyseller.es,,,Torrejón de la Calzada,1,75253,45156,6.6,PrestaShop,https://www.wonduu.com,https://www.instagram.com/wonduu_2019,B84999291,,0,+34 916 05 26 15,
El Bicho Bicicletas,Contáctenos EL BICHO BICICLETAS S.L.,+34 645 87 40 42,elbicho@elbichobicicletas.com,Deporte y fitness,tienda_online,No Amazon V1,daniela@libertyseller.es,,,Fuenlabrada,1,74574,1004,9.7,PrestaShop,https://elbichobicicletas.com,https://www.instagram.com/elbicho.bicicletas,B87157483,,0,+34 914 66 92 75,navarro@elbichobicicletas.com
Höwk Fishing,HOWK FISHING SL,+34 644 31 41 02,info@howkfishing.com,Deporte y fitness,tienda_online,No Amazon V1,daniela@libertyseller.es,PEDRO BONET LUIS MELCHOR,Administrador único,Sagunto,1,74348,85,9.3,Shopify,https://howkfishing.com,https://instagram.com/howkfishing,B98946635,,1,,finance@howkfishing.com
Dromosport,"Dromolink, S.L.",+34 881 09 01 28,info@dromosport.com,Deporte y fitness,tienda_online,No Amazon V1,daniela@libertyseller.es,PARIENTE ALBO OLGA,Administrador solidario,,1,73567,44,8.3,PrestaShop,https://www.dromosport.com,https://www.instagram.com/dromosport,B70542675,,2,,
Caza y Pesca Almonacid,Sequra Worldwide S.A.,+34 950 17 19 23,cazaypescaalmonacid@hotmail.com,Deporte y fitness,tienda_online,No Amazon V1,daniela@libertyseller.es,SETH DAVID KRISTOFFER BACKSTROM,Presidente / consejero delegado,,1,71451,5194,9.7,PrestaShop,https://cazaypescaalmonacid.com,https://www.instagram.com/cazaypescaalmonacid,B04838033,,38,,info@cazaypescaalmonacid.com
Gorilla Sports ES,Gorilla Sports España S.L.,+34 621 27 82 60,hello@gorillasports.es,Deporte y fitness,tienda_online,No Amazon V1,daniela@libertyseller.es,BECHT TIM,Administrador único,,1,70331,474,4.7,Shopify,https://www.gorillasports.es,https://www.instagram.com/gorillasportses,B93665164,,2,,hola@gorillasports.es
Remanso de Arca,Remanso de Arca S.L.,+34 669 75 01 61,info@remanso.com,Deporte y fitness,tienda_online,No Amazon V1,daniela@libertyseller.es,CARRIL CARRILLO JOSE RAMON,Administrador único,O Pino,1,69335,234,9.7,PrestaShop,https://remanso.es,https://www.instagram.com/remanso_cazaypesca,B15727928,,1,+34 981 51 13 80,info@remanso.es
AMP Motorsport,,+34 644 35 90 00,info@amp-motorsport.com,Deporte y fitness,tienda_online,No Amazon V1,daniela@libertyseller.es,,,,1,66596,17480,7.8,PrestaShop,https://www.amp-motorsport.com,,B13887625,sociedad,0,"+34 986 16 51 17; +308801214; +34 937 40 75 54; +34 658 74 75 58",
www.helya.es,"HELYA, S.L.",+34 722 67 20 26,info@helya.es,Deporte y fitness,tienda_online,No Amazon V1,daniela@libertyseller.es,,,,1,66099,217,8.3,PrestaShop,https://www.helya.es,,B70472097,,0,+34 981 06 77 30,info@helya.com
Mountain Group,Gama Microlight de Rab Mountain Group S.C.,+34 914 51 14 06,Info@mountaingroup.es,Deporte y fitness,tienda_online,No Amazon V1,daniela@libertyseller.es,,,Madrid,1,65476,582,11,Shopify,https://mountaingroup.es,https://www.instagram.com/mountain_group,,,0,,contacto@mountaingroup.es
Trendingfit,,+34 661 79 95 01,info@trendingfit.com,Deporte y fitness,tienda_online,No Amazon V1,daniela@libertyseller.es,,,,1,63982,383,9.7,PrestaShop,https://www.trendingfit.com,https://www.instagram.com/trendingfit_oficial,B31775091,sociedad,0,+34 948 31 07 91,marketing@trendingfit.com
TwinTrail,"TwinTrail, S.L.",+34 935 24 01 19,tienda@twintrail.com,Deporte y fitness,tienda_online,No Amazon V1,daniela@libertyseller.es,FELIU PEREZ ISAAC,Administrador único,,1,63111,514,6.7,PrestaShop,https://www.twintrail.com,https://www.instagram.com/twin_trail,B25790882,,2,,tienda@twintrail.com
Tramas+,"TRAMAS RETAIL, S.L.",+34 954 10 67 96,posventa@tramasmas.com,Hogar y decoración,tienda_online,No Amazon V1,daniela@libertyseller.es,DAL AUDITORES SLP,Otro cargo,Seville,1,1209125,2657,9.7,Shopify,https://www.tramasmas.com,https://www.instagram.com/tramas.mas,B90290578,sociedad,1,+34 854 62 26 45,sac.web@tramasmas.com
Northdeco,,+34 932 20 38 58,info@northdeco.com,Hogar y decoración,tienda_online,No Amazon V1,daniela@libertyseller.es,,,Barcelona,1,635694,381,5.6,Shopify,https://northdeco.com,https://www.instagram.com/northdeco_official,B67089318,sociedad,0,,
INTEX,"MEDIA CELL SOLUTIONS, S.L.",+34 664 36 08 34,soporte@intex.es,Hogar y decoración,tienda_online,No Amazon V1,daniela@libertyseller.es,,,,1,517076,217,9.4,PrestaShop,https://www.intex.es,https://www.instagram.com/intex_iberia,B53874160,,0,,
What The Sleep,"CONFORDES, S.L.",+34 680 59 77 91,hi@whatthesleep.shop,Hogar y decoración,tienda_online,No Amazon V1,daniela@libertyseller.es,GONZALEZ GARCIA JOSE ANTONIO,Presidente / consejero delegado,Zaragoza,1,462656,62,1.9,Shopify,https://whatthesleep.shop,https://instagram.com/_whatthesleep_,B08209496,,11,+34 976 30 58 08,arco@aplazame.com
Multiplag,"REMI HOGAR, S.L.",+34 934 28 96 26,hola@multiplag.com,Hogar y decoración,tienda_online,No Amazon V1,daniela@libertyseller.es,DIAZ HERNANDEZ ISMAEL,Administrador solidario,Barcelona,1,438892,701,4.9,Shopify,https://multiplag.com,https://instagram.com/multiplag,B65152605,,2,,
Ahorro Total,,+34 918 13 35 04,atencionalcliente@ahorrototal.com,Hogar y decoración,tienda_online,No Amazon V1,daniela@libertyseller.es,,,,1,398198,489,9.3,PrestaShop,https://www.ahorrototal.com,https://www.instagram.com/ahorrototal,G85804011,sociedad,0,,
Colchones Aznar,,+34 976 50 48 95,informacion@colchonesaznar.com,Hogar y decoración,tienda_online,No Amazon V1,daniela@libertyseller.es,,,,1,374208,114,9.4,PrestaShop,https://colchonesaznar.com,https://www.instagram.com/aznarcolchones,B50799402,sociedad,0,+34 976 50 55 51,
Tuco,"DESARROLLO Y EXPANSION DEL MUEBLE, S.A.U.",+34 976 78 20 04,administracion.alcorcon@tuco.net,Hogar y decoración,tienda_online,No Amazon V1,daniela@libertyseller.es,REY SAURA IGNACIO,Administrador único,,1,363525,133,9.7,PrestaShop,https://www.tuco.net,https://www.instagram.com/mueblestuco,A50615178,,7,"+34 976 78 21 17; +34 638 14 07 03",info@tuco.net
Textura Interiors,"TEXTIL TEXTURA, S.L.",+34 696 62 80 29,hola@textura-interiors.com,Hogar y decoración,tienda_online,No Amazon V1,daniela@libertyseller.es,QUIÑONES RODRIGUEZ SUSANA,Consejero,Barcelona,1,353295,1113,8,Shopify,https://www.textura-interiors.com,https://www.instagram.com/texturainteriors,B60552619,,14,"+34 931 74 00 07; +34 933 78 89 90",pedidos@textura-interiors.com
ClimAhorro.es,CLIMA AHORRO S.L.,+34 691 09 73 66,info@climahorro.es,Hogar y decoración,tienda_online,No Amazon V1,daniela@libertyseller.es,LUQUE GOMEZ CIPRIANO,Administrador único,Reus,1,340146,408,9.7,PrestaShop,https://www.climahorro.es,https://www.instagram.com/climahorro.es,B55575880,sociedad,1,+34 977 07 00 01,clientes@sequra.es
Miroytengo.es,,+34 964 04 10 46,info@miroytengo.es,Hogar y decoración,tienda_online,No Amazon V1,daniela@libertyseller.es,,,,1,338177,288,9.4,PrestaShop,https://miroytengo.es,https://www.instagram.com/miroytengo,B12944930,sociedad,0,+34 633 12 34 56,
Habitare ❤️,Muebles Alcañiz S.L.,+34 978 83 33 39,info@habitarehome.es,Hogar y decoración,tienda_online,No Amazon V1,daniela@libertyseller.es,IGNACIO HERNANDO TORRES,Administrador solidario,,1,326838,564,6.8,PrestaShop,https://habitarehome.es,https://www.instagram.com/habitarehome,B44137396,,3,+34 978 87 08 49,
Pereda,WC Taus AQUAGRIF AQUAGRIF S.L.,+34 916 88 04 00,clientes@pereda.com,Hogar y decoración,tienda_online,No Amazon V1,daniela@libertyseller.es,,,Madrid,1,307079,1547,9.7,PrestaShop,https://pereda.com,https://www.instagram.com/pereda_madrid,,,0,,"consultastv@pereda.com; rgpd@pereda.com"
Securfix,"Hierros Tous, S.L.U.",+34 910 60 64 14,soporte@securfix.es,Hogar y decoración,tienda_online,No Amazon V1,daniela@libertyseller.es,TOUS CANALS XAVIER,Repr.143 Rrm,,1,298954,401,7.4,Shopify,https://securfix.es,https://www.instagram.com/securfix,,,1,"+34 669 38 63 27; +34 937 37 17 01",
Tienda de baños online,,+34 618 87 57 40,info@todobano.es,Hogar y decoración,tienda_online,No Amazon V1,daniela@libertyseller.es,,,,1,292549,2015,6.6,PrestaShop,http://xn--todobao-9za.es,https://www.instagram.com/todobano_,B42596676,sociedad,0,+34 966 18 04 17,
Lamparas.es,,+34 976 58 73 88,lamparas@lamparas.es,Hogar y decoración,tienda_online,No Amazon V1,daniela@libertyseller.es,,,Zaragoza,1,285986,2450,8.1,PrestaShop,https://www.lamparas.es,https://www.instagram.com/lamparas_es,G85804011,sociedad,0,+34 902 10 26 79,clientes@lamparas.es
Bebépolis,BEBEPOLIS S.L.,+34 646 53 67 19,info@bebepolis.es,Hogar y decoración,tienda_online,No Amazon V1,daniela@libertyseller.es,GOMEZ CHAGUACEDA MARTA,Administrador solidario,Las Rozas de Madrid,1,282874,1113,9.6,PrestaShop,https://www.bebepolis.es,https://www.instagram.com/bebepolistienda,B86241361,sociedad,2,+34 916 26 61 95,
Dormity.com,"SUEÑOS LOGÍSTICA, S. L",+34 605 65 21 17,web@dormity.com,Hogar y decoración,tienda_online,No Amazon V1,daniela@libertyseller.es,,,Terrassa,1,271863,170,7.2,Shopify,https://dormity.com,,B64035801,,0,"+34 628 38 82 75; +34 935 63 28 32; +34 936 40 20 45; +34 936 52 27 63",atencionalcliente@dormity.com
Mi Bricolaje,,+34 922 21 47 11,web@mibricolaje.com,Hogar y decoración,tienda_online,No Amazon V1,daniela@libertyseller.es,,,Arafo,1,270200,2451,9.7,PrestaShop,https://mibricolaje.com,https://instagram.com/mibricolaje,A38021770,sociedad,0,,
Muebles Lara,Butaca SL,+34 664 61 68 78,tiendaonline@muebles-lara.es,Hogar y decoración,tienda_online,No Amazon V1,daniela@libertyseller.es,,,Valencia,1,267982,42,7.6,PrestaShop,https://muebles-lara.es,https://www.instagram.com/muebleslara,B72883341,,0,+34 961 32 02 00,
La Oca,GREY PIEL SL,+34 976 21 31 26,atencionalcliente@laoca.com,Hogar y decoración,tienda_online,No Amazon V1,daniela@libertyseller.es,,,,1,263172,44,9.7,PrestaShop,https://www.laoca.es,https://www.instagram.com/la_oca,B03974961,,0,+34 600 23 84 78,ventaonline@laoca.com
tusmesasysillas.com,,+34 943 29 24 05,info@tusmesasysillas.com,Hogar y decoración,tienda_online,No Amazon V1,daniela@libertyseller.es,,,Donostia-San Sebastian,1,261169,347,6.8,PrestaShop,https://tusmesasysillas.com,https://www.instagram.com/tus_mesas_y_sillas,B20691622,sociedad,0,+34 943 34 10 98,
Nobodinoz,Nobodinoz S. L. U,+34 934 16 09 49,web@Nobodinoz.com,Hogar y decoración,tienda_online,No Amazon V1,daniela@libertyseller.es,,,Barcelona,1,259743,866,9.7,Shopify,https://nobodinoz.com,https://www.instagram.com/nobodinoz,B64293335,,0,,
Lúzete,,+34 673 58 44 93,info@luzete.com,Hogar y decoración,tienda_online,No Amazon V1,daniela@libertyseller.es,,,,1,255884,1345,9.7,PrestaShop,http://www.luzete.es,https://www.instagram.com/luzete_es,B53822326,sociedad,0,+34 965 27 00 57,atencionalcliente@luzete.com
La Mallorquina,"GRUPO COMERCIAL TEXTIL, SL",+34 673 48 29 95,eshop@lamallorquina.es,Hogar y decoración,tienda_online,No Amazon V1,daniela@libertyseller.es,JENE LLABRES GABRIEL,Apoderado,Barcelona,1,239770,17,9.7,PrestaShop,https://lamallorquina.es,https://www.instagram.com/lamallorquina1947,B58477902,,3,+34 933 02 02 44,gemmasolanes@lamallorquina.es
Barcelona Led,Nuestras Tiendas Blog SEDE CENTRAL Barcelona LED Iluminación S.L.,+34 613 03 46 80,comercial@bcnled.com,Hogar y decoración,tienda_online,No Amazon V1,daniela@libertyseller.es,,,,1,239091,3492,8.1,Shopify,https://www.barcelonaled.com,https://www.instagram.com/barcelonaled,B65519571,,0,"+34 613 03 46 80; +34 621 01 66 34; +34 621 02 26 41; +34 621 31 60 16; +34 623 17 04 51","sales@barcelonaled.com; sales@bcnled.com; comercial@barcelonaled.com"
Calma House,"CALMA HOUSE, S.L.",+34 934 67 22 18,clientes@calmahouse.com,Hogar y decoración,tienda_online,No Amazon V1,daniela@libertyseller.es,CANOVAS GARCIA CARLOS,Apoderado,,1,237371,561,9.7,Shopify,https://calmahouse.com,https://www.instagram.com/calma_house,B66283607,,3,,"operations.calmahouse@fiftyx.eu; comercial@calmahouse.com; export@calmahouse.com"
El Arca de Noé,Arca de Noé Suministros SL,+34 600 36 16 56,info@arcashop.es,Hogar y decoración,tienda_online,No Amazon V1,daniela@libertyseller.es,,,Tomares,1,235741,1865,8.3,PrestaShop,https://arcashop.es,https://www.instagram.com/arcashop_sev,B90235979,,0,"+34 600 36 16 56; +80067891011",
Kaaten,,+34 637 73 30 82,clientes@kaaten.com,Hogar y decoración,tienda_online,No Amazon V1,daniela@libertyseller.es,,,,1,233048,24918,9.7,Shopify,https://kaaten.com,https://www.instagram.com/kaaten,G85804011,sociedad,0,+34 881 55 10 19,"cliente@kaaten.com; info@kaaten.com"
PoolWaterLAB,,+34 601 00 00 00,info@poolwaterlab.us,Hogar y decoración,tienda_online,No Amazon V1,daniela@libertyseller.es,,,San Miguel de Meruelo,1,225195,60,4,Shopify,https://www.poolwaterlab.us,https://www.instagram.com/poolwaterlab,,,0,+15512668519,
KOKETTO,"DECO HOME BUSINESS, SL",+34 639 70 81 94,hola@kokettohome.com,Hogar y decoración,tienda_online,No Amazon V1,daniela@libertyseller.es,GARCIA GIMENO OSCAR,Administrador único,Valencia,1,221008,1903,6,Shopify,https://kokettohome.com,https://www.instagram.com/kokettohome,B01920131,,1,+34 960 60 00 03,marketing@kokettohome.com
The Bath,ALL ABOUT WATER SLU,+34 968 10 99 54,soporte@thebath.es,Hogar y decoración,tienda_online,No Amazon V1,daniela@libertyseller.es,PASCUAL MIRALLES ANTONIO,Administrador único,,1,210947,2161,9.7,Shopify,https://www.thebath.es,https://www.instagram.com/thebath.es,G85804011,,1,,
anthouse communications,,+34 956 16 50 57,info@anthouse.es,Hogar y decoración,tienda_online,No Amazon V1,daniela@libertyseller.es,,,Trebujena,1,201600,121,7.1,PrestaShop,https://anthouse.es,https://www.instagram.com/anthouse.es,B11938735,sociedad,0,+34 932 60 98 10,
Newgarden Shop,NEWGARDEN SPAIN S.L.,+34 968 97 88 06,info@newgarden.es,Hogar y decoración,tienda_online,No Amazon V1,daniela@libertyseller.es,GRANT THORNTON SLP,Otro cargo,,1,195501,440,7.9,Shopify,https://newgardenshop.es,https://www.instagram.com/newgardenbehappy,B98434665,,1,,soporte@newgarden.es
Suministros Eléctricos en SuministrosElectricos.es,Sequra Worldwide S.A.,+34 639 32 64 34,comercial@suministroselectricos.es,Hogar y decoración,tienda_online,No Amazon V1,daniela@libertyseller.es,SETH DAVID KRISTOFFER BACKSTROM,Presidente / consejero delegado,,1,188371,5007,8.3,PrestaShop,http://www.suministroselectricos.es,https://www.instagram.com/suministroselectricosmadrid,B81285280,,38,,clientes@sequra.es
El Último Koala,Sequra Worldwide S.A.,+34 910 01 92 47,info@elultimokoala.es,Hogar y decoración,tienda_online,No Amazon V1,daniela@libertyseller.es,SETH DAVID KRISTOFFER BACKSTROM,Presidente / consejero delegado,Madrid,1,187421,696,6.1,PrestaShop,https://elultimokoala.com,https://www.instagram.com/elultimokoalamadrid,B02971760,,38,+34 912 37 23 16,clientes@sequra.es
LeonLeds,,+34 987 35 00 60,info@leonleds.com,Hogar y decoración,tienda_online,No Amazon V1,daniela@libertyseller.es,,,,1,186866,463,8.4,PrestaShop,https://www.leonleds.com,https://www.instagram.com/leonleds,71450077W,,0,"+34 987 35 00 60; +34 722 63 70 35","incidencias@leonleds.com; pedidos@leonleds.com; profesionales@leonleds.com; proyectos@leonleds.com"
Factory Sofas 50%,,+34 917 37 77 55,info@factorysofas50.com,Hogar y decoración,tienda_online,No Amazon V1,daniela@libertyseller.es,,,,1,182204,35,8.2,PrestaShop,https://factorysofas50.com,,B86703220,sociedad,0,,
MasFerreteria,,+34 911 41 31 08,info@masferreteria.com,Hogar y decoración,tienda_online,No Amazon V1,daniela@libertyseller.es,,,Madrid,1,181185,118,9.7,PrestaShop,https://www.masferreteria.com,https://www.instagram.com/masferreteria,B88137575,sociedad,0,,soporte@masferreteria.com
www.waterpik.es,Dentaid S.L.,+34 663 33 62 00,atencioncliente@waterpik.es,Hogar y decoración,tienda_online,No Amazon V1,daniela@libertyseller.es,MASDEVALL LLORENS MIREIA,Administrador solidario,,1,179024,16,4.1,PrestaShop,https://www.waterpik.es,https://www.instagram.com/waterpikespana,B61766648,,11,+34 900 06 01 60,consultas@dentaid.es
10xDiez,,+34 664 42 44 75,info@diezxdiez.es,Hogar y decoración,tienda_online,No Amazon V1,daniela@libertyseller.es,,,,1,176727,1438,9.7,Shopify,https://www.diezxdiez.es,https://www.instagram.com/diezxdiez,A08584062,sociedad,0,"+34 900 87 86 79; +34 936 85 66 66",
ASEALIA,,+34 601 26 99 42,info@asealia.com,Hogar y decoración,tienda_online,No Amazon V1,daniela@libertyseller.es,,,Valencia,1,176500,1122,9.7,PrestaShop,https://asealia.com,,,,0,"+34 962 02 89 50; +34 708 09 01 00","administracion@asealia.com; asealia@asealia.com"
Bover,"Bover, S.L.",+14049242342,info@bover.es,Hogar y decoración,tienda_online,No Amazon V1,daniela@libertyseller.es,,,,1,175222,59,9.7,PrestaShop,https://bover.es,https://instagram.com/boverbarcelona,B61219333,,0,+34 938 71 31 52,
Ferretería Online,JOAQUÍN VERDÚ DÍAZ SLU,+34 968 71 80 01,pedidos@verduonline.com,Hogar y decoración,tienda_online,No Amazon V1,daniela@libertyseller.es,MARIA DEL MAR VERDU CAMARASA,Apoderado,Yecla,1,171736,26705,6.7,PrestaShop,https://verduonlinestore.com,https://www.instagram.com/verdustore.es,B30309298,,5,,
VICALHOME,VICALHOME S.L.,+34 962 20 00 60,amparo@vicalhome.com,Hogar y decoración,tienda_online,No Amazon V1,daniela@libertyseller.es,,,,1,170186,6151,8.6,PrestaShop,https://www.vicalhome.com,https://www.instagram.com/vicalhome,B46193553,,0,,"loli@vicalhome.com; neus@vicalhome.com; patricia@vicalhome.com; silvia@vicalhome.com; vical@vicalhome.com"
www.jocca.es,"Qualimail, S.L.",+34 976 47 20 47,atencionalcliente@jocca.es,Hogar y decoración,tienda_online,No Amazon V1,daniela@libertyseller.es,,,Zaragoza,1,167538,94,9.7,PrestaShop,https://www.jocca.es,https://www.instagram.com/jocca_es,B99167165,,0,+34 976 47 20 47,"atconline@jocca.es; atencionalcliente@jocca.es; atencionalcliente@joccashop.com"
Más Pañales,COMPRA-VENTA ONLINE 24 HORAS SL,+34 604 06 15 94,info@maspanales.com,Hogar y decoración,tienda_online,No Amazon V1,daniela@libertyseller.es,,,,1,166723,106,9.3,PrestaShop,https://maspanales.com,https://www.instagram.com/maspanalesoficial,B98253784,,0,+34 604 06 15 94,pedidos@maspanales.com
ClimaPrecio,,+34 647 62 46 36,pedidos@climaprecio.es,Hogar y decoración,tienda_online,No Amazon V1,daniela@libertyseller.es,,,Alicante,1,165558,1261,6.7,PrestaShop,https://www.climaprecio.es,https://www.instagram.com/climaprecio,B54327499,sociedad,0,+34 966 11 11 93,admin@climaprecio.es
kudeko.com,EXTREMADEKO S.L.,+34 660 00 75 13,hola@kudeko.com,Hogar y decoración,tienda_online,No Amazon V1,daniela@libertyseller.es,FERNANDO MANUEL MORENO ORDOÑEZ,Administrador solidario,Talavera la Real,1,164483,2604,2.3,Shopify,https://kudeko.com,https://www.instagram.com/kudeko.es,B88862032,,3,,
rufinodiaz.com,RUFINO DÍAZ SL,+34 920 36 70 60,info@rufinodiaz.com,Hogar y decoración,tienda_online,No Amazon V1,daniela@libertyseller.es,CLARA ISABEL DIAZ SANCHEZ,Administrador único,Santa María del Berrocal,1,163656,1466,8.5,PrestaShop,https://rufinodiaz.com,https://www.instagram.com/rufinodiazsl,B05143656,,1,,
Rastro Reto,ASOCIACIÓN RETO A LA ESPERANZA,+34 620 11 58 77,rastroreto.online@asociacionreto.net,Hogar y decoración,tienda_online,No Amazon V1,daniela@libertyseller.es,,,Barcelona,1,162242,303,2.7,Shopify,https://www.rastroreto.com,,G39050984,,0,"+34 636 96 62 27; +34 680 38 48 20; +34 680 69 18 41; +34 620 10 66 87",rastroreto.online@asociacionreto.net
ARTETRAMA,,+34 699 93 99 09,info@artetrama.com,Hogar y decoración,tienda_online,No Amazon V1,daniela@libertyseller.es,,,Madrid,1,159085,654,7.3,Shopify,https://www.artetrama.com,https://instagram.com/artetrama,B82214990,sociedad,0,+34 915 32 33 71,
Mubak,Legal Anterior Siguiente AVISO LEGAL DE FRANQUICIA MUBAK S.L.U.,+34 955 63 40 23,info@mubak.com,Hogar y decoración,tienda_online,No Amazon V1,daniela@libertyseller.es,,,,1,157795,318,8.6,PrestaShop,https://mubak.com,https://www.instagram.com/mubakmuebles,B90415464,,0,,franquicias@mubak.com
[Mundoalfombra],,+34 644 09 85 20,info@mundoalfombra.com,Hogar y decoración,tienda_online,No Amazon V1,daniela@libertyseller.es,,,Crevillent,1,157150,520,9.7,PrestaShop,https://www.mundoalfombra.com,https://www.instagram.com/mundoalfombra,B54947239,sociedad,0,"+34 865 67 52 49; +34 966 10 84 64",
Gunni & Trentino,"GRUPO DE INTERIORES GTH, S.L.",+34 902 15 23 97,web@gunnitrentino.com,Hogar y decoración,tienda_online,No Amazon V1,daniela@libertyseller.es,VIVES PLANELL JOAN,Apoderado,,1,155022,2262,9.7,Shopify,https://www.gunnitrentino.es,https://www.instagram.com/gunnitrentino,B85578672,,11,+34 671 14 39 79,web@gunnitrentino.es
Vintahome,"FACTORY 2010, S.L.",+34 923 19 77 49,info@vintahome.com,Hogar y decoración,tienda_online,No Amazon V1,daniela@libertyseller.es,ZABALLOS BLAZQUEZ FRANCISCO,Administrador único,Salamanca,1,151446,1267,5.6,Shopify,https://vintahome.com,https://www.instagram.com/vintahome,B37497534,,2,+34 603 01 88 70,
Masterled,"HOMEKIT, S.L.",+34 684 77 57 61,pedidos@masterled.es,Hogar y decoración,tienda_online,No Amazon V1,daniela@libertyseller.es,FERNANDEZ ESPINO XIANA,Administrador único,Vigo,1,150835,1205,8.3,PrestaShop,https://masterled.es,https://www.instagram.com/masterled.es,B32319618,,3,"+34 886 31 18 68; +34 986 95 40 05","contacto@masterled.es; masterled@homekit.es"
eturelmadrid,Eduardo Rodriguez Turel,+34 912 40 49 12,contacto@eturel.com,Hogar y decoración,tienda_online,No Amazon V1,daniela@libertyseller.es,,,Madrid,1,145946,677,7.9,Shopify,https://eturel.com,https://www.instagram.com/eturelmadrid,70354098L,,0,,
Kings canapé,,+33756811616,contact@kingscanape.com,Hogar y decoración,tienda_online,No Amazon V1,daniela@libertyseller.es,,,Estepona,1,145030,353,4.1,Shopify,https://kingscanape.com,https://www.instagram.com/kingscanape,B01703602,sociedad,0,,
Garza,"IMPREX EUROPE, S.L.",+34 911 67 97 65,rgpd@garza.es,Hogar y decoración,tienda_online,No Amazon V1,daniela@libertyseller.es,CAMPOS GARCIA RAMON,Administrador único,,1,142382,256,7.2,Shopify,https://garza.es,https://www.instagram.com/garza_spain,B28115764,,5,+34 913 53 26 61,
www.centroespejos.com,Centro Specchi Di Giec Piotr,+34 644 26 86 10,info@centroespejos.com,Hogar y decoración,tienda_online,No Amazon V1,daniela@libertyseller.es,,,,1,142280,363,8.3,PrestaShop,https://www.centroespejos.com,https://www.instagram.com/centroespejos,,,0,,
www.faragulla.com,Inés Fernández Vázquez,+34 609 80 87 50,hola@faragulla.com,Hogar y decoración,tienda_online,No Amazon V1,daniela@libertyseller.es,,,,1,141465,41,8.3,PrestaShop,https://www.faragulla.com,https://www.instagram.com/faragulla_shop,33333833W,,0,,
Arrelart,,+34 676 84 06 08,hola@arrelart.com,Hogar y decoración,tienda_online,No Amazon V1,daniela@libertyseller.es,,,,1,137493,351,9.3,PrestaShop,https://www.arrelart.com,https://www.instagram.com/arrelartmobles,B66811555,sociedad,0,,info@arrelart.es
Persiana Barata,,+34 960 20 45 00,info@persianabarata.com,Hogar y decoración,tienda_online,No Amazon V1,daniela@libertyseller.es,,,Benetússer,1,133521,334,8.7,PrestaShop,https://www.persianabarata.com,https://www.instagram.com/persianabarata,B66957259,sociedad,0,,
Chafiras,CHAFIRAS S.A.,+34 922 73 51 12,chafiras@chafiras.com,Hogar y decoración,tienda_online,No Amazon V1,daniela@libertyseller.es,,,San Miguel,1,130160,7766,9.7,PrestaShop,https://chafiras.com,https://www.instagram.com/chafirasoficial,A38033312,,0,,pedidos@chafiras.com
GASCÓN Iluminación,,+34 965 84 13 07,ventas@gascon.es,Hogar y decoración,tienda_online,No Amazon V1,daniela@libertyseller.es,,,Altea,1,129244,15161,8.7,Shopify,https://www.gascon.es,https://www.instagram.com/gascon.es,B54431101,sociedad,0,"+34 630 08 89 66; +34 683 63 66 76","info@gascon.es; informatica@gascon.es"
Asalvo,ESTAR ASALVO S.L.,+34 955 63 14 07,info@asalvo.com,Hogar y decoración,tienda_online,No Amazon V1,daniela@libertyseller.es,LA CASA GARCIA JESUS,Administrador solidario,Alcalá de Guadaíra,1,127920,319,9.7,Shopify,https://asalvo.com,,B91234286,,2,,club@asalvo.com
Stylo,ZALAN DECORACION S.L.,+34 639 17 34 19,info@stylohome.com,Hogar y decoración,tienda_online,No Amazon V1,daniela@libertyseller.es,CORTAZAR CASTILLO LAURA INES,Administrador único,Las Rozas de Madrid,1,124762,393,8.4,PrestaShop,http://www.stylohome.com,https://www.instagram.com/stylohome,B87311080,,1,+34 911 28 00 27,
Zoco Home,Wishlist Privacy Policy Zoco Home S.L.,+34 635 54 63 60,info@zocohome.com,Hogar y decoración,tienda_online,No Amazon V1,daniela@libertyseller.es,,,Mijas,1,122827,1110,6.5,Shopify,https://zocohome.com,https://www.instagram.com/zocohome,B93508414,,0,,"sales@zocohome.com; careers@zocohome.com; marketing@zocohome.com"
Mabaonline,"Molibri Plan B, S.L.",+34 648 97 67 55,pedidos@mabaonline.com,Hogar y decoración,tienda_online,No Amazon V1,daniela@libertyseller.es,MOLINERO ESCOBAR MARTA,Administrador único,,1,121707,294,9.7,PrestaShop,https://mabaonline.com,https://instagram.com/mabaonline_com,B85737963,,1,+34 916 58 14 64,info@mabaonline.com
ECUS Kids,Ecus Sleep SLU,+34 868 48 20 46,hola@ecuskids.com,Hogar y decoración,tienda_online,No Amazon V1,daniela@libertyseller.es,,,Yecla,1,121096,61,9.7,Shopify,https://ecuskids.com,https://www.instagram.com/ecuskids,B72735715,,0,+34 868 26 56 90,hablamos@ecuskids.com
Antihumedades.es,DATOS IDENTIFICATIVOS AFANA IDEAS INNOVACION Y SOLUCIONES INTELIGENTES S.L.U.,+34 698 12 66 20,soluciones@antihumedades.es,Hogar y decoración,tienda_online,No Amazon V1,daniela@libertyseller.es,,,Cambados,1,118855,160,9.7,PrestaShop,https://antihumedades.es,https://www.instagram.com/antihumedades.es,B36577674,sociedad,0,+34 881 97 61 73,
mimakids.com,,+34 962 75 10 42,info@mimakidsusa.com,Hogar y decoración,tienda_online,No Amazon V1,daniela@libertyseller.es,,,Paterna,1,118040,50,9.7,Shopify,https://mimakids.com,https://instagram.com/mima_kids,,,0,,"sales@mimakids.com; info@mimakids.com"
GOYVI.es,,+34 948 64 56 43,goyvi@goyvi.es,Hogar y decoración,tienda_online,No Amazon V1,daniela@libertyseller.es,,,,1,115291,1524,7.3,PrestaShop,https://goyvi.es,https://www.instagram.com/goyvi_cyc,B71344295,sociedad,0,+34 659 63 88 09,"admin@goyvi.es; comercial@goyvi.es"
CUBRO,CUBRO DESIGN S.L.,+34 911 98 96 89,hola@cubrodesign.com,Hogar y decoración,tienda_online,No Amazon V1,daniela@libertyseller.es,STEHLY YVAN FREDERIC,Presidente / consejero delegado,Madrid,1,113955,3567,7.3,Shopify,https://cubrodesign.com,https://www.instagram.com/cubro_design,B88346663,,10,+34 911 98 99 89,"help@CUBROdesign.com; hello@cubrodesign.com"
BricoandPool,BRICOAND ECOMMERCE SOLUCIONES S.L.,+34 951 12 53 88,info@bricoandpool.com,Hogar y decoración,tienda_online,No Amazon V1,daniela@libertyseller.es,MORON DEL PINO JAVIER,Administrador único,,1,112541,4011,4.3,Shopify,https://bricoandpool.com,https://www.instagram.com/bricoandpool,B24887630,,1,,pedidos@bricoandpool.com
BricoFermín,BRICOLAFER S.L.,+34 666 47 47 97,info@bricofermin.net,Hogar y decoración,tienda_online,No Amazon V1,daniela@libertyseller.es,,,Molina de Segura,1,112031,2694,9.7,PrestaShop,https://www.bricofermin.com,https://www.instagram.com/bricofermin,B73533366,,0,+34 666 47 47 97,
Cestaland,,+34 676 99 18 55,info@cestaland.com,Hogar y decoración,tienda_online,No Amazon V1,daniela@libertyseller.es,,,Pamplona,1,111918,305,9.7,PrestaShop,https://www.cestaland.com,https://www.instagram.com/cestaland,72683520R,,0,,cestaland@gmail.com
bainba.it,,+34 965 08 28 28,info@bainba.com,Hogar y decoración,tienda_online,No Amazon V1,daniela@libertyseller.es,,,Onil,1,111466,111,6.7,PrestaShop,https://bainba.it,https://www.instagram.com/bainba_it,,,0,,info@bainba.it
Yorkshire Linen Beds & More,Store YORKSHIRE LINEN WAREHOUSE S.L.,+34 626 14 77 03,info@yorkshirelinen.es,Hogar y decoración,tienda_online,No Amazon V1,daniela@libertyseller.es,,,Mijas,1,110334,747,9.7,Shopify,https://yorkshirelinen.es,https://www.instagram.com/yorkshirelinen.warehouse,B93138261,,0,"+34 952 19 75 77; +34 952 66 70 95",orders@yorkshirelinen.es
Plantaku,,+34 607 83 00 31,hola@plantaku.com,Hogar y decoración,tienda_online,No Amazon V1,daniela@libertyseller.es,,,Calp,1,110198,35,5.8,Shopify,https://plantaku.com,https://www.instagram.com/plantaku,74008850W,,0,,manu@plantaku.com
▷ BECARA 1964,TEILER INVESTMENTS S.A.,+34 912 96 66 66,becara@becara.com,Hogar y decoración,tienda_online,No Amazon V1,daniela@libertyseller.es,MARTIARENA AGUILAR PABLO,Administrador único,Madrid,1,109655,963,7.9,PrestaShop,https://www.becara.com,https://www.instagram.com/becara_1964,A87236139,,1,"+34 917 92 90 35; +34 606 28 19 53",mayor@becara.com
Sulion,,+34 916 74 94 83,info@sulion.es,Hogar y decoración,tienda_online,No Amazon V1,daniela@libertyseller.es,,,,1,109078,181,8.2,PrestaShop,http://sulion.es,,A28763647,sociedad,0,"+34 916 77 45 40; +34 621 26 27 21",pedidos@sulion.es
Industrial Campollano,Industrial Campollano Suministros S.L.,+34 967 24 01 12,info@ferreteriacampollano.com,Hogar y decoración,tienda_online,No Amazon V1,daniela@libertyseller.es,,,Albacete,1,108263,19908,9.7,PrestaShop,https://www.ferreteriacampollano.com,https://www.instagram.com/ferreteriacampollano,B02290443,,0,,clientes@sequra.es
HANDMADE® THE BRAND,HANDMADE FOOTWEAR SPAIN S.L.,+34 640 12 60 99,info@handmadethebrand.com,Hogar y decoración,tienda_online,No Amazon V1,daniela@libertyseller.es,VICTOR ENRIQUE MORENO MORENO,Administrador único,Granada,1,107844,360,3.9,Shopify,https://handmadethebrand.com,https://www.instagram.com/handmadethebrand,B02636926,,3,"+46765519192; +34 640 67 58 18","returns@handmadethebrand.com; online@handmadethebrand.com; stores@handmadethebrand.com"
Persianas a medida,Gibert & Pujol S.C.P.,+34 932 98 96 76,info@persianasamedida.com,Hogar y decoración,tienda_online,No Amazon V1,daniela@libertyseller.es,GIBERT PUJOL JUAN,Administrador solidario,,1,107245,52,6.8,PrestaShop,https://persianasamedida.com,https://www.instagram.com/persianasamedida,,,2,,presupuestos@persianasamedida.com
Tienda Colchones Online,,+34 653 10 36 43,atencionalcliente@hogarium.es,Hogar y decoración,tienda_online,No Amazon V1,daniela@libertyseller.es,,,,1,106328,35,9.7,PrestaShop,https://www.hogarium.es,https://www.instagram.com/hogarium_oficial,G85804011,sociedad,0,"+34 902 63 60 44; +34 955 90 19 93","info@hogarium.com; info@hogarium.es"
Eme Mobiliario,DATOS GENERALES EME ESPECIALISTAS MOBILIARIOS S.L.,+34 693 05 93 65,info@ememobiliario.es,Hogar y decoración,tienda_online,No Amazon V1,daniela@libertyseller.es,,,Córdoba,1,106260,1096,7.1,Shopify,https://www.ememobiliario.es,https://www.instagram.com/ememobiliario,B56107501,,0,+34 900 01 19 97,
Skraut,,+34 973 75 19 23,info@skrauthome.com,Hogar y decoración,tienda_online,No Amazon V1,daniela@libertyseller.es,,,,1,105468,229,6.6,PrestaShop,https://skrauthome.com,https://www.instagram.com/skraut_home,B25811456,sociedad,0,,
Deco&You,"DECO & YOU INTERIOR SOLUTIONS, S.L.",+34 960 62 77 44,info@decoandyou.com,Hogar y decoración,tienda_online,No Amazon V1,daniela@libertyseller.es,SANCHEZ REIG ENRIQUE,Administrador único,,1,104698,87,6.7,PrestaShop,https://www.decoandyou.com,https://www.instagram.com/decoandyoucom,B40585523,,1,,
Menamobel,,+34 916 08 38 31,contacto@menamobel.es,Hogar y decoración,tienda_online,No Amazon V1,daniela@libertyseller.es,,,,1,101847,1190,9.7,PrestaShop,https://www.menamobel.es,https://www.instagram.com/menamobel,B86670957,sociedad,0,,info@menamobel.es
Muebles A.Benítez,,+34 952 47 49 00,info@mueblesbenitez.com,Hogar y decoración,tienda_online,No Amazon V1,daniela@libertyseller.es,,,Fuengirola,1,98905,361,9.7,PrestaShop,https://mueblesbenitez.com,https://www.instagram.com/mueblesabenitez,A29165412,sociedad,0,+34 697 60 28 48,clientes@mueblesbenitez.com
Winterhalter España Tienda Oficial,WINTERHALTER IBÉRICA S.L.,+34 952 24 76 00,info@winterhalter.es,Hogar y decoración,tienda_online,No Amazon V1,daniela@libertyseller.es,SCHAFER-RAHMANKHAH NADINE,Administrador único,,1,97660,54,2.1,Shopify,https://tienda-es.winterhalter.com,https://www.instagram.com/winterhalteriberica,,,5,,soportecomercial@winterhalter.es
Grupo Kassandra,MAMPARAS DE BAÑO KASSANDRA SLU,+34 913 80 72 30,kassandra@kassandra.net,Hogar y decoración,tienda_online,No Amazon V1,daniela@libertyseller.es,QUERO CHICHARRO MARIA DEL CARMEN,Administrador solidario,Madrid,1,92907,58,9.7,PrestaShop,https://kassandra.net,https://www.instagram.com/mamparaskassandra,B88117940,sociedad,7,"+34 913 80 72 90; +34 917 76 76 16",
Luzópolis,,+34 656 30 30 67,hola@luzopolis.com,Hogar y decoración,tienda_online,No Amazon V1,daniela@libertyseller.es,,,,1,91549,167,9,PrestaShop,https://luzopolis.com,https://www.instagram.com/luzopolis,B32501447,sociedad,0,,
velasdelaballena.es,Velas de la Ballena S.L.,+34 952 82 31 64,info@velasdelaballena.es,Hogar y decoración,tienda_online,No Amazon V1,daniela@libertyseller.es,,,,1,90078,128,9.7,PrestaShop,https://velasdelaballena.es,https://www.instagram.com/velasballena,B92336080,,0,+34 915 23 18 95,pedidos@velasdelaballena.es
www.antiguorincon.com,Madrid Antiguorincon Atrezzo Madrid S.L.,+34 630 07 94 80,antiguorincon@gmail.com,Hogar y decoración,tienda_online,No Amazon V1,daniela@libertyseller.es,,,Madrid,1,89059,1462,7.1,PrestaShop,https://www.antiguorincon.com,https://www.instagram.com/antiguorincon,B88087002,,0,+34 606 39 25 54,
Entorno Baño,,+34 911 23 54 10,contacto@entornobano.com,Hogar y decoración,tienda_online,No Amazon V1,daniela@libertyseller.es,,,Palma,1,87022,1422,9.8,Shopify,https://www.entornobano.com,https://www.instagram.com/entornobano,B87416764,sociedad,0,"+33975184650; +34 633 35 06 07; +34 917 76 76 16",
bedsofa.es,,+34 653 63 15 40,pedidos@bedsofa.es,Hogar y decoración,tienda_online,No Amazon V1,daniela@libertyseller.es,,,,1,86117,197,3.1,PrestaShop,https://bedsofa.es,https://www.instagram.com/bedsofa.es,B97548234,sociedad,0,+34 675 23 74 77,
Ferreteria Xerez,"Ferretería Xerez, S.L.",+34 956 32 51 00,presupuestos@ferreteriaxerez.com,Hogar y decoración,tienda_online,No Amazon V1,daniela@libertyseller.es,RUIZ DOMINGUEZ ANGUSTIAS,Apoderado,Jerez de la Frontera,1,85099,1854,9.7,PrestaShop,https://ferreteriaxerez.com,https://www.instagram.com/ferreteriaxerez,B11668878,,3,"+34 956 31 15 50; +34 956 34 89 74; +34 915 62 04 20",clientes@sequra.es
Tienda de Bebés Online,,+34 983 35 48 66,bayon@bayon.es,Hogar y decoración,tienda_online,No Amazon V1,daniela@libertyseller.es,,,Valladolid,1,84080,2673,9.7,PrestaShop,https://www.bayon.es,https://www.instagram.com/bayontiendadebebes,,,0,,
www.tiendadeaireacondicionado.com,"ENERGÍA, S.L.",+34 954 16 23 84,info@euroclima2000.com,Hogar y decoración,tienda_online,No Amazon V1,daniela@libertyseller.es,,,Castilleja de la Cuesta,1,83401,534,8.3,PrestaShop,https://www.tiendadeaireacondicionado.com,https://www.instagram.com/euroclima2000energia,B90101205,,0,,
Borgia Conti,"BORGIA CONCEPT, S.A.",+34 699 02 78 69,info@borgiaconti.com,Hogar y decoración,tienda_online,No Amazon V1,daniela@libertyseller.es,ECHEVARRIETA CARO RAFAEL ELOY,Administrador único,,1,82383,692,9.7,Shopify,https://borgiaconti.com,https://instagram.com/borgiaconti,B05430921,,2,"+34 914 57 16 17; +34 627 47 94 79; +34 646 17 27 89; +34 699 02 78 69","contabilidad@borgiaconti.com; estudio@borgiaconti.com; atencion.cliente@maisonsdumonde.com"
ECOCLIMAGROUP,"ECOCLIMA, SCP",+34 618 61 61 32,info@flexibreaks.eu,Hogar y decoración,tienda_online,No Amazon V1,daniela@libertyseller.es,,,Reus,1,80414,2197,9.6,PrestaShop,https://www.ecoclimagroup.com,https://www.instagram.com/ecoclimagroup,J55546345,,0,+34 977 30 06 68,
Babyshower®,,+34 651 62 62 03,info@babyshower.es,Hogar y decoración,tienda_online,No Amazon V1,daniela@libertyseller.es,,,,1,80165,542,8.9,PrestaShop,https://www.babyshower.es,https://www.instagram.com/babyshower_by_nuria,B66393646,,0,+34 937 82 42 08,pedidos@babyshower.es
Jocafri,,+34 676 15 27 44,tienda@jocafri.es,Hogar y decoración,tienda_online,No Amazon V1,daniela@libertyseller.es,,,Almería,1,79916,611,7.4,PrestaShop,https://jocafri.es,https://www.instagram.com/jocafrisl,B04056933,sociedad,0,+34 950 26 06 66,jocafri@jocafri.es
Forja Hispalense,,+34 644 07 79 20,info@forjahispalense.com,Hogar y decoración,tienda_online,No Amazon V1,daniela@libertyseller.es,,,Seville,1,79791,577,9.3,PrestaShop,https://www.forjahispalense.com,https://www.instagram.com/forjahispalense,28795506N,,0,+34 954 37 03 65,pedidos@forjahispalense.com
latiendawapa,latiendawapa C.B.,+34 698 18 97 84,incidencias@latiendawapa.com,Hogar y decoración,tienda_online,No Amazon V1,daniela@libertyseller.es,,,Vigo,1,79667,223,9.7,PrestaShop,http://latiendawapa.com,https://www.instagram.com/latiendawapa,E27804285,sociedad,0,+34 986 29 81 21,ipedidos@latiendawapa.com
Octaevo,,+34 930 17 83 11,webshop@octaevo.com,Hogar y decoración,tienda_online,No Amazon V1,daniela@libertyseller.es,,,Barcelona,1,79418,290,9.7,Shopify,https://www.octaevo.com,https://www.instagram.com/octaevo,B67280354,sociedad,0,,jobs@octaevo.com
MueblesEnOferta.es,,+34 623 56 84 80,info@mueblesenoferta.es,Hogar y decoración,tienda_online,No Amazon V1,daniela@libertyseller.es,,,Barcelona,1,78671,26,2.1,Shopify,https://www.mueblesenoferta.es,https://www.instagram.com/mueblesenofertaa.es,B75798942,sociedad,0,+34 911 65 03 47,
lacorberana,PRODUCTOS LC LA CORBERANA S.L.,+34 962 56 04 85,web@lacorberana.com,Hogar y decoración,tienda_online,No Amazon V1,daniela@libertyseller.es,TORRES FABIA ENRIQUE MANUEL,Presidente / consejero delegado,Corbera,1,77743,92,9.7,Shopify,https://lacorberana.com,https://www.instagram.com/lacorberana,B96121710,,8,,
StarStick,,+34 614 06 55 48,info@starstickvinilos.com,Hogar y decoración,tienda_online,No Amazon V1,daniela@libertyseller.es,,,,1,76679,320,9.2,PrestaShop,https://www.starstickvinilos.com,https://www.instagram.com/starstickvinilos,B66806241,sociedad,0,,
Muebles y Decoraciones,,+34 640 14 51 99,info@rossodecora.es,Hogar y decoración,tienda_online,No Amazon V1,daniela@libertyseller.es,,,Cáceres‎,1,76611,697,8.3,PrestaShop,https://www.rossodecora.es,https://www.instagram.com/rossodecora,B10501872,sociedad,0,,info@RossoDecora.com
casajovenonline.com,,+34 663 48 22 76,info@casajovenonline.com,Hogar y decoración,tienda_online,No Amazon V1,daniela@libertyseller.es,,,Madrid,1,76272,5977,7.2,PrestaShop,https://casajovenonline.com,https://www.instagram.com/casajovensweet,B75820613,sociedad,0,+34 914 11 28 94,info@casajovenweb.com
Rue Vintage 74,,+34 674 41 04 83,info@ruevintage74.com,Hogar y decoración,tienda_online,No Amazon V1,daniela@libertyseller.es,,,Madrid,1,76181,1300,9.7,Shopify,https://ruevintage74.com,https://www.instagram.com/ruevintage74,B86917374,,0,+34 678 36 80 20,pro@ruevintage74.com
Suministros Industriales Entaban,SUMINISTROS INDUSTRIALES ENTABAN S.A.,+34 976 39 28 62,comercial@entaban.es,Industrial y suministros,tienda_online,No Amazon V1,daniela@libertyseller.es,TORRES BONEL MAURICIO,Administrador solidario,Zaragoza,1,378406,2131,9.7,PrestaShop,https://entaban.es,,A50062181,,5,,entaban@entaban.es
Kokonote,,+34 958 61 48 21,ecommerce@kokonote.com,Industrial y suministros,tienda_online,No Amazon V1,daniela@libertyseller.es,,,Salobreña,1,364702,144,3.2,Shopify,https://kokonote.com,https://www.instagram.com/kokonote_,B19506690,sociedad,0,,support@kokonote.com
www.regalospublicitarios.com,,+34 963 39 00 08,info@regalospublicitarios.com,Industrial y suministros,tienda_online,No Amazon V1,daniela@libertyseller.es,,,,1,320478,115,9.7,PrestaShop,https://www.regalospublicitarios.com,https://www.instagram.com/regalospubli,B96942214,sociedad,0,,
▷ Nazza,Pinturas Eurotex S.A.,+34 635 55 86 20,hola@nazza.es,Industrial y suministros,tienda_online,No Amazon V1,daniela@libertyseller.es,RUBIO NAVARRO CANDIDO,Administrador único,El Viso del Alcor,1,314718,129,9.7,PrestaShop,https://www.nazza.es,,A41283920,sociedad,8,"+34 955 07 20 20; +34 955 74 16 08",info@nazza.es
Filament2Print,,+34 886 31 76 97,info@filament2print.com,Industrial y suministros,tienda_online,No Amazon V1,daniela@libertyseller.es,,,,1,290874,1076,9,PrestaShop,https://filament2print.com,https://instagram.com/filament2print,B70460423,sociedad,0,,
BioTechUSA España,BioTech USA Korlátolt Felelősségű Társaság,+3614532716,hello@thecoffeebreak.hu,Industrial y suministros,tienda_online,No Amazon V1,daniela@libertyseller.es,,,,1,246831,221,6.4,Shopify,https://biotechusa.es,https://www.instagram.com/biotechusa_es,,,0,"+34 620 53 70 97; +34 629 83 07 08; +34 638 84 30 41; +34 638 86 07 12; +34 676 65 28 07","info@biotechusa.com; info@dieta.hu; dpo.btu@dnui.hu; ugyfelszolgalat@naih.hu"
Digital Papel,"DIGITALPAPEL AMORÓS, S.L.",+34 965 81 03 77,info@digitalpapel.com,Industrial y suministros,tienda_online,No Amazon V1,daniela@libertyseller.es,AMOROS COLOMINA JOSE MIGUEL,Administrador único,Dos Hermanas,1,240494,212,9.7,PrestaShop,https://digitalpapel.com,,B54697008,,1,+34 965 80 27 27,
distribucionmayorista.online,Sector Vending SL,+34 699 90 62 73,clientes@distribucionmayorista.online,Industrial y suministros,tienda_online,No Amazon V1,daniela@libertyseller.es,EIRIS CASTRO MARCOS,Administrador único,A Coruña,1,233048,711,8.7,PrestaShop,https://distribucionmayorista.online,https://instagram.com/distribucionmayorista.online,B70270061,,1,"+34 900 82 00 56; +34 981 75 45 67","clients@distribucionmayorista.online; info@distribucionmayorista.online; cliente@distribucionmayorista.online"
Punto Q Pack,PUNTOQPACKAGING S.L.,+34 675 80 77 58,info@puntoqpack.com,Industrial y suministros,tienda_online,No Amazon V1,daniela@libertyseller.es,,,Móstoles,1,194312,336,8.3,PrestaShop,https://www.puntoqpack.com,https://www.instagram.com/puntoqpack,B85203487,,0,"+34 916 11 75 51; +34 685 81 84 84",
Airzagas,,+34 968 62 90 46,informacion@airzagas.com,Industrial y suministros,tienda_online,No Amazon V1,daniela@libertyseller.es,,,Molina de Segura,1,183528,27,7,PrestaShop,https://www.airzagas.com,https://instagram.com/airzagas,B73271231,sociedad,0,+34 968 62 90 47,informacao@airzagas.com
20milproductos.com,"B2B Group, SA",+34 914 49 15 49,servicioalcliente@20milproductos.com,Industrial y suministros,tienda_online,No Amazon V1,daniela@libertyseller.es,GALAN OTAMENDI JAVIER,Administrador único,,1,174871,14486,9.7,PrestaShop,https://www.20milproductos.com,,A85812964,,1,"+34 902 52 05 43; +34 915 72 26 26",servicioalcliente@materialescolar.es
SediaUfficio365,DECO ONLINE S.L.,+390282950977,info@sediaufficio365.it,Industrial y suministros,tienda_online,No Amazon V1,daniela@libertyseller.es,,,Barcelona,1,160884,28,2.9,PrestaShop,https://sediaufficio365.it,https://www.instagram.com/sediaufficio365,B65686651,,0,,
Silicium Laboratories Europe,,+34 922 15 13 17,help@silicium.com,Industrial y suministros,tienda_online,No Amazon V1,daniela@libertyseller.es,,,,1,158824,48,4.7,Shopify,https://silicium.com,https://www.instagram.com/siliciumespana,B43767958,sociedad,0,"+34 977 39 33 90; +34 877 44 99 48","shop@siliciumg.com; info@siliciumg5.com; sales@silicium.com"
Harze und Faserverbundwerkstoffe,Resinas Castro S. L,+34 669 75 48 33,shop@castrocomposites.com,Industrial y suministros,tienda_online,No Amazon V1,daniela@libertyseller.es,,,O Porriño,1,155316,1092,9.7,PrestaShop,https://www.castrocompositesshop.com,https://www.instagram.com/castro.composites,,,0,+34 986 34 29 53,info@castrocomposites.com
www.rebacas.com,REBACAS S.L.U.,+34 964 99 42 76,info@rebacas.com,Industrial y suministros,tienda_online,No Amazon V1,daniela@libertyseller.es,VERNIA BADENES ALEJANDRO,Apoderado,Castellón de la Plana,1,147678,269,9.7,PrestaShop,https://www.rebacas.com,https://www.instagram.com/rebacasrenovables,B12902672,,3,+34 964 99 42 76,infor@rebacas.com
SillaOficina365,DECO ONLINE S.L.,+34 900 90 92 00,info@sillaoficina365.es,Industrial y suministros,tienda_online,No Amazon V1,daniela@libertyseller.es,,,Barcelona,1,140752,33,2.9,PrestaShop,https://sillaoficina365.es,https://www.instagram.com/sillaoficina365,B65686651,,0,,
Escriba,,+34 934 54 75 35,granvia@escriba.es,Industrial y suministros,tienda_online,No Amazon V1,daniela@libertyseller.es,,,Barcelona,1,138512,40,7.9,PrestaShop,https://escriba.es,https://www.instagram.com/escriba1906,B62837158,,0,+34 933 01 60 27,"rambla@escriba.es; ramon@escriba.es"
Bikkom,,+34 976 30 01 19,bikkom@bikkom.es,Industrial y suministros,tienda_online,No Amazon V1,daniela@libertyseller.es,,,Monterde,1,123540,161,5.8,PrestaShop,https://www.bikkom.es,https://www.instagram.com/bikkom.es,,,0,,bikkom@www.bikkom.es
Embalando.es,,+34 912 79 13 44,contacto@embalando.es,Industrial y suministros,tienda_online,No Amazon V1,daniela@libertyseller.es,,,,1,116920,102,4.3,PrestaShop,https://embalando.es,https://www.instagram.com/embalando.es,B67669036,,0,+34 916 79 30 11,
www.embaleo.es,,+34 931 22 95 21,contact@embaleo.es,Industrial y suministros,tienda_online,No Amazon V1,daniela@libertyseller.es,,,,1,114634,131,8.4,PrestaShop,https://www.embaleo.es,,B67263723,,0,,
Transglass,Condiciones de Venta Política de Cookies Contacto TRANSGLASS S.L.,+34 985 56 53 20,info@transglass.es,Industrial y suministros,tienda_online,No Amazon V1,daniela@libertyseller.es,,,,1,109429,154,7.3,PrestaShop,https://www.transglass.es,,B74269002,,0,,transglass@transglass.net
Mr. Paper,"MISTER PAPER Papelerías, S.L.",+34 656 53 90 82,pedidos@mrpaper.es,Industrial y suministros,tienda_online,No Amazon V1,daniela@libertyseller.es,,,,1,107279,213,5.5,PrestaShop,https://mrpaper.es,https://instagram.com/mrpaperpapeleria,B01720507,,0,,
La Bolsera,COMERCIAL BOLSERA S.L.,+34 938 80 63 56,ventas@labolsera.net,Industrial y suministros,tienda_online,No Amazon V1,daniela@libertyseller.es,MENACHO MACHUCA MARIA JOSEFA,Apoderado,Barcelona,1,106486,541,9.7,PrestaShop,https://www.labolsera.com,https://www.instagram.com/la_bolsera,B63479034,,3,"+34 938 80 63 64; +34 933 17 14 28",comercial@labolsera.com
IKIGAI PAPELERIA,,+34 614 15 22 21,info@ikigaipapeleria.com,Industrial y suministros,tienda_online,No Amazon V1,daniela@libertyseller.es,,,les Baies,1,101055,3320,4.1,Shopify,https://ikigaipapeleria.com,https://www.instagram.com/ikigai__papeleria,74370081H,,0,,ainfo@ikigaipapeleria.com
Laoficinaonline,,+34 963 45 92 22,hola@laoficinaonline.es,Industrial y suministros,tienda_online,No Amazon V1,daniela@libertyseller.es,,,,1,97207,412,7.4,PrestaShop,https://laoficinaonline.es,https://www.instagram.com/laoficinaonline.es,B98914336,sociedad,0,"+34 963 47 85 99; +34 662 13 01 21; +34 637 07 70 27",
Supermercado Solar,,+34 627 64 21 40,info@supermercadosolar.es,Industrial y suministros,tienda_online,No Amazon V1,daniela@libertyseller.es,,,,1,96415,240,8.2,PrestaShop,https://supermercadosolar.es,https://www.instagram.com/supermercado_solar,B12938023,sociedad,0,"+34 644 22 38 43; +34 644 37 28 08; +34 964 25 91 17; +34 964 56 54 08",comercial@supermercadosolar.es
www.coarte.net,CATÁLOGOS TEXTIL CONTACTA CON NOSOTROS Coartegift Regalos Publicitarios SL,+34 647 98 50 13,pedidos@coarte.net,Industrial y suministros,tienda_online,No Amazon V1,daniela@libertyseller.es,,,Toledo,1,93360,1153,7.5,PrestaShop,https://www.coarte.net,https://www.instagram.com/coartegift,,,0,+34 925 23 13 44,administracion@coarte.net
Enveseur,EGBGB Unternehmen Enveseur SL,+493016635716,sales@enveseur.com,Industrial y suministros,tienda_online,No Amazon V1,daniela@libertyseller.es,,,Vilafranca del Penedès,1,87701,944,8.6,Shopify,https://www.umschlaege.com,https://www.instagram.com/enveseurpackaging,B66856618,,0,+34 935 22 02 22,compliance@enveseur.com
MyPaper,,+34 621 25 69 01,info@mypaper.es,Industrial y suministros,tienda_online,No Amazon V1,daniela@libertyseller.es,,,,1,87475,1158,5.7,PrestaShop,https://www.mypaper.es,https://www.instagram.com/_my_paper_miguelturra,B13314042,,0,+34 926 24 31 17,
PIHER,Industrias Piqueras S.A.,+34 941 25 48 85,piher@piher.com,Industrial y suministros,tienda_online,No Amazon V1,daniela@libertyseller.es,PIQUERAS OCON JUAN CARLOS,Administrador solidario,Logroño,1,80233,167,8.9,PrestaShop,http://www.piher.com,https://www.instagram.com/piher_clamps,A26028712,,2,,
www.superimanes.com,Contáctanos Contáctanos SUPERIMANES S.L.,+34 955 76 07 39,soporte@superimanes.com,Industrial y suministros,tienda_online,No Amazon V1,daniela@libertyseller.es,,,Mairena del Aljarafe,1,78875,412,9.7,PrestaShop,https://www.superimanes.com,https://www.instagram.com/superimanessl,B90195587,,0,+34 630 15 93 71,
Talleres Ebenezer,BNZRACE SOCIEDAD LIMITADA,+34 634 31 20 12,tienda@talleresebenezer.com,Industrial y suministros,tienda_online,No Amazon V1,daniela@libertyseller.es,,,Seville,1,78173,41,3.7,Shopify,https://talleresebenezer.shop,,B24978066,,0,,oficinatalleresebenezer@gmail.com
innpo.pt,"Innovate Powering Electronic, S.L.",+34 951 65 02 03,info@innpo.pt,Industrial y suministros,tienda_online,No Amazon V1,daniela@libertyseller.es,ROLDAN GARRIDO ANTONIO JESUS,Administrador único,,1,77177,95,7.8,PrestaShop,https://innpo.pt,,B93462638,,1,,
Burgos Salaverry,,+34 953 75 37 40,tienda@burgossalaverry.es,Industrial y suministros,tienda_online,No Amazon V1,daniela@libertyseller.es,,,,1,75593,166,8.3,PrestaShop,https://burgossalaverry.es,,A23052020,sociedad,0,,info@burgossalaverry.es
SolarPlak.es,"Solarplak Soluciones Energéticas, S.L.",+34 669 08 09 91,contacto@solarplak.es,Industrial y suministros,tienda_online,No Amazon V1,daniela@libertyseller.es,JORNET JORNET JUAN JOSE,Administrador único,Guadassuar,1,74563,145,8.7,PrestaShop,https://solarplak.es,https://www.instagram.com/solarplak,B72694078,,1,+34 962 57 06 24,
eltallerdelaespuma.es,AJIRO SERVICIOS S.L.,+34 604 54 27 05,info@eltallerdelaespuma.es,Industrial y suministros,tienda_online,No Amazon V1,daniela@libertyseller.es,IGLESIAS DIEZ JAVIER,Administrador único,,1,74439,35,6.5,PrestaShop,https://eltallerdelaespuma.es,https://www.instagram.com/eltallerdelaespuma,B05478946,,1,+34 688 86 74 01,
Intec,"SUMINISTROS INTEC, S.L.",+34 965 44 89 22,info@suministrointec.com,Industrial y suministros,tienda_online,No Amazon V1,daniela@libertyseller.es,SAEZ MEDINA MANUEL JOSE,Administrador único,Elche,1,73443,25,8.4,PrestaShop,https://suministrointec.com,https://www.instagram.com/suministrointec,B53215752,,2,+34 966 44 89 22,
comerciovending.com,SHARED DREAMS SL,+34 961 67 59 79,ventas@comerciovending.com,Industrial y suministros,tienda_online,No Amazon V1,daniela@libertyseller.es,PEREZ LOPEZ ANTONIO,Administrador solidario,Paterna,1,70953,240,9.7,PrestaShop,http://comerciovending.com,,B98475361,,3,+34 690 72 48 81,
Magom HRC Tienda Online,MAGOM HIDRÁULICA RC SL,+34 683 15 58 63,info@magomhrc.com,Industrial y suministros,tienda_online,No Amazon V1,daniela@libertyseller.es,MANUEL GOMEZ VIRUES DE SEGOVIA,Administrador único,Jerez de la Frontera,1,70704,569,9.7,PrestaShop,https://magomhrc.com,https://www.instagram.com/magomhrc,B11935624,,2,+34 856 39 81 12,
Robinsun,Robinsun Energy SL,+34 640 91 31 51,store@robinsun.com,Industrial y suministros,tienda_online,No Amazon V1,daniela@libertyseller.es,HAGENEY BORIS,Administrador único,,1,70331,57,3.3,Shopify,https://robinsun.pt,https://www.instagram.com/robinsun.energy,,,1,,"support@robinsun.com; info@robinsun.com"
RESINECO Composites,RESINECO COMPOSITES SL,+34 639 73 15 35,info@resineco.com,Industrial y suministros,tienda_online,No Amazon V1,daniela@libertyseller.es,VIDAL AGULLO MARTI,Administrador único,,1,64854,63,8.3,PrestaShop,https://www.resineco.com,https://www.instagram.com/resineco,,,1,"+34 930 01 25 87; +34 938 79 00 50",pedidos@resineco.com
Geotierra.es,"Geotierra Ciencias Naturales, S.L.",+34 915 49 06 84,info@geotierra.es,Industrial y suministros,tienda_online,No Amazon V1,daniela@libertyseller.es,,,Madrid,1,63982,490,7.5,PrestaShop,https://geotierra.es,,B83478768,,0,,
MartGifts,,+34 609 78 91 44,info@martgifts.com,Industrial y suministros,tienda_online,No Amazon V1,daniela@libertyseller.es,,,Tortosa,1,63360,1618,9.7,PrestaShop,http://martgifts.com,https://www.instagram.com/martgifts_merch,B55634000,sociedad,0,+34 977 90 30 56,
VALK,NUBLAR S. MICROCOOP,+34 927 28 66 25,support@valkgaming.com,Industrial y suministros,tienda_online,No Amazon V1,daniela@libertyseller.es,,,,1,62115,33,6.3,PrestaShop,https://valkgaming.com,https://www.instagram.com/valk_gaming,F16673501,sociedad,0,+34 871 41 16 72,
ProteínaCanaria,Alprocan SCP,+34 602 64 68 73,atencionalcliente@proteinacanaria.com,Industrial y suministros,tienda_online,No Amazon V1,daniela@libertyseller.es,,,Las Palmas de Gran Canaria,1,60621,403,9.7,PrestaShop,http://www.proteinacanaria.com,https://www.instagram.com/proteinacanaria,J76148535,,0,"+34 604 20 25 17; +34 689 34 61 54",info@proteinacanaria.com
Botosvalverde.es,,+34 959 55 01 66,info@botosvalverde.es,Industrial y suministros,tienda_online,No Amazon V1,daniela@libertyseller.es,,,Valverde del Camino,1,59207,55,7.4,PrestaShop,https://www.botosvalverde.es,https://www.instagram.com/botosvalverde_es,B21550371,sociedad,0,+34 959 55 71 37,paypal@botosvalverde.es
IGAN,,+12069446900,shopify@igancovers.com,Industrial y suministros,tienda_online,No Amazon V1,daniela@libertyseller.es,,,Barcelona,1,59128,9,5.5,Shopify,https://www.igancovers.com,,,,0,,support@igancovers.com
Limpiaparabrisas,No Olvides Ser Feliz S.L.U.,+34 660 24 88 74,,Industrial y suministros,tienda_online,No Amazon V1,daniela@libertyseller.es,MAROT FLORENT XAVIER CYRIL,Administrador único,Madrid,1,59003,164,8.3,PrestaShop,http://www.limpia-parabrisas.es,,B87012456,sociedad,1,,
embalajexpress.es,Suministros Integrales de Almacén SA,+34 912 01 42 92,contacto@todoalmacen.com,Industrial y suministros,tienda_online,No Amazon V1,daniela@libertyseller.es,RODRIGUEZ ALONSO NICOLAS ANTONIO,Administrador único,,1,58121,150,6.7,PrestaShop,https://embalajexpress.es,https://www.instagram.com/todoalmacen,A81912750,,2,+34 917 48 10 59,contacto@embalajexpress.es
Leadership Circle Europe,,+34 972 43 64 88,support.na@leadershipcircle.com,Industrial y suministros,tienda_online,No Amazon V1,daniela@libertyseller.es,,,Barcelona,1,57883,20,3.2,Shopify,https://eu.shop.leadershipcircle.com,,,,0,+34 722 36 94 13,vadik.rosenblit@leadershipcircle.com
Venta de banderas,,+34 965 68 27 21,comercial@banderalia.es,Industrial y suministros,tienda_online,No Amazon V1,daniela@libertyseller.es,,,,1,56389,260,7.4,PrestaShop,https://banderalia.es,https://www.instagram.com/banderalia,,,0,,
AHBOnline,AHB HISPANIA S.L.,+34 902 15 90 90,ahb@ahb.es,Industrial y suministros,tienda_online,No Amazon V1,daniela@libertyseller.es,,,,1,56355,1149,8.3,PrestaShop,https://ahbonline.es,,,,0,+34 958 28 91 27,"ahb@ahb.es; atcliente@ahb.es"
AMC GLASS PACKAGING,"AMC GLASS PACKAGING, S.L.U.",+34 954 66 40 91,info@amcglasspackaging.com,Industrial y suministros,tienda_online,No Amazon V1,daniela@libertyseller.es,,,Villaverde del Río,1,56265,358,2.5,Shopify,https://amcglasspackaging.com,,B44791366,,0,,info@latiendadelapicultor.com
Zuendo,"Electromek Shop, s.l.u.",+34 639 30 75 18,info@zuendo.com,Industrial y suministros,tienda_online,No Amazon V1,daniela@libertyseller.es,FRANCISCO JOSE SAEZ ALCARAZ,Administrador único,Murcia,1,55540,428,8.4,PrestaShop,https://www.zuendo.com,,B73887291,,1,,
Rocket Digital,RocketROI SL,+34 933 28 31 27,info@rock.et,Industrial y suministros,tienda_online,No Amazon V1,daniela@libertyseller.es,VIVANCOS MATAMOROS AGUSTIN,Administrador único,Barcelona,1,55405,35,4,Shopify,https://rock.et,https://www.instagram.com/rocket.digital,B65986465,,4,,protecciondedatos@rocketroi.com
Pur Plant,,+34 667 27 99 07,info@purplant.es,Jardín y exterior,tienda_online,No Amazon V1,daniela@libertyseller.es,,,Elda,1,575366,1188,6.1,Shopify,https://www.purplant.es,https://www.instagram.com/purplant.es,B56957855,sociedad,0,,
El Nou Garden,Dunatino SL,+34 937 50 17 42,info@elnougarden.com,Jardín y exterior,tienda_online,No Amazon V1,daniela@libertyseller.es,,,,1,443373,4871,5.7,Shopify,https://elnougarden.com,,B70819198,,0,+34 655 90 16 24,web@elnougarden.com
Growbaratochile.cl,,+56931914330,info@growbarato.net,Jardín y exterior,tienda_online,No Amazon V1,daniela@libertyseller.es,,,,1,422234,161,9.4,PrestaShop,https://www.growbaratochile.cl,https://www.instagram.com/growbarato,,,0,"+56982961656; +34 633 32 04 42; +34 962 06 62 98; +56982312725","chile@growbarato.net; franquicias@growbarato.net"
viverosgonzalez.es,"FERNÁNDEZ, S.L.",+34 682 77 17 63,info@viverosgonzalez.com,Jardín y exterior,tienda_online,No Amazon V1,daniela@libertyseller.es,,,Marbella,1,272904,119,8.3,PrestaShop,https://viverosgonzalez.es,https://www.instagram.com/viverosgonzalezf,B93299154,,0,+34 952 83 00 57,pedidos@viverosgonzalez.com
LA HUERTA,Distribuciones Marianas 08 S.L.,+34 655 83 91 36,Info@Lahuertagrowshop.com,Jardín y exterior,tienda_online,No Amazon V1,daniela@libertyseller.es,SICILIA ALIART MARGARITA,Apoderado,L'Hospitalet de Llobregat,1,247307,3570,9.6,PrestaShop,https://www.lahuertagrowshop.com,https://www.instagram.com/growshoplahuerta,B64740384,,2,+34 934 48 48 48,
MAIA SHOP,,+34 650 82 55 44,customerservice@maia-shop.com,Jardín y exterior,tienda_online,No Amazon V1,daniela@libertyseller.es,,,"Alberic, Valencia",1,223067,76,7.5,Shopify,https://maiashop.es,https://www.instagram.com/maiashopbrand,B40626038,sociedad,0,,
Control Bío,Estudio y Control de Plantaciones del Sur S.L.,+34 639 71 33 00,info@controlbio.es,Jardín y exterior,tienda_online,No Amazon V1,daniela@libertyseller.es,NIETO COBO ALVARO,Apoderado,,1,193837,1825,9.7,PrestaShop,https://controlbio.es,https://www.instagram.com/controlbio.es,B04293700,,1,"+34 653 76 55 08; +34 950 56 53 07",pedidos@controlbio.es
Garden Center Sopela,Casa Reina S.A.,+34 609 41 44 41,cliente@mvgarden.com,Jardín y exterior,tienda_online,No Amazon V1,daniela@libertyseller.es,MARAÑON HERAS JOSEFA,Administrador único,Sopelana,1,175584,2301,9.7,PrestaShop,https://www.mvgarden.com,https://www.instagram.com/sopelagardencenter,A48227920,,1,"+34 696 94 60 91; +34 902 65 66 34",info@mvgarden.com
Garden Center Ejea,,+34 670 46 27 76,info@gardencenterejea.com,Jardín y exterior,tienda_online,No Amazon V1,daniela@libertyseller.es,,,Ejea de los Caballeros,1,158191,2120,9.2,PrestaShop,https://gardencenterejea.com,https://www.instagram.com/gardencenterejea,,,0,+34 976 66 75 10,
Blaine Box,GENERAL Blaine Box SL,+34 622 59 05 05,info@blainebox.com,Jardín y exterior,tienda_online,No Amazon V1,daniela@libertyseller.es,,,Barcelona,1,149104,171,6.4,Shopify,https://blainebox.com,https://www.instagram.com/blaineboxco,,,0,,
AguaFría,Abalier Europe SL,+34 621 00 03 55,info@aguafria.es,Jardín y exterior,tienda_online,No Amazon V1,daniela@libertyseller.es,PAJUELO SANCHEZ ALBERTO,Administrador único,,1,130364,43,9.7,PrestaShop,https://aguafria.es,,B90441809,,1,+34 910 60 17 67,
viverosladama.com,"VIVEROS LA DAMA, S.L.",+34 965 45 67 01,ventasinternet@viverosladama.com,Jardín y exterior,tienda_online,No Amazon V1,daniela@libertyseller.es,SOTO MORA ODETTE,Apoderado,Elche,1,99470,523,9.7,PrestaShop,https://viverosladama.com,,B53383832,,1,,
Plantadecor,VIVEROS INVERFLOR S L,+34 693 73 21 14,info@plantadecor.com,Jardín y exterior,tienda_online,No Amazon V1,daniela@libertyseller.es,OLIVAN GARCIA JOSE MANUEL,Administrador único,Calahorra,1,95736,296,8.7,Shopify,https://plantadecor.com,https://www.instagram.com/plantadecor_com,B26492504,,2,+34 941 74 30 34,
Viveros Barra,,+34 660 09 31 33,viverosbarra@viverosbarra.es,Jardín y exterior,tienda_online,No Amazon V1,daniela@libertyseller.es,,,,1,92567,178,7.3,PrestaShop,https://viverosbarra.es,https://www.instagram.com/arboles_frutales,10187716G,,0,+34 987 65 59 14,
Centro de jardinería Kuka,Centro de Jardinería Kuka S.L.,+34 600 43 99 92,clientes@jardineriakuka.com,Jardín y exterior,tienda_online,No Amazon V1,daniela@libertyseller.es,,,,1,86796,1857,6.8,PrestaShop,https://jardineriakuka.com,https://www.instagram.com/jardineriakuka,B97289458,,0,+34 687 70 27 77,
Plantax,ESENERGETICA S.L.,+34 912 68 90 17,info@plantax.es,Jardín y exterior,tienda_online,No Amazon V1,daniela@libertyseller.es,GAMIZ BLAZQUEZ ANTONIO,Administrador único,,1,77404,149,8.3,PrestaShop,https://www.plantax.es,https://www.instagram.com/plantax_,B87275079,,1,+34 604 19 54 44,
IWannaGrowShop,GROWBARATO DISTRIBUCIONES SL,+34 950 95 71 43,info@iwannagrowshop.com,Jardín y exterior,tienda_online,No Amazon V1,daniela@libertyseller.es,COLLADO VIDAL ERIK FRANCISCO,Administrador único,,1,76498,14,8.3,PrestaShop,http://www.iwannagrowshop.com,,B98767239,,1,,
Carniplant,,+34 621 02 00 77,info.carniplant@gmail.com,Jardín y exterior,tienda_online,No Amazon V1,daniela@libertyseller.es,,,,1,72820,195,2.6,PrestaShop,https://www.carniplant.es,https://www.instagram.com/carniplant_oficial,41539744L,,0,,info.carniplant@gmail.com
Decoandlemon,,+34 900 37 33 46,info@decoandlemon.com,Jardín y exterior,tienda_online,No Amazon V1,daniela@libertyseller.es,,,Sant Joan d'Alacant,1,66970,1511,9.5,Shopify,https://decoandlemon.com,https://www.instagram.com/decoandlemon,B54752910,sociedad,0,,"hello@decoandlemon.com; hola@decoandlemon.com"
Oforno Garden,Casa da Torre S.L.,+34 640 30 36 38,hola@ofornogarden.com,Jardín y exterior,tienda_online,No Amazon V1,daniela@libertyseller.es,,,,1,64854,1789,6.5,Shopify,https://ofornogarden.com,https://www.instagram.com/ofornogarden,B36379899,,0,,"info@ofornogarden.com; info@ofronogarden.com"
www.plantasdehuerto.com,Semilleros Deitana S.L.,+34 666 08 57 65,info@plantasdehuerto.com,Jardín y exterior,tienda_online,No Amazon V1,daniela@libertyseller.es,JOSE LUIS GALERA CARMONA,Administrador solidario,,1,60373,224,7.5,PrestaShop,https://www.plantasdehuerto.com,https://www.instagram.com/elhuertodeitana,B30531925,,4,+34 968 42 23 35,
La Majosa,dicha entidad no se hace,+34 722 32 52 73,info@lamajosa.es,Jardín y exterior,tienda_online,No Amazon V1,daniela@libertyseller.es,,,,1,58256,352,6,PrestaShop,https://lamajosa.es,https://www.instagram.com/lamajosa,B33922196,,0,+34 722 35 22 73,horticulturadelcantabrico@yahoo.es
viverland.es,Contáctanos VIVEROS VIVERLAND S.L.,+34 658 04 70 17,info@viverland.es,Jardín y exterior,tienda_online,No Amazon V1,daniela@libertyseller.es,,,,1,54454,328,3.2,PrestaShop,https://viverland.es,https://www.instagram.com/viveroviverland,B75549618,,0,+34 661 91 73 34,
Terralba,"FITOSANITARIOS TERRALBA, S.L.",+34 953 48 69 47,info@terralba.es,Jardín y exterior,tienda_online,No Amazon V1,daniela@libertyseller.es,ALBA VAZQUEZ MIGUEL ANGEL,Administrador único,Alcalá la Real,1,52553,284,8.3,PrestaShop,https://terralba.es,https://www.instagram.com/fitosanitarios_terralba,B23738545,,1,+34 659 48 63 80,
FLUME,Flume S.L.,+34 629 80 48 88,flume@flume.es,Jardín y exterior,tienda_online,No Amazon V1,daniela@libertyseller.es,VIELBA MEDINA JOSE MARIA,Administrador solidario,Valladolid,1,46442,1615,8.7,PrestaShop,https://flume.es,https://www.instagram.com/flume.es,B47276845,,1,"+34 983 36 16 06; +34 983 37 62 61; +34 950 95 19 52; +34 660 17 12 11",
www.oasisdecor.com,"Oasis Decor, C.B.",+34 636 85 32 95,info@oasisdecor.com,Jardín y exterior,tienda_online,No Amazon V1,daniela@libertyseller.es,,,Benidorm,1,45752,224,9.7,PrestaShop,https://www.oasisdecor.com,,E54976667,,0,"+34 644 47 71 83; +34 965 06 92 37; +34 645 99 95 20",
Vila Grancha,"Contáctanos VILA GRANCHA, S.L.",+34 961 26 02 11,pedidos@vilagrancha.com,Jardín y exterior,tienda_online,No Amazon V1,daniela@libertyseller.es,,,,1,43545,14,9.7,PrestaShop,https://vilagrancha.com,,B46453460,,0,,sac@vilagrancha.com
Irun Bonsai,IRUN BONSAI (Javier Lumbreras Muiño,+34 627 35 39 31,pedidos@irunbonsai.com,Jardín y exterior,tienda_online,No Amazon V1,daniela@libertyseller.es,,,,1,41780,642,9.7,PrestaShop,https://irunbonsai.com,https://www.instagram.com/tiendairunbonsai,15255208K,autonomo,0,"+34 699 11 48 23; +34 943 63 23 34",
cogollo.es,,+34 957 48 12 28,info@cogollo.es,Jardín y exterior,tienda_online,No Amazon V1,daniela@libertyseller.es,,,,1,39720,400,8,PrestaShop,https://cogollo.es,https://www.instagram.com/drcogollo_cordoba,30532275M,autonomo,0,,
LITTLE TREE DESIGN BIOTOPES,Alejandro Rios martin,+34 627 29 39 92,hola.littletreedesignbiotopes@gmail.com,Jardín y exterior,tienda_online,No Amazon V1,daniela@libertyseller.es,,,Sant Joan d'Alacant,1,39573,1253,6.4,Shopify,https://littletreedesignbiotopes.es,https://www.instagram.com/littletreedesignbiotopes,48668127N,,0,,hola.littletreedesignbiotopes@gmail.com
Centreverd,,+34 972 22 22 41,info@centreverd.cat,Jardín y exterior,tienda_online,No Amazon V1,daniela@libertyseller.es,,,,1,36280,49,4.9,Shopify,https://centreverd.cat,https://www.instagram.com/centreverd,A58924788,sociedad,0,,info@centre-verd.es
kayabarcelonagrowshop.com,,+34 934 32 87 56,info@kayabarcelona.com,Jardín y exterior,tienda_online,No Amazon V1,daniela@libertyseller.es,,,,1,34696,1190,4.2,PrestaShop,https://kayabarcelonagrowshop.com,https://www.instagram.com/kayabcn,46739734P,autonomo,0,,
Suministros Lavin,SUMINISTROS LAVIN S.A.,+34 942 26 13 15,ventas@suministroslavin.com,Jardín y exterior,tienda_online,No Amazon V1,daniela@libertyseller.es,LAVIN COBO ALBERTO,Administrador único,Camargo,1,33112,1155,9.7,PrestaShop,https://suministroslavin.com,https://www.instagram.com/suministroslavin,A39203443,,1,,slavin@suministroslavin.com
www.puntojardin.com,,+34 951 17 31 56,info@puntojardin.com,Jardín y exterior,tienda_online,No Amazon V1,daniela@libertyseller.es,,,,1,32161,651,9.7,PrestaShop,https://www.puntojardin.com,https://www.instagram.com/puntojardin,B29724176,sociedad,0,,pedidos@puntojardin.com
Herrajardín®,"HERRAJARDIN, S.L.",+34 655 62 03 73,Info@Herrajardin.es,Jardín y exterior,tienda_online,No Amazon V1,daniela@libertyseller.es,BARBERA ALFONSO RAUL,Administrador único,Madrid,2,29626,133,8.3,PrestaShop,https://herrajardin.es,https://www.instagram.com/herrajardin.sl,B04954467,,3,+34 911 10 43 61,herrajardin.security@hotmail.com
Toy Planet,T. PLANET SHOPS SL,+34 961 34 35 56,info@toyplanet.com,Juguetes y juegos,tienda_online,No Amazon V1,daniela@libertyseller.es,GASPAR MESEGUER IGNACIO,Apoderado,Paterna,1,908270,20785,6.9,Shopify,https://www.toyplanet.com,https://www.instagram.com/toyplanet_oficial,B12434932,,2,+34 918 22 45 55,"info@toyplanet.es; web@bandai.es; marketing@toyplanet.es; toyplanet@toyplanet.es"
Milbby.com,MILBBY RETAIL S.L.,+34 876 50 75 38,administracion@milbby.com,Juguetes y juegos,tienda_online,No Amazon V1,daniela@libertyseller.es,FACCHIN DENISE ANABELLA,Apoderado,,1,451657,5813,8.6,Shopify,https://www.milbby.com,https://www.instagram.com/milbby_es,B87798690,,4,"+34 910 38 00 58; +34 736 71 94 06","clientes@milbby.com; info@milbby.com"
Fabric Sight,"JACOB FASHION FABRICS, S.L.",+34 601 99 38 21,hello@fabricsight.com,Juguetes y juegos,tienda_online,No Amazon V1,daniela@libertyseller.es,ANDREA RAUMER,Administrador único,Lloret de Mar,1,394170,2748,6.2,Shopify,https://www.fabricsight.com,https://www.instagram.com/fabricsight,B55354484,,1,"+34 609 30 30 06; +34 972 37 77 25",operations@fabricsight.com
Scalextric,"Scale Competition Xtreme, S.L.",+34 902 09 08 12,atencionconsumidor@scalextric.es,Juguetes y juegos,tienda_online,No Amazon V1,daniela@libertyseller.es,ARNAU CARRERAS LLUIS MARIA,Administrador solidario,,1,340859,177,9,PrestaShop,https://scalextric.es,https://www.instagram.com/scalextric_scx,B87608782,,4,,"hello@scx.es; info@sequra.es; lopd@scalextriclub.es"
Sargadelos,Porcelana de Sargadelos S.L.,+34 982 55 78 41,tonline@sargadelos.com,Juguetes y juegos,tienda_online,No Amazon V1,daniela@libertyseller.es,GARCIA RODRIGUEZ SEGISMUNDO,Administrador único,,1,308618,1747,7,Shopify,https://www.sargadelos.com,https://www.instagram.com/sargadelos_official,B27009638,,6,"+34 981 62 09 37; +34 982 55 76 86; +34 982 55 78 41; +34 647 29 11 80; +34 647 79 73 46",
Game Play Stores,MEMORY TECH S. L,+34 744 60 20 16,info@gameplaystores.es,Juguetes y juegos,tienda_online,No Amazon V1,daniela@libertyseller.es,,,,1,281290,2134,7.5,PrestaShop,http://www.gameplaystores.es,https://www.instagram.com/gameplaystores,B29829397,,0,,"info@gameplasystores.es; soporte@gameplaystores.es"
vpiera.com,VICENÇ PIERA SL,+34 932 18 14 48,info@vpiera.com,Juguetes y juegos,tienda_online,No Amazon V1,daniela@libertyseller.es,PIERA BOTI VICENC,Apoderado,Barcelona,1,262991,1372,8.4,PrestaShop,https://vpiera.com,https://www.instagram.com/vpierabellasartes,B61367306,,2,"+34 934 14 33 30; +34 934 49 85 89; +34 934 69 67 21; +34 938 85 48 78",vpiera@vpiera.com
Reborn's World,REBORNS WORLD SOCIEDAD LIMITADA,+34 672 91 91 19,info@rebornsworld.com,Juguetes y juegos,tienda_online,No Amazon V1,daniela@libertyseller.es,MARIA JOSE RUIZ DELGADO,Administrador único,Granada,1,249762,88,6.4,Shopify,https://rebornsworld.com,https://www.instagram.com/reborn_s_world,B70803770,,1,,
Din y Don,"JUGUETES QUEVEDOS, S.L.",+34 988 25 66 03,contacto@dinydon.com,Juguetes y juegos,tienda_online,No Amazon V1,daniela@libertyseller.es,,,,1,245168,2329,9.3,PrestaShop,https://www.dinydon.com,,B32252710,,0,,
Beljemi,"Online Network For4 Commerce, S.L.",+34 672 20 35 22,info@beljemi.com,Juguetes y juegos,tienda_online,No Amazon V1,daniela@libertyseller.es,ALONSO GARCIA ISABEL MARIA,Administrador único,Cabezón de la Sal,1,242633,120,9.7,PrestaShop,https://beljemi.com,https://www.instagram.com/beljemi,B02827996,,2,,
www.minifiguresdisplay.com,,+34 932 20 38 99,help@minifiguresdisplay.com,Juguetes y juegos,tienda_online,No Amazon V1,daniela@libertyseller.es,,,Terrassa,1,236466,859,8.9,Shopify,https://www.minifiguresdisplay.com,https://instagram.com/minifiguresdisplay,,,0,,
Jugueteria Science4you,,+351211316796,info@science4you.es,Juguetes y juegos,tienda_online,No Amazon V1,daniela@libertyseller.es,,,,1,206115,34,9.7,PrestaShop,https://www.science4you.es,https://www.instagram.com/science4youes,B86222395,sociedad,0,,info@science4you.pt
El Taller del Modelista,,+34 942 08 55 08,contacto@eltallerdelmodelista.com,Juguetes y juegos,tienda_online,No Amazon V1,daniela@libertyseller.es,,,Torrelavega,1,194471,3210,8.3,PrestaShop,https://www.eltallerdelmodelista.com,https://www.instagram.com/eltallerdelmodelista,B39775010,sociedad,0,+34 965 14 51 07,
Chollo Games,,+34 915 23 23 93,pdd@chollogames.es,Juguetes y juegos,tienda_online,No Amazon V1,daniela@libertyseller.es,,,Madrid,1,182204,5753,8.3,PrestaShop,https://www.chollogames.es,https://www.instagram.com/chollogames,08941984K,,0,,
HamaBeads.es,,+34 968 64 52 72,tienda@hamabeads.es,Juguetes y juegos,tienda_online,No Amazon V1,daniela@libertyseller.es,,,,1,173241,315,8,PrestaShop,https://www.hamabeads.es,https://www.instagram.com/hamabeads.es,48430786P,,0,,
www.costurika.es,,+34 691 49 81 35,contacto@costurika.es,Juguetes y juegos,tienda_online,No Amazon V1,daniela@libertyseller.es,,,,1,171816,389,7.8,PrestaShop,https://www.costurika.es,https://www.instagram.com/costurika,J99211625,sociedad,0,,
SCALE75 - Hobbies & Games,,+34 918 70 74 71,info@scale75.com,Juguetes y juegos,tienda_online,No Amazon V1,daniela@libertyseller.es,,,,1,168251,1227,8,Shopify,https://scale75.com,https://instagram.com/scale75,B88267323,sociedad,0,,
VSPORT Tenis de Mesa,,+34 678 95 15 46,info@vsport.es,Juguetes y juegos,tienda_online,No Amazon V1,daniela@libertyseller.es,,,Granada,1,164290,1322,9.4,PrestaShop,https://vsport-tt.com,https://www.instagram.com/vsport_tt,B18939116,sociedad,0,+34 958 29 35 30,"vsport@vsport.es; pedidos@vsport.es"
puppetshops.com,,+34 660 11 23 84,titeres@latiendita.es,Juguetes y juegos,tienda_online,No Amazon V1,daniela@libertyseller.es,,,Hervás,1,158779,80,5.9,PrestaShop,https://puppetshops.com,https://www.instagram.com/titereslatiendita/,80227863E,,0,"+34 927 02 45 29; +34 637 22 19 28; +34 927 48 42 23",titeres@www.latiendita.es.es
Agustí Mestre,Sequra Worldwide S.A.,+34 629 17 12 10,info@agustimestre.com,Juguetes y juegos,tienda_online,No Amazon V1,daniela@libertyseller.es,SETH DAVID KRISTOFFER BACKSTROM,Presidente / consejero delegado,Lleida,1,157455,6025,8,PrestaShop,https://www.agustimestre.com,https://www.instagram.com/agusti_mestre,A25043761,,38,"+34 973 20 10 00; +34 913 27 70 20","web@agustimestre.com; clientes@sequra.es"
Jeco Bellas Artes,"BELLAS ARTES JECO, SL",+34 913 19 72 84,pedidos@bellasartesjeco.com,Juguetes y juegos,tienda_online,No Amazon V1,daniela@libertyseller.es,BARRIOPEDRO GONZALEZ ROSA MARIA,Presidente / consejero delegado,Madrid,1,153585,200,2.8,PrestaShop,https://www.bellasartesjeco.com,https://www.instagram.com/jeco.bellasartes,B81700353,,9,"+34 913 19 96 90; +34 917 72 99 43; +34 667 75 42 83",pedidos@bellasartesjeco.com
Arcade Express,,+34 621 32 84 37,info@arcadexpress.com,Juguetes y juegos,tienda_online,No Amazon V1,daniela@libertyseller.es,,,Granada,1,152329,177,8.3,PrestaShop,http://www.arcadexpress.com,https://www.instagram.com/arcadexpress,B19700293,,0,,
Ratucos España,Ratucos 2012 S.L.,+34 644 46 30 35,info@ratucos.com,Juguetes y juegos,tienda_online,No Amazon V1,daniela@libertyseller.es,BENEDIT SALAS JAVIER,Administrador solidario,O Porriño,1,148130,2011,9.7,PrestaShop,https://ratucos.com,https://www.instagram.com/ratucos,,,2,"+34 986 33 42 44; +34 644 11 79 69",admin@ratucos.com
Mi Juego Bonito,,+34 682 05 68 71,info@mijuegobonito.com,Juguetes y juegos,tienda_online,No Amazon V1,daniela@libertyseller.es,,,Pedrezuela,1,144521,1617,5.5,Shopify,https://www.mijuegobonito.com,https://www.instagram.com/mijuegobonito,53401889Y,,0,,
SIO,CERAMICA COLLET S.A.,+34 937 77 23 44,info@sio-2.com,Juguetes y juegos,tienda_online,No Amazon V1,daniela@libertyseller.es,ROSELL FELIU LAURA,Presidente / consejero delegado,,1,135558,1102,9.7,PrestaShop,https://www.sio-2.com,https://www.instagram.com/sio2.clay,A08606667,,8,+34 619 21 74 19,"barcelona.store@sio-2.com; esparreguera.store@sio-2.com; store@sio-2.com"
Juguetes Tió Sam,Legal IDENTIFICACIÓN DE SAM DISTRIBUIDORA DE JUGUETES S.L.,+34 934 90 84 43,info@juguetestiosam.com,Juguetes y juegos,tienda_online,No Amazon V1,daniela@libertyseller.es,,,Barcelona,1,133419,12544,9.7,PrestaShop,https://juguetestiosam.com,https://www.instagram.com/juguetestiosam,B62203187,,0,,rrhh@juguetestiosam.com
RS Barcelona,RS BARCELONA S.L.,+34 690 33 61 49,info@rsbarcelona.com,Juguetes y juegos,tienda_online,No Amazon V1,daniela@libertyseller.es,RODRIGUEZ SEVILLANO SERGIO,Repr.143 Rrm,Olesa de Montserrat,1,124966,107,4.6,Shopify,https://rsbarcelona.com,https://www.instagram.com/rsbarcelona,B62270954,,1,+34 936 58 95 03,"shop@rsbarcelona.com; customercare@rsbarcelona.com; export@rsbarcelona.com; sales@rsbarcelona.com"
Sorpresas Divertidas Shop,"Sorpresas Divertidas, S.L.U.",+34 681 35 11 49,shop@sorpresasdivertidas.com,Juguetes y juegos,tienda_online,No Amazon V1,daniela@libertyseller.es,LLINAS MIRAS NURIA,Administrador único,Santa Coloma de Queralt,1,123540,83,9.7,Shopify,https://sorpresasdivertidas.com,https://www.instagram.com/sdofficialshop/,B55758437,,1,,
Leprechaun,,+34 679 32 24 53,bravomurillo@leprechaun.es,Juguetes y juegos,tienda_online,No Amazon V1,daniela@libertyseller.es,,,,1,120383,1782,7.5,PrestaShop,https://www.leprechaun.es,,B16678823,sociedad,0,"+34 679 59 21 08; +34 828 91 81 62; +34 928 36 24 85",
Afede,,+34 943 27 04 40,afedejuguetes@gmail.com,Juguetes y juegos,tienda_online,No Amazon V1,daniela@libertyseller.es,,,Donostia-San Sebastian,1,118040,331,9.7,PrestaShop,https://afede.com,https://www.instagram.com/afede_jugueterias,B20211637,sociedad,0,,
Bandua Wargames,,+34 982 27 98 92,info@banduawargames.com,Juguetes y juegos,tienda_online,No Amazon V1,daniela@libertyseller.es,,,,1,112824,11896,7.9,PrestaShop,https://banduawargames.com,https://instagram.com/banduaw,B27425792,sociedad,0,,
DesignPlace,,+34 931 56 15 39,info@designplace.es,Juguetes y juegos,tienda_online,No Amazon V1,daniela@libertyseller.es,,,Barcelona,1,109655,1279,2.9,Shopify,https://designplace.es,https://instagram.com/designplace.es,,,0,,
rcprogranada.com,COCHES RADIOCONTROL Maverick RC QByte SC,+34 685 98 88 54,info@rcprogranada.com,Juguetes y juegos,tienda_online,No Amazon V1,daniela@libertyseller.es,,,,1,108863,360,5.9,PrestaShop,https://rcprogranada.com,https://www.instagram.com/rcproracing,B19530765,,0,,
La Escotilla,Escotilla Distribuciones S.L.U.,+34 635 38 72 70,Laescotillajuegos@laescotillajuegos.com,Juguetes y juegos,tienda_online,No Amazon V1,daniela@libertyseller.es,FULGENCIO TORRALBA TEBAN,Administrador único,Murcia,1,105807,10798,6.5,Shopify,https://laescotillajuegos.com,https://www.instagram.com/laescotillamurcia,B24787947,,1,,"info@laescotillajuegos.com; tienda@laescotillajuegos.com"
SUNNY COLLECTIBLES S.L,SUNNY COLLECTIBLES S.L.,+34 644 03 73 08,contacto@sunnystore.es,Juguetes y juegos,tienda_online,No Amazon V1,daniela@libertyseller.es,GONZALEZ VILLANUEVA ALFREDO,Administrador solidario,Burgos,1,103997,2516,3.1,Shopify,https://sunnystore.es,https://www.instagram.com/sunny.store.es,B22628812,,2,,
Jaima Alkauzar,Abrahan Roman Morlans con,+34 622 10 38 10,tienda@jaimaalkauzar.es,Juguetes y juegos,tienda_online,No Amazon V1,daniela@libertyseller.es,,,Albolote,1,101168,3939,9.7,PrestaShop,http://jaimaalkauzar.es,https://www.instagram.com/jaimaalkauzar,74733981N,,0,,
BISBAL CERAM,MAYCO Mayco ESMALTES TRANSPARENTES SC,+34 605 04 46 12,bisbalceram@gmail.com,Juguetes y juegos,tienda_online,No Amazon V1,daniela@libertyseller.es,,,Corçà,1,92341,155,6.6,PrestaShop,https://bisbalceram.com,https://www.instagram.com/bisbalceram,G55082861,,0,+34 972 63 07 87,info@bisbalceram.com
Colecciones exclusivas,DECUEVAS TOYS VENTURES SL,+34 966 90 20 27,info@decuevastoys.com,Juguetes y juegos,tienda_online,No Amazon V1,daniela@libertyseller.es,MOTA MADERO IRENE BEATRIZ,Administrador único,,1,90757,7,6.6,PrestaShop,https://www.decuevastoys.com,https://www.instagram.com/decuevastoys,B42698670,,1,+34 965 55 07 39,decuevastoys@decuevastoys.com
tiraymueve.es,MARTA GUERRA DIEGO,+34 611 12 17 10,hola@tiraymueve.es,Juguetes y juegos,tienda_online,No Amazon V1,daniela@libertyseller.es,,,,1,89286,585,3.2,PrestaShop,https://tiraymueve.es,https://www.instagram.com/tira.y.mueve,11966336B,,0,,info@tiraymueve.es
Appétit Ceramics,,+34 646 81 02 56,info@appetitceramics.com,Juguetes y juegos,tienda_online,No Amazon V1,daniela@libertyseller.es,,,Madrid,1,88267,86,4.7,Shopify,https://appetitceramics.com,https://www.instagram.com/appetit_ceramics,,,0,,
www.chafaris.es,,+34 981 06 94 22,hola@chafaris.es,Juguetes y juegos,tienda_online,No Amazon V1,daniela@libertyseller.es,,,Santiago de Compostela,1,87249,566,8.3,PrestaShop,https://www.chafaris.es,https://www.instagram.com/chafariscompostela,33996123F,,0,,"info@chafaris.es; info.chafaris@gmail.com"
www.janetjul.com,Andrés Pérez (de ahora en adelante Jan et Jul,+34 930 13 22 39,info@janetjul.com,Juguetes y juegos,tienda_online,No Amazon V1,daniela@libertyseller.es,,,Mataró,1,82949,442,9.7,PrestaShop,https://www.janetjul.com,https://www.instagram.com/jan_et_jul,40986443Y,,0,,
Jugueterías Lifer,"AIXA CORPORE, S.L.",+34 922 25 23 43,info@lifer.es,Juguetes y juegos,tienda_online,No Amazon V1,daniela@libertyseller.es,,,San Cristóbal de La Laguna,1,82496,1299,7.1,PrestaShop,http://www.lifer.es,,B38047346,,0,+34 922 27 68 02,
TodoHits,,+34 614 26 22 36,soporte@todohits.com,Juguetes y juegos,tienda_online,No Amazon V1,daniela@libertyseller.es,,,Villanueva del Río Segura,1,81477,927,1.2,Shopify,https://todohits.com,,77722427E,autonomo,0,,
Cuarto de Juegos,Sierra Leona SLL,+34 662 66 60 89,info@cuartodejuegos.es,Juguetes y juegos,tienda_online,No Amazon V1,daniela@libertyseller.es,,,Madrid,1,78671,4060,9.7,Shopify,https://www.cuartodejuegos.es,https://www.instagram.com/cuarto_de_juegos,,,0,+34 914 35 00 99,"cuartodejuegos@gmail.com; cuartodejuegos@cuartodejuegos.es"
Poly Juguetes,TEAL RETAIL SPAIN SL,+34 900 49 43 71,informacionweb@polyjuguetes.es,Juguetes y juegos,tienda_online,No Amazon V1,daniela@libertyseller.es,GRANT GARY PETER,Administrador mancomunado,Madrid,1,78173,4989,9.7,Shopify,https://jugueteriapoly.es,,B88171202,,11,+34 916 60 00 15,
Kadoplay,KADOPLAY SL,+34 635 39 30 16,info@kadoplay.com,Juguetes y juegos,tienda_online,No Amazon V1,daniela@libertyseller.es,FUNG CHANG RAUL JOSE,Administrador único,Madrid,1,77675,315,2.2,Shopify,https://kadoplay.com,https://www.instagram.com/kadoplay_es,B19720424,,1,"+34 958 21 62 74; +34 958 51 62 74; +34 983 11 32 81; +34 624 12 51 37",
Los Mundos de Rubik,,+34 650 52 08 82,info@alcalink.com,Juguetes y juegos,tienda_online,No Amazon V1,daniela@libertyseller.es,,,,1,77290,553,8.3,PrestaShop,https://www.losmundosderubik.es,https://www.instagram.com/los.mundos.de.rubik,,,0,+3420650520882,losmundosderubik@gmail.com
www.delriosalado.eu,Cerámica Del Río Salado S.L.,+34 957 68 49 03,ceramica@delriosalado.com,Juguetes y juegos,tienda_online,No Amazon V1,daniela@libertyseller.es,,,,1,75559,46,8.3,PrestaShop,https://www.delriosalado.eu,,B14736375,sociedad,0,,quinohp@hotmail.com
Tienda RC,,+34 600 54 20 44,info@tiendarc.es,Juguetes y juegos,tienda_online,No Amazon V1,daniela@libertyseller.es,,,,1,75027,1988,7.5,PrestaShop,https://www.tiendarc.es,,09415808E,,0,,clelavin@hotmail.com
Active Puzzles,ACTIVE TRADE S.L.,+34 644 24 41 88,info@activepuzzles.com,Juguetes y juegos,tienda_online,No Amazon V1,daniela@libertyseller.es,EKIMOVA MARINA,Administrador único,,1,74122,76,5.4,Shopify,https://activepuzzles.com,https://www.instagram.com/activepuzzles.official,,,2,,
Coolkid,Información Coolkid SL,+34 687 19 87 78,info@coolkid.es,Juguetes y juegos,tienda_online,No Amazon V1,daniela@libertyseller.es,,,,1,71825,5471,7.5,PrestaShop,http://coolkid.es,,B55400261,,0,,tienda@coolkid.es
www.lalanalu.com,,+34 693 81 31 79,hola@lalanalu.com,Juguetes y juegos,tienda_online,No Amazon V1,daniela@libertyseller.es,,,Barcelona,1,70206,1178,9,PrestaShop,https://www.lalanalu.com,https://www.instagram.com/lalanalu,J66472770,sociedad,0,"+34 931 64 65 59; +34 693 81 31 76",
www.lacasadelastelas.es,Sara Arteaga Gómez,+34 633 05 24 86,info@lacasadelastelas.es,Juguetes y juegos,tienda_online,No Amazon V1,daniela@libertyseller.es,,,,1,67592,310,7.7,PrestaShop,https://www.lacasadelastelas.es,,04196329W,,0,,
La Oficial Cerámica,,+34 912 53 22 66,laoficialceramica@gmail.com,Juguetes y juegos,tienda_online,No Amazon V1,daniela@libertyseller.es,,,Madrid,1,66223,333,6.9,Shopify,https://laoficialceramica.com,https://www.instagram.com/laoficialceramica,71555886B,,0,+34 918 58 87 36,
Stampsworkshop,,+34 614 33 66 73,info@stampsworkshop.com,Juguetes y juegos,tienda_online,No Amazon V1,daniela@libertyseller.es,,,Torrox,1,64356,28,4,Shopify,https://stampsworkshop.com,https://www.instagram.com/stampsworkshop,,,0,,"sales@stampsworkshop.com; ventas@stampsworkshop.com; rucciones.stampsworkshop.sales@gmail.com; stampsworkshop.sales@gmail.com"
"Belles Arts Ferran, S.L.","Belles Arts Ferran, S.L.",+34 933 02 38 98,info@bellesartsferran.com,Juguetes y juegos,tienda_online,No Amazon V1,daniela@libertyseller.es,MOJ GALVEZ ENRIC,Administrador único,Barcelona,1,62862,5085,7.9,PrestaShop,https://bellesartsferran.com,,B61162582,,1,,tienda@bellesartsferran.com
Juguetes Mabel,"PELUCHES MULTIPRECIOS, S.L.",+34 622 88 22 20,info@juguetesmabel.com,Juguetes y juegos,tienda_online,No Amazon V1,daniela@libertyseller.es,JURADO JIMENEZ MIGUEL ANGEL,Administrador único,,1,61244,1825,8.3,PrestaShop,https://www.juguetesmabel.com,https://www.instagram.com/juguetesmabel,B29857349,,3,+34 952 35 76 44,
The Brown Box,Sequra Worldwide S.A.,+34 667 50 68 05,info@thebrownbox.es,Juguetes y juegos,tienda_online,No Amazon V1,daniela@libertyseller.es,SETH DAVID KRISTOFFER BACKSTROM,Presidente / consejero delegado,Terrassa,1,59999,113,8.3,PrestaShop,https://www.thebrownbox.es,https://www.instagram.com/thebrownbox.es,B09835638,,38,,clientes@sequra.es
www.jugueteriatristras.es,JUGUETERÍA TRIS TRAS,+34 644 71 04 66,info@jugueteriatristras.es,Juguetes y juegos,tienda_online,No Amazon V1,daniela@libertyseller.es,,,,1,58800,1324,9.2,PrestaShop,https://www.jugueteriatristras.es,https://www.instagram.com/jugueteriatristras,38435753Q,,0,,admin@jugueteriatristras.es
Esprit Dog,FCP ACADEMY S.L.,+34 678 15 67 59,contact@espritdog.com,Mascotas,tienda_online,No Amazon V1,daniela@libertyseller.es,LAURENT JESSICA EMILIA RAYMONDE ANDREE,Administrador solidario,,1,812092,343,7.5,PrestaShop,https://www.espritdog.com,https://www.instagram.com/esprit.dog,B40652794,,4,,
candyPet®,,+34 641 34 83 84,info@candypet.es,Mascotas,tienda_online,No Amazon V1,daniela@libertyseller.es,,,Seville,1,472433,116,9.7,Shopify,https://candypet.es,https://www.instagram.com/candypet.official,B56555147,sociedad,0,,
Lobo Azul,,+34 665 02 10 70,info@yourstore.com,Mascotas,tienda_online,No Amazon V1,daniela@libertyseller.es,,,Betanzos,1,302281,62,9.6,Shopify,https://piensosloboazul.com,https://www.instagram.com/piensos_loboazul,,,0,+34 981 07 20 38,
Dukier,,+34 651 69 59 45,comercial@dukier.com,Mascotas,tienda_online,No Amazon V1,daniela@libertyseller.es,,,Madrid,1,290874,547,8.3,Shopify,https://www.dukier.com,https://www.instagram.com/wearedukier,B87783502,sociedad,0,+34 919 01 11 01,info@dukier.com
www.piensosraposo.es,Almacenes Piensos Raposo S.L.,+34 916 51 74 53,info@piensosraposo.es,Mascotas,tienda_online,No Amazon V1,daniela@libertyseller.es,,,Alcobendas,1,234870,685,7.5,PrestaShop,https://www.piensosraposo.es,,B80818172,,0,+34 902 12 23 33,piensosraposo@gmail.com
Ortocanis,Ortocanis S.L.U.,+34 930 21 93 23,info@ortocanis.com,Mascotas,tienda_online,No Amazon V1,daniela@libertyseller.es,FERNANDEZ GOMEZ ANTONIO,Administrador único,,1,225760,141,9.7,PrestaShop,https://www.ortocanis.com,https://www.instagram.com/ortocanis,B66754722,,1,,
Perrogato,B04876140 Manuel Rodriguez Vazquez S.L.U.,+34 639 76 04 99,ventas@perrogato.net,Mascotas,tienda_online,No Amazon V1,daniela@libertyseller.es,,,,1,212373,10601,9,PrestaShop,https://www.perrogato.net,https://instagram.com/perrogato_net,B04876140,,0,,
Arquivet,,+34 938 40 20 66,contact@arquivet.com,Mascotas,tienda_online,No Amazon V1,daniela@libertyseller.es,,,Corró d'Avall,1,180167,919,9.7,Shopify,https://arquivet.com,https://www.instagram.com/arquivet_official,P08600049,sociedad,0,+34 681 81 92 71,"info@arquivet.com; info@arquivet.co"
FELIWAY®,,+34 932 92 06 60,privacycompliance@ceva.com,Mascotas,tienda_online,No Amazon V1,daniela@libertyseller.es,,,Barcelona,1,170186,29,3.5,Shopify,https://www.feliway.es,https://www.instagram.com/feliway_es,A08989451,sociedad,0,,
Rovinfood,,+34 679 72 37 07,hola@rovinfood.com,Mascotas,tienda_online,No Amazon V1,daniela@libertyseller.es,,,,1,168353,38,7.8,Shopify,https://rovinfood.com,https://www.instagram.com/rovinfood_,P17000004,sociedad,0,+34 689 08 08 74,"info@rovinfood.com; clientes@rovinfood.com"
PezVerde,,+34 910 12 51 10,info@pezverde.es,Mascotas,tienda_online,No Amazon V1,daniela@libertyseller.es,,,,1,164075,490,8.3,PrestaShop,https://pezverde.es,https://www.instagram.com/pezverde.es,B87615092,sociedad,0,,
Puromenu,,+34 911 41 20 45,info@puromenu.es,Mascotas,tienda_online,No Amazon V1,daniela@libertyseller.es,,,Cabanillas del Campo,1,155842,104,10.5,Shopify,https://puromenu.es,https://instagram.com/puromenu,B19305382,sociedad,0,+34 902 10 24 48,
Natuka,PERRONATURA S.L.,+34 910 46 61 47,info@natukabarf.com,Mascotas,tienda_online,No Amazon V1,daniela@libertyseller.es,ROSELL MUÑOZ JOSE ANGEL,Presidente / consejero delegado,Torrejón de Ardoz,1,147882,39,9.3,Shopify,https://natukabarf.com,https://www.instagram.com/natukabarf,B87792156,,6,,
Agroanimal,,+34 634 40 40 44,info@agroanimal.es,Mascotas,tienda_online,No Amazon V1,daniela@libertyseller.es,,,,1,142280,279,6.9,PrestaShop,https://www.agroanimal.es,https://www.instagram.com/agro_animal,B73812034,sociedad,0,"+34 634 43 04 70; +3634404044",tienda@agroanimal.es
Madagascar Mascotas,"MADAGASCAR MASCOTAS, S.L.",+34 673 52 49 01,info@madagascarmascotas.com,Mascotas,tienda_online,No Amazon V1,daniela@libertyseller.es,ESCLAPEZ SAEZ ALVARO,Administrador único,Alicante,1,129549,2166,4,Shopify,https://www.madagascarmascotas.com,https://www.instagram.com/madagascarmascotas,B53807491,,3,"+34 965 26 87 25; +34 963 86 60 00",web@madagascarmascotas.com
Farma higiene,FARMA HIGIENE S.L.,+34 637 72 41 77,farmahigiene@farmahigiene.es,Mascotas,tienda_online,No Amazon V1,daniela@libertyseller.es,DAVID ESPARZA SANCHEZ,Administrador único,Fuente Álamo de Murcia,1,114068,781,6.9,PrestaShop,https://farmahigiene.es,https://www.instagram.com/farmahigiene,B30706451,,2,+34 968 59 76 78,
Artroposfera,"Artroposfera la Selva en Casa, S.L.",+34 659 30 31 43,info@artroposfera.es,Mascotas,tienda_online,No Amazon V1,daniela@libertyseller.es,FRANCISCO TORRES GOMEZ HIDALGO,Administrador único,,1,111352,702,8.3,PrestaShop,https://artroposfera.es,https://www.instagram.com/artroposfera,,,1,+34 925 05 94 87,
MyPug&Co,,+34 611 55 07 18,guau@mypugandco.com,Mascotas,tienda_online,No Amazon V1,daniela@libertyseller.es,,,Barcelona,1,102639,225,6.1,Shopify,https://mypugandco.com,https://www.instagram.com/mypugandco,B09770538,sociedad,0,,
NaturalWil,"COOKIESWIL, S.L.",+34 686 61 44 44,info@naturalwil.com,Mascotas,tienda_online,No Amazon V1,daniela@libertyseller.es,CARRASCO GUTIERREZ ROSA ANA,Administrador único,Arroyomolinos,1,100262,138,5.8,Shopify,https://naturalwil.com,https://www.instagram.com/naturalwil_comidanatural,B87519203,,1,,
Brott Barcelona,Another Design Rules SL,+34 638 13 89 08,guau@brottdog.com,Mascotas,tienda_online,No Amazon V1,daniela@libertyseller.es,VELASCO CRUZ MARC,Administrador solidario,Manresa,1,94718,584,9.7,Shopify,https://brottdog.com,https://instagram.com/brottdog,B66510397,sociedad,2,"+34 931 31 41 08; +34 938 27 45 15",
Marc Petite,Sierra Leone SLL,+34 646 23 11 22,info@marcpetite.com,Mascotas,tienda_online,No Amazon V1,daniela@libertyseller.es,,,,1,91662,232,7,Shopify,https://www.marcpetite.com,https://www.instagram.com/marcpetite,,,0,,
BARCELONADOGS,"BARCELONA DOGS ACCESSORIES, SL",+34 606 38 16 16,info@barcelonadogs.com,Mascotas,tienda_online,No Amazon V1,daniela@libertyseller.es,EIVOR MARIA KRISTINA KLEA LEVIN,Administrador único,Barcelona,1,83967,209,7.1,Shopify,https://www.klealevindesigneraccessories.com,,,,1,,"infobarcelonadogs@gmail.com; klea.levin@gmail.com"
Galasturhunde,"GALASTURHUNDE ASOCIADOS 2008, S.L.",+34 696 65 25 95,info@galasturhunde.es,Mascotas,tienda_online,No Amazon V1,daniela@libertyseller.es,MORA CAMPILLO ROCIO,Administrador único,Barcelona,1,75593,249,7.2,PrestaShop,https://www.galasturhunde.es,https://www.instagram.com/galasturhunde,B66623844,,1,,rocio@galasturhunde.es
www.cibermascotas.es,OMNIVERSA SOCIEDAD LIMITADA,+34 637 00 67 81,info@cibermascotas.es,Mascotas,tienda_online,No Amazon V1,daniela@libertyseller.es,LOPEZ FERNANDEZ MARIA CARMEN,Administrador único,,1,73669,304,9.3,PrestaShop,https://www.cibermascotas.es,https://www.instagram.com/cibermascotas,B70676309,,1,,
Breedna,BREEDNA PET FOOD S.L.,+34 948 54 62 62,info@breedna.com,Mascotas,tienda_online,No Amazon V1,daniela@libertyseller.es,BIELSA COLAS ARANZAZU,Administrador único,Villatuerta,1,73194,46,9.7,Shopify,https://breedna.com,https://www.instagram.com/breednapetfood,B71379309,,1,+34 670 42 51 06,"info@breedna.fr; infobe@breedna.com; infoci@breedna.com; infoswe@breedna.com"
LaraVital,Huellas de Lara S.L.,+34 965 76 76 76,pedidos@laravital.com,Mascotas,tienda_online,No Amazon V1,daniela@libertyseller.es,GRANDVILLE KARIN IRENE ANNEMARIE,Apoderado,,1,69833,53,9.2,PrestaShop,https://laravital.com,https://www.instagram.com/laravitales,B54538400,,1,+34 639 00 12 48,
LOBITOS&CO,ARAMAMBA SL,+34 670 11 85 58,info@lobitos.es,Mascotas,tienda_online,No Amazon V1,daniela@libertyseller.es,GONZALEZ DEL PINO ABARCA SERGIO,Administrador único,Madrid,1,66970,2091,1.8,Shopify,https://lobitosco.com,https://www.instagram.com/lobitosco,B86215746,,1,+34 912 92 15 15,pedidosweb@lobitos.es
Tres Trufas,TRES TRUFAS NATURE SL,+34 692 16 54 88,info@trestrufas.com,Mascotas,tienda_online,No Amazon V1,daniela@libertyseller.es,ARAGON ROMERO LAURA,Administrador único,Zizurkil,1,64729,1244,7.6,Shopify,https://trestrufas.com,https://instagram.com/tres_trufas,B88588892,,1,,info@trestrufas.com
Zootecnia,Suministros de Zootecnia S.L.,+34 922 62 64 83,info@zootecniasl.es,Mascotas,tienda_online,No Amazon V1,daniela@libertyseller.es,HUGO CAMPILLO PINAZO,Administrador mancomunado,,1,59614,5925,7.8,PrestaShop,https://zootecniasl.com,https://www.instagram.com/zootecniasl,B38335832,,9,+34 928 11 91 22,
TIENDA PET HOME,,+34 910 86 45 12,pedidos@pet-home.es,Mascotas,tienda_online,No Amazon V1,daniela@libertyseller.es,,,Madrid,1,58007,2424,3,Shopify,https://pet-home.es,https://www.instagram.com/pethome.es,B88438585,,0,+34 640 58 19 26,tiendas@pet-home.es
TESEM,,+34 611 66 41 08,somos@tesempets.com,Mascotas,tienda_online,No Amazon V1,daniela@libertyseller.es,,,,1,57985,375,2,Shopify,https://tesempets.com,,21694893M,autonomo,0,,
KUNKAY,Kaykun Care SL,+34 621 24 08 05,hello@kun-kay.com,Mascotas,tienda_online,No Amazon V1,daniela@libertyseller.es,SELMA VIDAL MARIA,Administrador único,Reus,1,54182,86,5.6,Shopify,https://kun-kay.com,https://www.instagram.com/kunkaycare,B13643762,,1,,hello@kun-kay.com.
www.doncanino.com,RACATOPE S.L.,+34 935 76 40 30,informacion@doncanino.com,Mascotas,tienda_online,No Amazon V1,daniela@libertyseller.es,OMEDAS MORERA RAQUEL,Administrador solidario,Barcelona,1,51602,1023,6.2,PrestaShop,http://www.doncanino.com,https://www.instagram.com/doncanino,B63505978,sociedad,2,+93576403049,infomacion@doncanino.com
Vetilea,,+34 936 09 78 55,soporte@vetilea.com,Mascotas,tienda_online,No Amazon V1,daniela@libertyseller.es,,,,1,46714,26,7.3,Shopify,https://vetilea.com,https://www.instagram.com/vetilea_official,P08604129,sociedad,0,,
Pienso a Domicilio,TELEGUADALCAN S.L.,+34 629 07 26 31,info@piensoadomicilio.es,Mascotas,tienda_online,No Amazon V1,daniela@libertyseller.es,,,Cabanillas del Campo,1,45605,2660,8.3,PrestaShop,https://www.piensoadomicilio.es,https://www.instagram.com/teleguadalcan/,B82441155,,0,+34 949 33 24 91,
Paraisomascota,Nexus Nova SL,+34 620 16 30 90,info@paraisomascota.es,Mascotas,tienda_online,No Amazon V1,daniela@libertyseller.es,,,Madrid,1,45084,1274,5.3,Shopify,https://paraisomascota.es,https://www.instagram.com/paraisomascota.es,B19872597,,0,,"administracio@nexusnova.es; administracon@nexusnova.es"
Mascotasysemillas,,+34 653 77 96 51,info@mascotasysemillas.com,Mascotas,tienda_online,No Amazon V1,daniela@libertyseller.es,,,Los Palacios y Villafranca,1,42662,1178,8.3,PrestaShop,https://www.mascotasysemillas.com,,49033909W,,0,"+34 854 72 90 88; +34 659 85 28 84",pedidos@mascotasysemillas.com
petslovers.es,,+34 633 66 75 55,web@petslovers.es,Mascotas,tienda_online,No Amazon V1,daniela@libertyseller.es,,,Terrassa,1,40750,369,7,PrestaShop,https://petslovers.es,https://www.instagram.com/pets_lovers_nutricion,B66788266,sociedad,0,,info@petslovers.es
Novecan.com,,+34 605 12 34 87,novecan@novecan.com,Mascotas,tienda_online,No Amazon V1,daniela@libertyseller.es,,,Murcia,1,40014,6,8.3,PrestaShop,https://www.novecan.com,https://www.instagram.com/novecan.mascotas,,,0,,info@novecan.com
Tienda de Mascotas Online,,+34 947 27 37 12,info@comercialveterinaria.com,Mascotas,tienda_online,No Amazon V1,daniela@libertyseller.es,,,Burgos,1,38985,1549,9.2,PrestaShop,https://www.comercialveterinaria.com,https://www.instagram.com/comercial_veterinaria,13130082A,,0,+34 983 41 89 26,
Mascotas1000,Mascotas 1000 S.L.,+34 628 19 66 64,info@mascotas1000.com,Mascotas,tienda_online,No Amazon V1,daniela@libertyseller.es,,,,1,36914,1492,5.6,Shopify,https://mascotas1000.com,,B64843006,,0,,
ARISTOPET,"PROVISION & APPAREL, SLU",+34 900 82 04 50,hola@aristopet.com,Mascotas,tienda_online,No Amazon V1,daniela@libertyseller.es,QUIPILDOR HERNAN JOSE,Administrador único,Bilbao,1,36631,3034,7.8,Shopify,https://aristopet.com,https://www.instagram.com/aristopet,B16363319,,1,+34 900 92 04 50,hello@aristopet.com
Superguau,SUPERGUAU ZGZ S.L.,+34 976 96 19 33,info@superguau.es,Mascotas,tienda_online,No Amazon V1,daniela@libertyseller.es,ESTRADA LOPEZ JORGE,Administrador solidario,,1,36439,2639,9.7,PrestaShop,https://superguau.es,https://www.instagram.com/superguauzaragoza,B56742513,,2,+34 650 41 64 85,
Voltregà,VOLTREGA TRADING SL,+34 673 52 69 71,voltrega@voltrega.com,Mascotas,tienda_online,No Amazon V1,daniela@libertyseller.es,CASALS RUAIX LLUIS,Administrador único,,1,36042,121,3.2,PrestaShop,https://es.voltrega.es,,B67555128,,3,"+34 673 52 69 71; +34 673 64 36 37",
Tienda para mascotas,MASCOTAS PET FOOD S.L.,+34 923 26 89 60,info@agromascotas.es,Mascotas,tienda_online,No Amazon V1,daniela@libertyseller.es,,,,1,35454,1449,6.6,PrestaShop,https://agromascotas.es,,B37486685,,0,,
www.candidtails.com,,+34 644 69 12 97,info@candidtails.com,Mascotas,tienda_online,No Amazon V1,daniela@libertyseller.es,,,Madrid,1,33587,9,5.4,Shopify,https://www.candidtails.com,https://www.instagram.com/candidtails,B04934261,sociedad,0,+32478179142,"partners@candidtails.com; candidtails1@gmail.com"
Criapajaros,"IBERICA DE ORNITOLOGIA, S.L.",+34 686 80 02 00,info@ibericadeornitologia.com,Mascotas,tienda_online,No Amazon V1,daniela@libertyseller.es,ALARCON FERNANDEZ GERARDO,Administrador solidario,Humilladero,1,31527,641,3.5,Shopify,https://criapajaros.com,https://www.instagram.com/ibericadeornitologia/,B93200525,,2,+34 686 80 02 00,nfo@ibericadeornitologia.com
Coralfish,,+34 676 83 53 49,info@coralfish.es,Mascotas,tienda_online,No Amazon V1,daniela@libertyseller.es,,,,1,31233,557,1.7,PrestaShop,https://www.coralfish.es,https://www.instagram.com/coralfishacuariofilia,05675020T,,0,,
LosPeces.es,,+34 676 72 54 57,info@lospeces.es,Mascotas,tienda_online,No Amazon V1,daniela@libertyseller.es,,,A Coruña,1,31063,1529,5.5,Shopify,https://lospeces.es,https://www.instagram.com/lospeces.es,32769876M,,0,,
Badis Aquariums,RAQUEL DURAN ARTESERO,+34 652 99 71 37,info@badis.es,Mascotas,tienda_online,No Amazon V1,daniela@libertyseller.es,,,,2,29875,1483,9.7,PrestaShop,https://badis.es,https://www.instagram.com/badisaquariums,39901598W,,0,+34 977 77 42 23,badisreus@gmail.com
Eurovet Veterinaria S.L.,Eurovet Veterinaria S.L.,+34 918 84 13 74,eurovet@euroveterinaria.com,Mascotas,tienda_online,No Amazon V1,daniela@libertyseller.es,,,Daganzo de Arriba,2,29196,608,6.7,PrestaShop,http://www.euroveterinaria.com,,B82681099,,0,+34 918 87 54 65,
Supermascota,"SUPERMASCOTA SEVILLA, SL",+34 665 65 86 75,info@supermascota.es,Mascotas,tienda_online,No Amazon V1,daniela@libertyseller.es,MARTINEZ PARRILLA DAVID,Administrador solidario,Seville,2,29026,1820,9.7,Shopify,https://supermascota.es,https://www.instagram.com/tiendasupermascota,B91656660,,2,"+34 954 25 45 02; +34 954 96 60 91",
lovapets.es,,+34 890 10 15 46,hola@lovapets.es,Mascotas,tienda_online,No Amazon V1,daniela@libertyseller.es,,,L'Alfàs del Pi,2,27838,16,4,Shopify,https://lovapets.es,https://www.instagram.com/lovapets.es,,,0,,yellow@hello.com
Animal,Burgos Molinero S.L.,+34 663 95 63 14,info@animal-home.es,Mascotas,tienda_online,No Amazon V1,daniela@libertyseller.es,,,,2,26028,227,3.8,PrestaShop,https://animal-home.es,https://www.instagram.com/tienda_animal_home,B13229232,,0,+34 926 21 48 83,
BDEBRUNO,B de Bruno Dog Goods SL,+34 614 20 22 92,support@bdebruno.es,Mascotas,tienda_online,No Amazon V1,daniela@libertyseller.es,APARICIO RIPOLLES TERESA,Administrador único,Seville,2,25349,298,4.4,Shopify,https://bdebruno.com,https://www.instagram.com/bdebruno_es,B56836240,,1,+34 913 14 84 49,wholesale@bdebruno.es
Submersa,"SUBMERSA, SC",+34 600 39 58 18,info@submersa.es,Mascotas,tienda_online,No Amazon V1,daniela@libertyseller.es,,,Zaragoza,2,24986,588,9.4,Shopify,https://submersa.es,https://www.instagram.com/submersa.es,J99504615,,0,,
FuzzYard Europe,INTERLYNX DISTRIBUCIÓN S.L.,+34 915 43 45 47,info@fuzzyard.es,Mascotas,tienda_online,No Amazon V1,daniela@libertyseller.es,JULIA HERNANDEZ ALEIX,Administrador único,Terrassa,2,24262,706,6.7,Shopify,https://fuzzyard.es,https://www.instagram.com/fuzzyard_europe,B66536798,sociedad,1,,hola@fuzzyard.es
Cienpets,,+34 623 94 65 04,info@cienpets.com,Mascotas,tienda_online,No Amazon V1,daniela@libertyseller.es,,,Santiago de Compostela,2,23900,1056,1.8,Shopify,https://www.cienpets.com,https://www.instagram.com/cienpets,44094082T,,0,,
PawPaw,,+34 687 51 21 76,ceo@pawpaw.store,Mascotas,tienda_online,No Amazon V1,daniela@libertyseller.es,,,L'Ampolla,2,23176,156,7.1,Shopify,https://pawpaw.store,https://instagram.com/pawpaw.eu,B56718299,sociedad,0,,
Cocosi,CASA CUATRO PATAS S.L.,+34 640 62 50 62,hello@casacuatropatas.com,Mascotas,tienda_online,No Amazon V1,daniela@libertyseller.es,,,Lorca,2,22270,44,1.2,Shopify,https://cocosipets.shop,https://www.instagram.com/cocosi.pets,B72816796,,0,,admin@casacuatropatas.com
Flippo,Furtastic S.L.U.,+34 611 08 99 33,help@flippo.es,Mascotas,tienda_online,No Amazon V1,daniela@libertyseller.es,MORALES RODENAS FERNANDO,Administrador único,Barcelona,2,21501,30,2.4,Shopify,https://flippo.es,https://www.instagram.com/flippo.es,B10945707,,4,,hola@flippo.es
JM distribuciones,"JM DISTRIBUCIONES, C.B.",+34 986 63 92 81,pedidos@jmdistribuciones.es,Mascotas,tienda_online,No Amazon V1,daniela@libertyseller.es,,,,2,20369,592,5.4,PrestaShop,https://jmdistribuciones.es,,E36567808,,0,,
LucyLu Design®,,+34 681 97 86 55,lucyludesign.shop@gmail.com,Mascotas,tienda_online,No Amazon V1,daniela@libertyseller.es,,,,2,20143,281,1.1,Shopify,https://www.lucyludesign.de,https://instagram.com/lucylu.design,,,0,,lucyludesign.shop@gmail.com
Ibérica de Ornitología,"IBERICA DE ORNITOLOGIA, S.L.",+34 952 73 76 29,info@ibericadeornitologia.com,Mascotas,tienda_online,No Amazon V1,daniela@libertyseller.es,ALARCON FERNANDEZ GERARDO,Administrador solidario,,2,18106,573,9.7,PrestaShop,http://ibericadeornitologia.com,https://www.instagram.com/ibericadeornitologia,B93200525,,2,,
Hambre Canina,,+34 927 23 98 16,hola@hambrecanina.es,Mascotas,tienda_online,No Amazon V1,daniela@libertyseller.es,,,Cáceres‎,2,17653,94,5.6,PrestaShop,https://www.hambrecanina.es,https://www.instagram.com/hambrecanina,07011743D,,0,,hambrecanina@gmail.com
Chef Miau,,+34 711 21 58 34,info@chefmiau.com,Mascotas,tienda_online,No Amazon V1,daniela@libertyseller.es,,,Madrid,2,16974,5,1.5,Shopify,https://chefmiau.com,https://www.instagram.com/chefmiau_,B22698328,sociedad,0,,
Cuddly,CUDDLY SUPPLIES SL,+34 613 02 57 05,info@cuddlymascotas.com,Mascotas,tienda_online,No Amazon V1,daniela@libertyseller.es,LOPEZ SANCHEZ JUAN,Administrador mancomunado,Vigo,2,16748,735,2,Shopify,https://cuddlymascotas.com,https://instagram.com/cuddlymascotas,B56356694,,2,,
Acuarionatur,Sequra Worldwide S.A.,+34 661 93 06 18,info@acuarionatur.es,Mascotas,tienda_online,No Amazon V1,daniela@libertyseller.es,SETH DAVID KRISTOFFER BACKSTROM,Presidente / consejero delegado,,2,16069,196,6.3,PrestaShop,http://acuarionatur.es,https://www.instagram.com/acuarionatur_acuarionatur,71285857W,,38,,"clientes@sequra.es; danielprietoavellon@hotmail.com"
Discusmardelrey,Jesús Martínez Valverde,+34 625 38 58 87,info@discusmardelrey.com,Mascotas,tienda_online,No Amazon V1,daniela@libertyseller.es,,,Alicante,2,15164,1629,9.7,PrestaShop,https://www.discusmardelrey.com,,53233972N,,0,+34 625 38 58 87,
Mis Mascotas Ronda,,+34 952 91 41 49,info@mismascotasronda.es,Mascotas,tienda_online,No Amazon V1,daniela@libertyseller.es,,,,2,13353,687,7.5,PrestaShop,https://www.mismascotasronda.es,https://www.instagram.com/mismascotasronda,25591093M,,0,+34 607 63 07 45,
Retorn,Sierra Leona SLL,+34 617 79 85 37,info@retorn.com,Mascotas,tienda_online,No Amazon V1,daniela@libertyseller.es,,,,2,12901,87,7.8,Shopify,https://retorn.com,https://www.instagram.com/retorn_oficial,B08795759,,0,+34 938 46 77 13,"nfo@retorn.com; dpd@grupqualia.com"
Redkoi,,+34 630 16 00 65,info@redkoi.es,Mascotas,tienda_online,No Amazon V1,daniela@libertyseller.es,,,,2,12901,176,9.7,PrestaShop,https://www.redkoi.es,https://www.instagram.com/redkoi.es,,,0,,
HousePet,,+34 946 62 14 14,info@housepet.es,Mascotas,tienda_online,No Amazon V1,daniela@libertyseller.es,,,Barakaldo,2,12222,733,5.4,PrestaShop,https://www.housepet.es,,,,0,,
Piensos Silvestre,,+34 965 33 06 20,info@piensossilvestre.es,Mascotas,tienda_online,No Amazon V1,daniela@libertyseller.es,,,Alcoi,2,11769,2151,8.3,PrestaShop,https://www.piensossilvestre.es,,21634501B,,0,+34 961 92 80 00,
Island Dogs Mallorca,,+34 622 93 13 19,kontakt@islanddogs-mallorca.com,Mascotas,tienda_online,No Amazon V1,daniela@libertyseller.es,,,Son Sardina,2,11090,502,6.7,Shopify,https://www.islanddogs-mallorca.com,https://www.instagram.com/islanddogs_mallorca,,,0,,kontakt@islanddogs-mallorca.de
Tienda de Mascotas,,+34 626 72 65 30,info@piximascotas.com,Mascotas,tienda_online,No Amazon V1,daniela@libertyseller.es,,,,2,10864,445,4.1,PrestaShop,https://piximascotas.es,https://www.instagram.com/pixi.mascotas,B05526165,sociedad,0,+34 968 18 68 14,info@piximascotas.es
ohama’S,,+34 689 95 10 66,ohamascontact@gmail.com,Mascotas,tienda_online,No Amazon V1,daniela@libertyseller.es,,,,2,10637,96,2.2,Shopify,https://ohamas.com,https://www.instagram.com/ohamas_,,,0,,rodriguez2006perez@icloud.com
CrazyAnimal,,+34 914 21 49 10,info@crazyanimal.es,Mascotas,tienda_online,No Amazon V1,daniela@libertyseller.es,,,,2,10637,365,1.7,PrestaShop,https://crazyanimal.es,https://www.instagram.com/crazyanimalpetfood,05285806S,,0,,pedidos@crazyanimal.es
Natura Diet,,+34 930 18 78 29,info@dingonatura.com,Mascotas,tienda_online,No Amazon V1,daniela@libertyseller.es,,,Montcada i Reixac,2,10185,57,2,Shopify,https://shop.naturadiet.com,https://www.instagram.com/natura.diet,B62546791,sociedad,0,,info@naturadiet.com
Pienseo,,+34 656 44 97 60,info@pienseo.es,Mascotas,tienda_online,No Amazon V1,daniela@libertyseller.es,,,,2,9732,147,2.7,PrestaShop,https://pienseo.es,https://www.instagram.com/pienseo_es,B72741440,sociedad,0,,
CoralMastery,CORAL MASTERY S.L.,+34 614 45 55 74,info@coralmastery.com,Mascotas,tienda_online,No Amazon V1,daniela@libertyseller.es,MANUEL GUERRERO GARCIA,Administrador único,Cenes de la Vega,2,9053,508,1.6,Shopify,https://coralmastery.com,https://www.instagram.com/coralmastery,B21628383,,1,,
Piensos y Perros,Pedro Luis Redondo Carrilero ( en adelante,+34 967 54 86 61,contacto@perrosypiensos.com,Mascotas,tienda_online,No Amazon V1,daniela@libertyseller.es,,,Albacete,2,9053,112,7.7,PrestaShop,https://piensosyperros.com,https://www.instagram.com/piensosyperros,,,0,+34 666 35 62 21,contacto@piensosyperros.com
EL PERRO VELOZ,COMERCIAL TELMAFRIC SLU,+34 828 06 06 19,info@elperroveloz.es,Mascotas,tienda_online,No Amazon V1,daniela@libertyseller.es,FALCON NUEZ JUAN ANTONIO,Administrador único,,2,8691,279,7.5,PrestaShop,https://elperroveloz.es,https://instagram.com/elperroveloz,B02736411,,1,+34 670 34 48 22,admin@elperroveloz.es
animaliaweb.es,,+34 962 20 13 88,info@animaliaweb.es,Mascotas,tienda_online,No Amazon V1,daniela@libertyseller.es,,,,2,8148,19,2.9,PrestaShop,https://animaliaweb.es,https://www.instagram.com/animalia_lolleria,B96063060,sociedad,0,,info@animalialolleria.com
Suplementosparacaballos.es,SUPLEMENTOS PARA CABALLOS Fines,+34 691 48 17 56,info@suplementosparacaballos.es,Mascotas,tienda_online,No Amazon V1,daniela@libertyseller.es,,,,2,8148,13,8.2,PrestaShop,http://suplementosparacaballos.es,,50191980T,,0,,
Jardines Gatunos,,+34 722 46 25 13,eva@terapeutafelina.es,Mascotas,tienda_online,No Amazon V1,daniela@libertyseller.es,,,Donostia-San Sebastian,2,8148,5,1.3,Shopify,https://tienda.terapeutafelina.es,https://www.instagram.com/amorgatunico/,72485880T,autonomo,0,,
PELUDICOS,,+34 614 42 34 27,peludicos.oficial@gmail.com,Mascotas,tienda_online,No Amazon V1,daniela@libertyseller.es,,,Zaragoza,3,7967,51,2.6,Shopify,https://peludicos.es,https://www.instagram.com/peludicos_oficial,B22987663,sociedad,0,,info@peludicos.es
The Smart Pet,,+34 684 68 11 05,thesmartpetasturias@gmail.com,Mascotas,tienda_online,No Amazon V1,daniela@libertyseller.es,,,Luarca,3,7605,108,6,Shopify,https://thesmartpet.es,https://www.instagram.com/the_smart_pet,,,0,,hesmartpetasturias@gmail.com
Puppia Ibérica,Entrar Animal Brimasa S.L.,+34 617 39 73 54,pedidos@puppia.es,Mascotas,tienda_online,No Amazon V1,daniela@libertyseller.es,,,Barcelona,3,7605,225,6,Shopify,https://puppia.es,https://www.instagram.com/puppia_spain,B66039272,,0,,pedidos@puppiaiberica.es
Nespet,,+34 669 69 32 36,info@nes-pet.com,Mascotas,tienda_online,No Amazon V1,daniela@libertyseller.es,,,Ourense,3,7242,547,2.6,Shopify,https://nes-pet.com,https://www.instagram.com/nespet_ourense,44445391F,,0,+34 981 54 61 88,
distrianimal.es,MARÍA VILLAR MARTÍNEZ,+34 688 91 08 18,info@distrianimal.es,Mascotas,tienda_online,No Amazon V1,daniela@libertyseller.es,,,,3,7242,116,8.3,PrestaShop,https://distrianimal.es,,72796005Q,,0,+34 693 69 00 13,
Amazonas todo para mascotas,Jesus Garcia Verbo,+34 916 44 30 99,info@amazonasmascotas.com,Mascotas,tienda_online,No Amazon V1,daniela@libertyseller.es,,,,3,7242,497,9.7,PrestaShop,https://amazonasmascotas.com,,46934315D,,0,,"sac@amazonasmascotas.com; sac@herbolarioamazonas.com"
Naturgold,,+34 608 43 29 08,naturgoldmascotas@gmail.com,Mascotas,tienda_online,No Amazon V1,daniela@libertyseller.es,,,Teruel,3,7242,807,5.8,Shopify,https://naturgold.es,https://www.instagram.com/_naturgold_,18453156A,,0,,
Corales,,+34 941 24 93 45,comercial@animalparadise.es,Mascotas,tienda_online,No Amazon V1,daniela@libertyseller.es,,,,3,7016,163,8.3,PrestaShop,https://www.animalparadise.es,https://www.instagram.com/animalparadise_logrono,16618083P,,0,,tienda@animalparadise.es
agrofauna.es,,+34 628 45 20 76,info@agrofauna.es,Mascotas,tienda_online,No Amazon V1,daniela@libertyseller.es,,,,3,7016,2303,9.7,PrestaShop,http://agrofauna.es,,78689995A,,0,+34 628 45 20 76,
Misako,,+34 699 81 98 65,webimpacto.misako@gmail.com,Moda y complementos,tienda_online,No Amazon V1,daniela@libertyseller.es,,,Esparreguera,1,1225081,1692,7.5,Shopify,https://www.misako.com,https://www.instagram.com/misakoshop,B60257771,sociedad,0,,
JOSE LUIS Joyerías,,+34 604 01 91 67,pedidos@email.joseluisjoyerias.com,Moda y complementos,tienda_online,No Amazon V1,daniela@libertyseller.es,,,Bergondo,1,974470,5352,9.7,Shopify,https://www.joseluisjoyerias.com,https://www.instagram.com/joseluisjoyerias,B15052277,sociedad,0,+34 900 81 50 52,
Polo Club,"POLO CLUB EUROPE, S.L.",+34 664 54 64 52,contact@poloclub.com,Moda y complementos,tienda_online,No Amazon V1,daniela@libertyseller.es,VIVES ROMAN JUAN ISRAEL,Presidente / consejero delegado,Elche,1,876595,4077,8.1,Shopify,https://www.poloclub.com,https://www.instagram.com/poloclub,B54512512,,11,+34 911 23 78 81,rgpd@poloclub.com
Mariquita Trasquilá,,+34 692 73 92 19,info@mariquitatrasquila.com,Moda y complementos,tienda_online,No Amazon V1,daniela@libertyseller.es,,,Cádiz,1,784254,645,7.6,Shopify,https://mariquitatrasquila.com,https://www.instagram.com/mariquitatrasquila,,,0,+34 956 16 53 61,
PDPAOLA,SASMAT RETAIL S.L.,+34 930 46 48 06,support@pdpaola.com,Moda y complementos,tienda_online,No Amazon V1,daniela@libertyseller.es,STANLEY WILLIAM PTAK,Consejero,Barcelona,1,672528,1724,9.7,Shopify,https://www.pdpaola.com,https://www.instagram.com/pdpaola_jewelry,,,15,,
Twojeys,,+34 608 01 13 89,hello@twojeys.com,Moda y complementos,tienda_online,No Amazon V1,daniela@libertyseller.es,,,Barcelona,1,556117,964,7.9,Shopify,https://twojeys.com,https://www.instagram.com/twojeys,,,0,"+34 632 13 45 42; +34 652 90 98 86; +34 652 91 34 34; +34 682 61 66 65","partnerships@twojeys.com; press@twojeys.com"
Lady Pipa,,+34 919 49 80 86,info@ladypipa.com,Moda y complementos,tienda_online,No Amazon V1,daniela@libertyseller.es,,,Bilbao,1,545288,726,4.8,Shopify,https://ladypipa.com,https://instagram.com/ladypipa,,,0,"+34 650 24 54 84; +34 662 63 83 17; +34 682 19 17 53; +34 697 22 27 33",
Joyerías Sánchez,,+34 958 26 55 12,pedidos@joyeriasanchez.com,Moda y complementos,tienda_online,No Amazon V1,daniela@libertyseller.es,,,,1,543998,7419,9.7,PrestaShop,https://www.joyeriasanchez.com,https://www.instagram.com/joyeriassanchez,B18895730,sociedad,0,,"atencionalcliente@joyeriasanchez.com; web@joyeriasanchez.com"
Disfraces Bacanal,,+34 976 29 43 96,info@disfracesbacanal.com,Moda y complementos,tienda_online,No Amazon V1,daniela@libertyseller.es,,,Zaragoza,1,541078,5783,7.6,PrestaShop,https://disfracesbacanal.com,https://www.instagram.com/disfracesbacanal,B99234577,sociedad,0,,info@disfraces.com
Lola Casademunt,"LOLA CASADEMUNT, S.L.",+34 675 29 74 68,atencioncliente@lolacasademunt.com,Moda y complementos,tienda_online,No Amazon V1,daniela@libertyseller.es,GASSO CASADEMUNT MARIA TERESA,Administrador solidario,,1,512629,1168,8.4,PrestaShop,https://www.lolacasademunt.com,https://www.instagram.com/lolacasademunt,B58527680,sociedad,6,+34 606 94 14 90,
SORELLAS,,+34 648 76 04 27,info.sorellasthebrand@gmail.com,Moda y complementos,tienda_online,No Amazon V1,daniela@libertyseller.es,,,,1,509132,1292,6.1,Shopify,https://sorellasthebrand.com,https://www.instagram.com/sorellasthebrand,,,0,,sorellasthebrand@gmail.com
Ribes & Casals,"RIBES Y CASALS, S.A.",+34 621 15 73 04,info@ribescasals.com,Moda y complementos,tienda_online,No Amazon V1,daniela@libertyseller.es,CASALS PAGES JUAN,Presidente / consejero delegado,Barcelona,1,485809,25001,5.4,Shopify,https://www.ribescasals.com,https://www.instagram.com/ribesycasals,,,20,"+34 910 63 45 83; +34 933 01 23 45; +34 954 99 74 20; +34 913 69 45 00; +34 691 96 44 58",info@tiendatelas.com
Joyería Fina García,,+34 935 90 87 00,atencionalcliente@finagarcia.com,Moda y complementos,tienda_online,No Amazon V1,daniela@libertyseller.es,,,Barcelona,1,484349,2721,9.5,Shopify,https://finagarcia.com,https://www.instagram.com/finagarcia_joyeria,A59066118,sociedad,0,+34 635 19 20 91,info@finagarcia.com
Coosy,"COOSY SHOP, S.L.U.",+34 915 21 98 72,info@coosy.es,Moda y complementos,tienda_online,No Amazon V1,daniela@libertyseller.es,POZO CASTILLO VIRGINIA,Administrador único,Pontevedra,1,478001,526,9.7,Shopify,https://www.coosy.es,https://www.instagram.com/coosyofficial,B94073459,,2,,
VICEROY,GRUPO MUNRECO S.L.,+34 944 23 16 52,hello@viceroy.es,Moda y complementos,tienda_online,No Amazon V1,daniela@libertyseller.es,PALACIOS SERRANO JUAN,Presidente / consejero delegado,,1,467511,2281,5.6,Shopify,https://viceroy.es,https://www.instagram.com/viceroyoficial,B28557064,,12,,web@viceroy.es
BIMANI,"Design, S.L.",+34 915 45 83 88,consultas@bimani.com,Moda y complementos,tienda_online,No Amazon V1,daniela@libertyseller.es,,,Madrid,1,453863,371,6.4,Shopify,https://bimani.com,https://www.instagram.com/bimani13,B86961711,sociedad,0,,rrhh@bimani.com
MiDisfraz,"Lunatiq Fest, S.L.",+34 671 31 06 11,info@midisfraz.com,Moda y complementos,tienda_online,No Amazon V1,daniela@libertyseller.es,LLOPIS TUDELA MIGUEL,Administrador solidario,Alicante,1,441291,2948,9.7,PrestaShop,https://www.midisfraz.com,https://www.instagram.com/midisfraz,B26818518,,3,,
Disfraces Simon,,+34 987 64 03 87,info@disfracessimon.com,Moda y complementos,tienda_online,No Amazon V1,daniela@libertyseller.es,,,La Bañeza,1,401638,13831,9.7,Shopify,https://www.disfracessimon.com,https://www.instagram.com/disfracessimon,B04994455,sociedad,0,+34 968 41 63 73,info@momfuncompany.com
Bracli,,+34 985 88 45 99,bracli@bracli.com,Moda y complementos,tienda_online,No Amazon V1,daniela@libertyseller.es,,,Candás,1,386328,160,5.6,Shopify,https://bracli.com,https://www.instagram.com/braclilingerie,B33853284,sociedad,0,+34 622 71 66 04,
www.cocinaconbra.com,Isogona SL,+34 977 60 88 10,tienda@cocinaconbra.com,Moda y complementos,tienda_online,No Amazon V1,daniela@libertyseller.es,VENOSTA PALLARES CLAUDIA,Apoderado,Valls,1,376245,531,7.2,Shopify,https://www.cocinaconbra.com,https://www.instagram.com/cocinaconbra,B60184843,,1,+34 977 90 01 90,tienda@braisogona.com
latiendadelasgorras.com,,+34 914 45 19 31,info@latiendadelasgorras.com,Moda y complementos,tienda_online,No Amazon V1,daniela@libertyseller.es,,,Madrid,1,355966,1569,9.7,Shopify,https://latiendadelasgorras.com,https://www.instagram.com/latiendadelasgorras,B86563764,sociedad,0,,
Fluchos EU,FLUCHOS S.L.,+34 941 89 92 33,fluchos@fluchos.com,Moda y complementos,tienda_online,No Amazon V1,daniela@libertyseller.es,SAENZ GARRIDO ANTONIO,Apoderado,Arnedo,1,350353,1884,4.4,Shopify,https://fluchos.es,https://www.instagram.com/fluchosoficial,B26011627,,3,,
La Portegna Madrid,,+34 914 35 38 66,laportegnamadrid@laportegna.com,Moda y complementos,tienda_online,No Amazon V1,daniela@libertyseller.es,,,Madrid,1,346404,295,8.6,Shopify,https://www.laportegna.com,https://www.instagram.com/laportegna,B95532537,sociedad,0,"+34 971 67 75 04; +442080017850",
Coquette Bon Chic,Sequra Worldwide S.A.,+34 692 32 98 92,info@coquettebonchic.es,Moda y complementos,tienda_online,No Amazon V1,daniela@libertyseller.es,SETH DAVID KRISTOFFER BACKSTROM,Presidente / consejero delegado,Narón,1,338086,175,6.8,PrestaShop,http://www.coquettebonchic.es,https://www.instagram.com/coquettebonchic,B70149489,,38,,"clientes@sequra.es; coquettebonchic@hotmail.com"
BIKILA,"Najarad, S.L.",+34 628 25 62 37,info@bikila.com,Moda y complementos,tienda_online,No Amazon V1,daniela@libertyseller.es,LOPEZ VILLARRUBIA FRANCISCO JAVIER,Administrador solidario,Madrid,1,336502,1890,8.7,Shopify,https://bikila.com,https://www.instagram.com/bikilatiendas,B80486350,,4,"+34 958 12 31 17; +34 928 76 83 51; +34 922 25 11 86; +34 912 79 63 05",atc@bikila.com
Base,"BASE DETALL SPORT, S.A.",+34 930 34 93 60,atencionalcliente@base.net,Moda y complementos,tienda_online,No Amazon V1,daniela@libertyseller.es,CALZADA QUIROGA MIGUEL ANGEL SANTIAGO,Presidente / consejero delegado,Barcelona,1,334329,5570,9.7,Shopify,https://base.net,https://www.instagram.com/base.somosdeporte,A58000134,,17,,
Silvia Navarro,"SILVIA NAVARRO, S.L.",+34 634 74 36 77,atencionalcliente@silvia-navarro.com,Moda y complementos,tienda_online,No Amazon V1,daniela@libertyseller.es,,,Torrevieja,1,330244,273,6.6,Shopify,https://silvia-navarro.com,https://www.instagram.com/silvianavarrocollection,B54631478,,0,+34 965 29 97 41,rrhh@silvia-navarro.com
BORN,"Conexionborn, S.L.",+34 918 05 64 02,hello@bornlivingyoga.com,Moda y complementos,tienda_online,No Amazon V1,daniela@libertyseller.es,ROCA PUIG ALVARO,Administrador solidario,,1,323330,678,8.8,Shopify,https://bornlivingyoga.com,https://www.instagram.com/bornlivingyoga,B87840195,,5,,
www.esfantastica.com,MUNDO DEL DISFRAZ S.L.,+34 915 21 03 44,info@esfantastica.com,Moda y complementos,tienda_online,No Amazon V1,daniela@libertyseller.es,,,,1,320104,11006,9.7,PrestaShop,https://www.esfantastica.com,,B88385448,,0,,
Harper & Neyer,"HARPER & NEYER, S.L.",+34 951 08 12 45,contacto@harperandneyer.com,Moda y complementos,tienda_online,No Amazon V1,daniela@libertyseller.es,MOHAMED NABIL SALAH,Administrador único,,1,317570,1296,8.9,Shopify,https://harperandneyer.com,https://www.instagram.com/harperandneyer,B93269777,,1,,
myhandfan.com,Ideco S.L.,+34 644 73 54 95,contact@myhandfan.com,Moda y complementos,tienda_online,No Amazon V1,daniela@libertyseller.es,,,Logroño,1,314243,138,9.7,Shopify,https://myhandfan.com,,,,0,,
www.eljardindeldeseo.es,,+34 915 76 59 69,info@eljardindeldeseo.es,Moda y complementos,tienda_online,No Amazon V1,daniela@libertyseller.es,,,Madrid,1,308698,11,8.7,PrestaShop,https://www.eljardindeldeseo.es,https://www.instagram.com/eljardindeldeseo,B88162201,,0,+34 910 25 01 28,info@eljardindeldeseo.es.es
MisterDisfraz.com,CRISTINA CERDÁ RICO,+34 634 38 20 55,info@misterdisfraz.com,Moda y complementos,tienda_online,No Amazon V1,daniela@libertyseller.es,,,Castalla,1,306559,2676,9.7,PrestaShop,https://misterdisfraz.com,https://www.instagram.com/misterdisfraz,21659022Z,,0,"+34 636 00 97 46; +34 865 79 08 75",
La Veste,,+34 910 59 60 02,hello@lavestelaveste.com,Moda y complementos,tienda_online,No Amazon V1,daniela@libertyseller.es,,,Madrid,1,305088,445,7.8,Shopify,https://lavestelaveste.com,https://www.instagram.com/lavestelaveste,,,0,+34 644 67 95 26,storeparis@lavestelaveste.com
Pompeii,PAPER PLANE PARTNERS SL,+34 912 53 07 88,contact@pompeiibrand.com,Moda y complementos,tienda_online,No Amazon V1,daniela@libertyseller.es,GARRASTAZU ENRIQUE JAIME,Presidente / consejero delegado,Madrid,1,301783,339,9.7,Shopify,https://pompeiibrand.com,https://www.instagram.com/pompeiibrand,B86923844,sociedad,10,"+34 917 56 91 02; +34 954 87 66 83",contact@pompeii.com
elPulpo,,+34 680 20 91 03,info@elpulpo.es,Moda y complementos,tienda_online,No Amazon V1,daniela@libertyseller.es,,,A Coruña,1,300855,783,3,Shopify,https://elpulpo.com,https://www.instagram.com/elpulpo.es,B70567763,sociedad,0,,
koralti,,+34 658 84 99 64,info@koralti.es,Moda y complementos,tienda_online,No Amazon V1,daniela@libertyseller.es,,,Seville,1,288577,410,5.8,Shopify,https://koralti.es,https://www.instagram.com/koralti.es,B22690770,sociedad,0,,
PuroEGO,"MODATELIA INTERNATIONAL, SL",+34 918 31 75 90,atencionalcliente@puroego.es,Moda y complementos,tienda_online,No Amazon V1,daniela@libertyseller.es,MARTIN RUANO DANIEL,Presidente / consejero delegado,Villarejo de Salvanés,1,287468,462,9.7,Shopify,https://www.puroego.com,https://www.instagram.com/puroego_official,B87228961,,10,+34 630 93 13 76,atencionalcliente@puroego.com
MONPIEL,"BIBOCCI, S.L.",+34 673 40 38 82,orders@monpiel.com,Moda y complementos,tienda_online,No Amazon V1,daniela@libertyseller.es,PINO OSA ROSA MARIA,Administrador único,,1,282862,34,8.7,PrestaShop,https://monpiel.com,https://www.instagram.com/monpiel,B14231898,,4,+34 957 20 19 12,pedidos@monpiel.com
Elisa Muresan,,+34 690 97 15 40,info@elisamuresan.com,Moda y complementos,tienda_online,No Amazon V1,daniela@libertyseller.es,,,Zaragoza,1,277838,121,9.7,Shopify,https://elisamuresan.com,https://www.instagram.com/elisamuresan,B09733080,sociedad,0,+34 876 28 19 31,
SESEÑA - CAPES SINCE 1901,Seseña CB,+34 915 31 68 40,info@sesena.com,Moda y complementos,tienda_online,No Amazon V1,daniela@libertyseller.es,,,Madrid,1,274794,109,9.7,Shopify,https://www.sesena.com,https://instagram.com/capas_sesena,E28150274,,0,,customercare@sesena.com
Newcop,ADIDAS Adidas Handball Spezial Adidas Samba Adidas SL,+33621122451,compliance@newcop.com,Moda y complementos,tienda_online,No Amazon V1,daniela@libertyseller.es,,,Barcelona,1,271863,902,5.5,Shopify,https://newcop.com,https://www.instagram.com/newcopstore,B13658620,,0,"+34 636 46 63 35; +34 676 09 88 86; +971589758213","help@newcop.com; info@newcop.com"
"Ravell, tu Armería online",Armería Ravell SL,+34 934 87 44 86,info@ravell.es,Moda y complementos,tienda_online,No Amazon V1,daniela@libertyseller.es,RAVELL CORBERA SARA,Administrador único,Barcelona,1,265843,770,9.7,PrestaShop,https://ravell.es,https://www.instagram.com/armeriaravell,B08073264,,2,,
Leonisa Europe,,+34 672 06 50 62,euroinfo@leonisa.com,Moda y complementos,tienda_online,No Amazon V1,daniela@libertyseller.es,,,Sant Boi de Llobregat,1,264213,351,3.3,Shopify,https://leonisa.es,https://www.instagram.com/leonisaeurope,A59056242,sociedad,0,+34 900 83 84 31,
Mercules,"MERCULES SPAIN, SL",+34 946 12 56 63,info@mercules.es,Moda y complementos,tienda_online,No Amazon V1,daniela@libertyseller.es,O'SHEA VON-HEEREN ALEJANDRA PATRICIA,Administrador solidario,Getxo,1,261961,662,12,Shopify,https://mercules.es,https://www.instagram.com/merculesrocks,B87112264,,3,,web@mercules.es
Life Pro Nutrition®,,+34 644 52 64 51,info@lifepronutrition.com,Nutrición y suplementos,tienda_online,No Amazon V1,daniela@libertyseller.es,,,,1,508645,222,8.3,PrestaShop,https://www.lifepronutrition.com,https://www.instagram.com/lifepro_oficial,B87111001,sociedad,0,,
Aldous,"BIO UNICORN, S.L.",+34 696 10 25 21,pedidos@aldousbio.com,Nutrición y suplementos,tienda_online,No Amazon V1,daniela@libertyseller.es,CELIA PEREZ-BEATO BELLO,Consejero,Almonacid del Marquesado,1,423139,90,7.1,Shopify,https://aldousbio.com,https://www.instagram.com/aldousbio,B16340218,,8,+34 672 56 69 00,"hola@aldousbio.com; info@aldousbio.com"
Canapuff EU,,+420773728804,shipping@canapuff.com,Nutrición y suplementos,tienda_online,No Amazon V1,daniela@libertyseller.es,,,Barcelona,1,383849,635,3.5,Shopify,https://www.canapuff.com,https://www.instagram.com/canapuff_en,,,0,,support@canapuff.com
www.dieteticaferrer.com,"DIETETICA FERRER, S.L.",+34 662 11 17 21,tienda@dieteticaferrer.com,Nutrición y suplementos,tienda_online,No Amazon V1,daniela@libertyseller.es,GARCIA ALONSO RAFAEL,Administrador único,Pallejà,1,330402,9887,8.3,Shopify,https://www.dieteticaferrer.com,,B67540708,,1,+34 934 38 49 19,
www.pharmashop.es,,+34 667 31 73 32,info@pharmashop.es,Nutrición y suplementos,tienda_online,No Amazon V1,daniela@libertyseller.es,,,Alacant,1,292323,2117,8.3,PrestaShop,https://www.pharmashop.es,https://www.instagram.com/pharmashop_es,52776889P,,0,+34 963 86 60 00,
FullGas Sport,,+34 943 45 80 79,info@fullgas.org,Nutrición y suplementos,tienda_online,No Amazon V1,daniela@libertyseller.es,,,Astigarraga,1,242667,99,9.2,PrestaShop,https://fullgas.org,https://www.instagram.com/fullgassport,B20944955,sociedad,0,,
Nutribén,,+34 913 84 27 83,nutriben.lopd@grupo-alter.com,Nutrición y suplementos,tienda_online,No Amazon V1,daniela@libertyseller.es,,,Meco,1,239227,135,9.7,Shopify,https://nutriben.es,https://www.instagram.com/familianutriben,A80932361,sociedad,0,+34 913 84 27 00,"webnutriben@nutriben.es; tienda@nutriben.es; contacto@nutriben.es"
hollandandbarrett.es,Futorvit S.L.,+34 952 76 63 27,queries@futorvit.com,Nutrición y suplementos,tienda_online,No Amazon V1,daniela@libertyseller.es,VITABOX LIMITED,Administrador único,,1,231215,1366,9,Shopify,https://www.hollandandbarrett.es,https://www.instagram.com/hollandbarrettespana,,,2,"+34 952 58 68 49; +34 965 70 43 32","fuengirola@futorvit.com; marbella@futorvit.com; queries@futorvit.com; torrevieja@futorvit.com"
Nutrideon.es,y Política de Privacidad NUTRIDEON S.L.U.,+34 910 07 52 60,info@nutrideon.es,Nutrición y suplementos,tienda_online,No Amazon V1,daniela@libertyseller.es,,,,1,188213,553,8,PrestaShop,https://www.nutrideon.es,,B86487097,,0,+34 910 07 52 60,
Bioksan,,+34 928 21 36 30,info@bioksan.com,Nutrición y suplementos,tienda_online,No Amazon V1,daniela@libertyseller.es,,,Madrid,1,173083,57,9.7,Shopify,https://bioksan.com,https://www.instagram.com/bioksanlifestyle,B76185776,sociedad,0,+34 660 19 32 51,
UsaFitness,"GRUPO CORELAM, S.L.",+34 661 41 08 90,info@usafitness.es,Nutrición y suplementos,tienda_online,No Amazon V1,daniela@libertyseller.es,GOMEZ ALBA ARMANDO,Administrador único,Madrid,1,164992,292,7.6,PrestaShop,https://usafitness.es,https://www.instagram.com/usafitnessoficial,B88404306,,2,,admin@usafitness.es
Crown Sport Nutrition,,+34 623 91 17 62,info@crownsportnutrition.com,Nutrición y suplementos,tienda_online,No Amazon V1,daniela@libertyseller.es,,,,1,155577,62,9.2,Shopify,https://crownsportnutrition.com,https://www.instagram.com/crownsportnutrition,B26278028,sociedad,0,+34 941 12 94 26,
Bechi,,+34 965 11 37 16,info@bechimed.com,Nutrición y suplementos,tienda_online,No Amazon V1,daniela@libertyseller.es,,,Alicante,1,148368,53,7.3,Shopify,https://www.bechi.es,https://www.instagram.com/bechi.es,B54613088,sociedad,0,,
fortepharma.es,"LABORATORIO REIG JOFRE, S.A.",+34 936 26 55 80,hola@fortepharma.es,Nutrición y suplementos,tienda_online,No Amazon V1,daniela@libertyseller.es,REIG LOPEZ ISABEL,Presidente / consejero delegado,Sant Joan Despí,1,127207,83,9.7,Shopify,https://fortepharma.es,https://instagram.com/fortepharmaesp,A96184882,,52,,farmacovigilancia@reigjofre.com
BEST PROTEIN,"BEST PROTEIN, S.L.U.",+34 933 70 40 67,info@bestprotein.com,Nutrición y suplementos,tienda_online,No Amazon V1,daniela@libertyseller.es,ORTEGA YAÑEZ ALEJANDRO,Administrador único,,1,123948,47,7.8,PrestaShop,https://www.bestprotein.com,https://www.instagram.com/bestprotein,B60214863,,2,,pedidos@bestprotein.com
ELEVENFIT,ELEVENFIT FOOD AND SUPPLEMENTS S.L.,+34 985 47 04 89,info@elevenfit.es,Nutrición y suplementos,tienda_online,No Amazon V1,daniela@libertyseller.es,,,,1,114985,34,9.1,PrestaShop,https://elevenfit.es,https://www.instagram.com/elevenfitsupplements,B74393828,,0,,info@bebidasmix.es
Salud Mediterránea,HERBOLARIOS MADRID S.L.,+34 618 82 84 42,pedidos@saludmediterranea.com,Nutrición y suplementos,tienda_online,No Amazon V1,daniela@libertyseller.es,BLANCO MULLINS OLIVIA,Administrador solidario,Madrid,1,109655,164,9.7,Shopify,https://saludmediterranea.com,https://instagram.com/saludmediterranea.es,B21981956,,2,"+34 618 82 84 43; +34 913 09 53 90; +34 915 27 89 29; +34 915 22 26 74",orders@saludmediterranea.com
La Ventana Natural,,+34 916 83 83 06,contacto@laventananatural.com,Nutrición y suplementos,tienda_online,No Amazon V1,daniela@libertyseller.es,,,Leganés,1,105129,287,1.2,Shopify,https://www.laventananatural.com,https://www.instagram.com/laventananatural_,A28648053,sociedad,0,,
Le Sweet,SWEET FIT S.L.,+34 664 31 27 50,pedidos@lesweet.es,Nutrición y suplementos,tienda_online,No Amazon V1,daniela@libertyseller.es,ESTEVEZ MARTINEZ ENRIQUE,Administrador único,Madrid,1,101055,26,2.4,Shopify,https://lesweet.es,https://www.instagram.com/lesweet.es,B67893826,,3,,"info@lesweet.es; le.sweet.info@gmail.com"
Alternatur,"ALTERNATUR, S.L.",+34 609 97 20 59,alternatur@alternatur.es,Nutrición y suplementos,tienda_online,No Amazon V1,daniela@libertyseller.es,ORTEGA SASTRE MARIA DEL CARMEN,Administrador único,,1,87701,33,7.5,PrestaShop,https://alternatur.es,https://www.instagram.com/vidasaludable_alternatur,B96355961,,1,+34 962 60 50 61,alternatur@alternatur.es
My Body Genius,,+34 615 16 50 04,hola@mybodygenius.com,Nutrición y suplementos,tienda_online,No Amazon V1,daniela@libertyseller.es,,,,1,83741,36,6.8,PrestaShop,https://www.mybodygenius.com,https://www.instagram.com/mybodygenius,B66105917,sociedad,0,"+34 682 93 50 33; +34 635 38 69 25",
A.Vogel,BIOFORCE ESPAÑA A.VOGEL S.A.,+34 932 01 99 22,info@bioforce.es,Nutrición y suplementos,tienda_online,No Amazon V1,daniela@libertyseller.es,ALESSIA PAPPALARDO,Administrador único,Barcelona,1,78988,67,10,Shopify,https://www.avogel.es,https://www.instagram.com/avogeles,A65148587,,3,,"info@bioforce.es; dspo@bioforce.es"
Bariatricline,"BARIATRIC LINE, S.L.",+34 639 58 75 19,info@bariatricline.com,Nutrición y suplementos,tienda_online,No Amazon V1,daniela@libertyseller.es,DIAZ ORTEGA JOSE JAVIER,Administrador único,,1,75435,19,4.4,Shopify,https://www.bariatricline.com,https://www.instagram.com/bariatricline,B42991190,,1,"+34 917 69 79 36; +34 928 49 04 89","calidad@atikapharma.com; consultasmedicas@atikapharma.com; incidencias@adventiapharma.com"
Nutrición Muscular,,+34 681 23 26 27,pedidos@nutricionmuscular.com,Nutrición y suplementos,tienda_online,No Amazon V1,daniela@libertyseller.es,,,Almería,1,67841,595,9.7,PrestaShop,https://www.nutricionmuscular.com,https://www.instagram.com/nutricionmuscular,,,0,+34 950 22 41 51,
Powergym,"KOROTT, S.L.U.",+34 608 30 39 62,info@powergym.com,Nutrición y suplementos,tienda_online,No Amazon V1,daniela@libertyseller.es,ZISCHEK CHRISTIAN,Administrador único,Alcoi,1,61493,18,9.7,PrestaShop,http://www.powergym.com,https://www.instagram.com/powergym_nutrition,B03669678,,8,+34 865 88 82 85,rgpd@korott.com
B Maximum Sports and Health,,+34 661 96 84 37,info@bmaximum.com,Nutrición y suplementos,tienda_online,No Amazon V1,daniela@libertyseller.es,,,Barcelona,1,59750,43,6.6,Shopify,https://bmaximum.com,https://www.instagram.com/b_maximum_nutricion,B67595306,sociedad,0,,
Sotya,,+34 916 60 72 28,info@sotya.com,Nutrición y suplementos,tienda_online,No Amazon V1,daniela@libertyseller.es,,,Velilla de San Antonio,1,59343,228,9.7,Shopify,https://sotya.com,,B19469394,sociedad,0,,
▷ HerbalSpain®,,+34 625 43 70 64,info@herbalspain.com,Nutrición y suplementos,tienda_online,No Amazon V1,daniela@libertyseller.es,,,Ciudad Real,1,58381,26,9.7,PrestaShop,https://herbalspain.com,,23288530H,,0,,
Nutrinovex,NUTRINOVEX SPORT INNOVATIONS SL,+34 964 37 12 04,info@nutrinovex.es,Nutrición y suplementos,tienda_online,No Amazon V1,daniela@libertyseller.es,PONS MARTINEZ JOSE FRANCISCO,Administrador único,Castellón de la Plana,1,58007,46,8.1,Shopify,https://nutrinovex.es,https://instagram.com/nutrinovex,B12841474,,1,,
nersport.com,,+34 640 04 45 82,pedidos@nersport.com,Nutrición y suplementos,tienda_online,No Amazon V1,daniela@libertyseller.es,,,Madrid,1,56140,580,8.7,PrestaShop,https://nersport.com,https://www.instagram.com/nersport_,B87949863,sociedad,0,+34 914 02 92 75,
mimasaifigen.com,"IFIGEN 2011, S.L.",+34 932 37 47 66,clientes@mimasaifigen.com,Nutrición y suplementos,tienda_online,No Amazon V1,daniela@libertyseller.es,GIRONELLA BRUGALLA CARINA,Administrador único,Barcelona,1,55948,40,9.7,PrestaShop,https://mimasaifigen.com,https://www.instagram.com/mimasaifigen,B65680647,,3,,nclientes@mimasaifigen.com
BioTherapeutics,BioTherapeutics Iberia S.L.,+34 671 67 13 75,contacto@biotherapeutics.es,Nutrición y suplementos,tienda_online,No Amazon V1,daniela@libertyseller.es,FOERSTER THOMAS,Administrador único,,1,54726,857,1.8,Shopify,https://biotherapeutics.es,https://www.instagram.com/biotherapeutics.es,B19499953,,1,,
vivaelmusculo,"VIVA EL MÚSCULO, S.L.",+34 914 69 54 17,info@vivaelmusculo.com,Nutrición y suplementos,tienda_online,No Amazon V1,daniela@libertyseller.es,GOMEZ ALBA ARMANDO,Administrador único,Madrid,1,53639,1724,6.9,PrestaShop,https://vivaelmusculo.com,https://www.instagram.com/vivaelmusculo,B80262934,sociedad,2,+34 915 21 62 86,"administracion@vivaelmusculo.com; info@vivaelmusculo.co"
fitnesstorespain.com,,+34 918 62 62 57,informacion@fitnesstorespain.com,Nutrición y suplementos,tienda_online,No Amazon V1,daniela@libertyseller.es,,,Madrid,1,50788,27,5,PrestaShop,https://fitnesstorespain.com,https://www.instagram.com/fitnesstore_spain,,,0,+34 918 62 62 57,informacion@fitnesstorespai.com
Masmusculo,,+390694805914,info@masmusculo.com,Nutrición y suplementos,tienda_online,No Amazon V1,daniela@libertyseller.es,,,Albolote,1,47936,2925,5.7,Shopify,https://www.masmusculo.it,https://www.instagram.com/masmusculo,B18835694,sociedad,0,"+34 910 60 96 55; +34 935 45 70 82; +34 910 60 95 33",pedidos@masmusculo.com
BioHerbolario,"MUNDO HERBOLARIO, S.L.",+34 912 39 38 35,pedidos@bioherbolario.com,Nutrición y suplementos,tienda_online,No Amazon V1,daniela@libertyseller.es,BOLIVAR CARRON FERNANDO,Administrador único,Leganés,1,45310,7916,9.7,PrestaShop,http://www.bioherbolario.com,https://www.instagram.com/bioherbolario_oficial,B87456265,,1,,
Vitamins Protein,,+34 744 61 74 83,info@vitaminsprotein.es,Nutrición y suplementos,tienda_online,No Amazon V1,daniela@libertyseller.es,,,,1,44134,95,6.9,PrestaShop,https://www.vitaminsprotein.es,,,,0,,
iO.GENIX Nutrition,Sequra Worldwide S.A.,+34 643 62 53 55,info@iogenixnutrition.com,Nutrición y suplementos,tienda_online,No Amazon V1,daniela@libertyseller.es,SETH DAVID KRISTOFFER BACKSTROM,Presidente / consejero delegado,Yuncos,1,43726,182,7.4,PrestaShop,https://tienda.iogenixnutrition.com,https://www.instagram.com/io.genix,B45897782,,38,+34 643 88 60 91,info@iogenixnutricion.com
Longévitas,"RGPD Longevitas Labs, S.L.",+34 637 24 04 02,info@longevitas.es,Nutrición y suplementos,tienda_online,No Amazon V1,daniela@libertyseller.es,,,Madrid,1,42368,34,2.9,Shopify,https://longevitas.es,https://www.instagram.com/longevitas.es,B84666304,,0,+34 912 90 12 22,info@longevitaslabs.com
Naturemost,,+34 679 52 38 07,info@naturemost.es,Nutrición y suplementos,tienda_online,No Amazon V1,daniela@libertyseller.es,,,Erandio,1,40309,63,5.3,Shopify,https://naturemost.es,https://www.instagram.com/naturemost,B95992806,sociedad,0,,
Nutrisano Bilbao,"MAXPOWER FITNESS NUTRITION, S.L.",+34 946 23 26 89,protecciondedatosnutrisano@gmail.com,Nutrición y suplementos,tienda_online,No Amazon V1,daniela@libertyseller.es,MONTIEL ARTO ENDIKA,Administrador único,Mungia,1,39573,275,6.5,Shopify,https://nutrisano.es,https://www.instagram.com/nutrisano_oficial,B95763785,,2,,
Bodyxtrem,,+34 622 43 87 70,info@bodyxtrem.com,Nutrición y suplementos,tienda_online,No Amazon V1,daniela@libertyseller.es,,,Barcelona,1,38985,703,5.8,Shopify,https://bodyxtrem.com,https://www.instagram.com/bodyxtremofficial,B13938774,sociedad,0,"+34 930 24 04 52; +34 659 64 65 66; +34 602 25 56 43",admin@bodyxtrem.com
panparatodos.es,SARA CANTÓN PRIETO,+34 986 16 61 56,info@panparatodos.es,Nutrición y suplementos,tienda_online,No Amazon V1,daniela@libertyseller.es,,,Vigo,1,37706,40,7.5,PrestaShop,https://panparatodos.es,https://www.instagram.com/panparatodosvigo,71427857T,,0,,
Dietisur,Dietisur S.L.,+34 955 11 15 00,dietisur@dietisur.es,Nutrición y suplementos,tienda_online,No Amazon V1,daniela@libertyseller.es,,,Dos Hermanas,1,36337,2795,8.3,PrestaShop,https://www.dietisur.es,https://www.instagram.com/dietisur,B41478298,,0,+34 608 22 95 54,web@dietisur.es
V-gummies,"Serena Promoción y Contenidos, S.l.",+34 916 57 47 20,info@v-gummies.com,Nutrición y suplementos,tienda_online,No Amazon V1,daniela@libertyseller.es,GONZALEZ DEL CAMPO PEDRO,Administrador mancomunado,,1,36042,13,2.4,Shopify,https://v-gummies.com,,B84051291,,5,+34 963 52 39 29,info@chiclove.com
Jelly Pills Shop,,+34 699 14 07 62,hello@jellypills.com,Nutrición y suplementos,tienda_online,No Amazon V1,daniela@libertyseller.es,,,Barcelona,1,35601,52,6.3,Shopify,https://jellypills.com,https://www.instagram.com/jelly.pills,B01898451,sociedad,0,,
Freefood,DAMALORA'S HOME S.L.,+34 675 81 35 32,info@freefood.es,Nutrición y suplementos,tienda_online,No Amazon V1,daniela@libertyseller.es,TALLON LARA DAVID,Administrador solidario,Barcelona,1,35013,14,7.6,PrestaShop,https://freefood.es,https://www.instagram.com/freefood.es,B65725228,,2,,pedidos@freefood.es
HIFAS DA TERRA,,+390456702707,kontakt@hifasdaterra.de,Nutrición y suplementos,tienda_online,No Amazon V1,daniela@libertyseller.es,,,Pontevedra,1,33270,47,7.5,Shopify,https://hifasdaterra.it,https://www.instagram.com/HifasdaTerrait,B36409290,sociedad,0,"+34 986 86 10 87; +447879306510; +4921190769985","contact@hifasdaterra.fr; hello@hifasdaterra.co.uk; info@hifasdaterra.it; info@hifasdaterra.com"
Dietflash Medical,Dieta Proteica S.L.,+34 607 03 61 60,info@dietflash.es,Nutrición y suplementos,tienda_online,No Amazon V1,daniela@libertyseller.es,JIMENEZ SAPERAS DANIEL,Administrador solidario,,1,31844,195,7.4,Shopify,https://dietflash.es,https://www.instagram.com/dietflash_medical,,,3,"+34 627 98 78 75; +34 672 73 46 21; +34 900 92 27 51; +34 935 90 35 63",info@dietflah.es
Ryno Power Europe (EOOD),,+18589871190,info@rynopower.com,Nutrición y suplementos,tienda_online,No Amazon V1,daniela@libertyseller.es,,,Barcelona,1,31233,34,14,Shopify,https://eu.rynopower.com,https://instagram.com/rynopower,,,0,+18589871192,jcortes@rynopower.com
TiendaKeto.es,Nuria Nuño Galán,+34 623 75 24 00,info@tiendaketo.es,Nutrición y suplementos,tienda_online,No Amazon V1,daniela@libertyseller.es,,,Sant Pol de Mar,1,31063,179,5.1,Shopify,https://tiendaketo.es,https://www.instagram.com/tiendaketo.es_oficial,46737620X,,0,+18882341234,
Old School Nutrition,"OLD SCHOOL NUTRITION, S.L.U.",+34 609 01 15 03,pedidos@oldschoolnutrition.es,Nutrición y suplementos,tienda_online,No Amazon V1,daniela@libertyseller.es,GUALDA MOLINA JAVIER,Administrador único,Madrid,1,30894,199,7.5,PrestaShop,https://www.oldschoolnutrition.es,https://www.instagram.com/old_school_nutrition,B87459616,,3,,
Suplementos Médicos Europe,"SUPLEMENTOS MEDICOS EUROPE, S.L.",+34 917 35 92 14,info@smequantum.com,Nutrición y suplementos,tienda_online,No Amazon V1,daniela@libertyseller.es,CASSANI LAURA FILOMENA,Administrador único,Madrid,2,29785,379,9.7,Shopify,https://smequantum.com,https://www.instagram.com/smequantum,B87523098,,1,+34 608 83 42 70,
Fitnesszone – fitnesszoneonline.es,INFORMACIÓN AL USUARIO Todepi SL,+34 910 84 28 61,info@fitnesszoneonline.es,Nutrición y suplementos,tienda_online,No Amazon V1,daniela@libertyseller.es,,,Madrid,2,27838,1789,9.6,Shopify,https://fitnesszoneonline.es,https://www.instagram.com/fitnesszoneonline,B85915684,,0,"+34 911 19 83 67; +34 911 93 35 87; +34 919 29 33 89; +34 644 97 32 55",info@fitnesszone.es
MTX STORE,,+34 657 79 06 74,store@mtxstore.com,Nutrición y suplementos,tienda_online,No Amazon V1,daniela@libertyseller.es,,,Irun,2,26254,154,5.8,Shopify,https://mtxstore.com,,H30050020,sociedad,0,+34 943 63 96 01,info@mtxstore.com
Solnaturaleza,PROYECTO SOLNATURALEZA S.L.,+34 913 13 14 09,solnaturaleza@solnaturaleza.es,Nutrición y suplementos,tienda_online,No Amazon V1,daniela@libertyseller.es,GIL MORALES ROCIO,Administrador único,Madrid,2,25801,51,7.5,Shopify,https://solnaturaleza.es,https://www.instagram.com/solnaturaleza,B44589463,,2,+34 679 70 89 67,info@solnaturaleza.es
ProHealth Longevity – ProHealth.com,,+18448629472,CustomerLoyalty@ProHealth.com,Nutrición y suplementos,tienda_online,No Amazon V1,daniela@libertyseller.es,,,,2,24952,203,2.8,Shopify,https://es.prohealth.com,https://www.instagram.com/prohealthlongevity,,,0,,wholesale@prohealth.com
Run And Go,,+34 644 85 44 09,runandgovalls@gmail.com,Nutrición y suplementos,tienda_online,No Amazon V1,daniela@libertyseller.es,,,Tarragona,2,24443,373,11.4,Shopify,https://runandgo.es,https://www.instagram.com/runandgo.es,J16868945,sociedad,0,,
mr-nutrition.es,Daniel Pacheco Gómez,+34 951 00 78 06,info@mr-nutrition.es,Nutrición y suplementos,tienda_online,No Amazon V1,daniela@libertyseller.es,,,,2,24443,241,9.7,PrestaShop,https://mr-nutrition.es,https://www.instagram.com/mrnutritiononline,74873752N,,0,,abc@xyz.com
Andala,"K2 Política de Privacidad ANDALA NUTRICION, S.L.",+34 623 97 05 48,hola@andala.life,Nutrición y suplementos,tienda_online,No Amazon V1,daniela@libertyseller.es,,,Madrid,2,23312,25,3.9,Shopify,https://www.andala.life,https://www.instagram.com/andala.life,B13671193,,0,,
Satislent,Satislent S.L.,+34 661 08 10 09,info@satislent.com,Nutrición y suplementos,tienda_online,No Amazon V1,daniela@libertyseller.es,UCHA LOZANO CARLOS,Administrador único,,2,22859,9,8.3,PrestaShop,https://www.satislent.com,https://www.instagram.com/satislent_es,B87742078,,1,,"press@satislent.com; social@satislent.com; contacto@satislent.com; contact@satislent.com"
buyinred.com,,+34 611 43 16 09,tienda@buyinred.com,Nutrición y suplementos,tienda_online,No Amazon V1,daniela@libertyseller.es,,,,2,22406,437,9.7,PrestaShop,https://buyinred.com,https://www.instagram.com/buyinred_tienda,48585129K,,0,,tienda@buyinred.com
Sevens Nutrition,Best You Healthy S.L.,+34 649 85 54 32,hello@sevensnutrition.com,Nutrición y suplementos,tienda_online,No Amazon V1,daniela@libertyseller.es,,,Madrid,2,20596,45,3.1,Shopify,https://sevensnutrition.com,https://www.instagram.com/sevens.nutrition,B13806369,,0,,
LargaVida,,+34 930 49 03 00,info@largavida.shop,Nutrición y suplementos,tienda_online,No Amazon V1,daniela@libertyseller.es,,,Barcelona,2,19690,80,1.9,Shopify,https://largavida.shop,,B75252858,sociedad,0,,
Mega Raw Bar,Suscribirse YOUR CLEANEST CHOICE EVOLUTION LEAP SL,+34 645 66 40 12,info@megarawbar.com,Nutrición y suplementos,tienda_online,No Amazon V1,daniela@libertyseller.es,,,Lloseta,2,19238,29,6.3,Shopify,https://megarawbar.com,https://www.instagram.com/mrb_mallorca/,B67859017,,0,+34 871 50 22 57,
California Supplement,"DIAMOND NUTRITION, S.L.",+34 693 91 49 35,info@californiasupplement.com,Nutrición y suplementos,tienda_online,No Amazon V1,daniela@libertyseller.es,NAHAL SADOK RAMZI,Administrador único,,2,18785,13,7.1,PrestaShop,https://californiasupplement.com,,B42540393,,1,+34 640 58 65 32,
Pleniage,SAFIVITA S.L.,+34 624 30 27 45,info@pleniage.com,Nutrición y suplementos,tienda_online,No Amazon V1,daniela@libertyseller.es,ALONSO REQUEJO IGNACIO,Administrador solidario,,2,18332,7,1.9,Shopify,https://pleniage.com,https://www.instagram.com/pleniage,B70693411,,2,,info@safivita.es
Primal Pump,BELTIA SUR SL,+34 618 23 21 38,soporte@primalpump.es,Nutrición y suplementos,tienda_online,No Amazon V1,daniela@libertyseller.es,GARCIA AUÑON ANTONIO,Administrador único,,2,17201,22,2,Shopify,https://primalpump.es,https://www.instagram.com/primalpump.es,B67479535,,1,,hola@primalpump.es
Elya Complementos,,+34 636 27 80 13,elyacomplementos@gmail.com,Nutrición y suplementos,tienda_online,No Amazon V1,daniela@libertyseller.es,,,,2,16522,302,6.7,PrestaShop,https://elyacomplementos.es,https://www.instagram.com/elyacomplementos,,,0,,
Laboratoires Nutrilab,,+34 910 76 27 56,commande@laboratoirenutrilab.com,Nutrición y suplementos,tienda_online,No Amazon V1,daniela@libertyseller.es,,,,2,15843,18,8.3,PrestaShop,https://www.laboratoiresnutrilab.com,,,,0,,"commande@laboratoirenutrilab.com; commande@produits-nutritifs.com"
Holos Nutrition,"Proaudio Ediciones y Producciones, S.L.",+34 609 00 59 47,holos@holos-nutrition.com,Nutrición y suplementos,tienda_online,No Amazon V1,daniela@libertyseller.es,PORTA FERRE PEDRO,Administrador único,Madrid,2,13806,7,2,Shopify,https://holos-nutrition.com,https://www.instagram.com/holosnutrition.es,B79082095,,2,,
MaxiNutrition Iberia,MaxiNutrition Iberia – Rebel Brands S.L.,+34 932 53 87 75,info@maxinutrition.es,Nutrición y suplementos,tienda_online,No Amazon V1,daniela@libertyseller.es,,,,2,13353,40,1.3,Shopify,https://maxinutrition.es,https://www.instagram.com/maxinutrition.es,B67658229,,0,,
Fortia Nutrition,"Nutrition Chefs, S.L.",+34 667 97 54 99,info@fortianutrition.com,Nutrición y suplementos,tienda_online,No Amazon V1,daniela@libertyseller.es,,,Barcelona,2,12674,49,6.7,PrestaShop,https://www.fortianutrition.com,https://www.instagram.com/fortianutrition,B63937528,,0,,info@fortialabs.com
Mia Natur– MíaNatur.es,,+34 959 28 49 44,info@mianatur.es,Nutrición y suplementos,tienda_online,No Amazon V1,daniela@libertyseller.es,,,Aljaraque,2,11995,7327,4.7,Shopify,https://www.mianatur.es,https://instagram.com/mianatur.es,38915503T,autonomo,0,,
Nutrición y Deporte,,+34 615 79 47 02,pedidos@mabegonutricionydeporte.com,Nutrición y suplementos,tienda_online,No Amazon V1,daniela@libertyseller.es,,,,2,11543,396,3.2,PrestaShop,https://mabegonutricionydeporte.com,,B02653491,sociedad,0,,
Wellnesstry,,+34 632 05 14 58,contact@wellnesstry.com,Nutrición y suplementos,tienda_online,No Amazon V1,daniela@libertyseller.es,,,,2,11316,9,1.1,Shopify,https://wellnesstry.com,,,,0,,
Nutrición deportiva,,+34 931 61 60 47,administracion@nutrienda.com,Nutrición y suplementos,tienda_online,No Amazon V1,daniela@libertyseller.es,,,Vilanova i la Geltrú,2,11090,238,9.7,PrestaShop,https://www.nutrienda.com,,,,0,,
DynaSport,PlusNutrition S.L.,+34 673 68 12 59,contacto@dynasport.es,Nutrición y suplementos,tienda_online,No Amazon V1,daniela@libertyseller.es,,,,2,10864,108,3.6,PrestaShop,https://dynasport.es,https://www.instagram.com/dynasportbcn,B72549934,,0,+34 936 11 92 89,
Ilusionarteimprenta,Marta Alvarado Sánchez,+34 961 10 86 62,marta.imprenta@gmail.com,Nutrición y suplementos,tienda_online,No Amazon V1,daniela@libertyseller.es,,,Valencia,2,10637,13,6,Shopify,https://ilusionarteimprenta.com,,24385539L,autonomo,0,,
Nutrifitness Store Center,"REPRESENTACIONES R GALLEGO, S.L.",+34 650 60 13 06,info@nutrifitnessstore.es,Nutrición y suplementos,tienda_online,No Amazon V1,daniela@libertyseller.es,RODRIGUEZ CORREDOR DAVID,Administrador único,Alicante,2,9958,182,3.6,Shopify,https://nutrifitnessstore.es,,B73657496,,2,"+34 965 11 87 55; +34 641 10 14 28; +34 673 96 25 29",gestion@rgallego.es
HERO TECH NUTRITION,CONTACTE CON NOSOTROS Hero Tech Nutrition PREPARACION INTEGRAL S.L.,+34 950 22 87 75,info@herotechnutrition.com,Nutrición y suplementos,tienda_online,No Amazon V1,daniela@libertyseller.es,,,Almería,2,9053,36,9.7,PrestaShop,https://herotechnutrition.com,https://www.instagram.com/herotechnutrition,,,0,,integralfitstore@gmail.com
Probiofarma,,+34 694 29 10 27,info@probiofarma.es,Nutrición y suplementos,tienda_online,No Amazon V1,daniela@libertyseller.es,,,,2,9053,11,1.3,Shopify,https://probiofarma.es,https://www.instagram.com/probiofarma,B13922398,sociedad,0,,pedidos@probiofarma.es
El Racó de la Salut,Racó de la Salut,+34 933 13 23 66,info@elracodelasalut.com,Nutrición y suplementos,tienda_online,No Amazon V1,daniela@libertyseller.es,,,Barcelona,2,8600,591,4.4,Shopify,https://elracodelasalut.com,,36555227Q,,0,,
APEX/F.TRUJILLO,,+34 689 35 44 84,afarmatrujillo2.0@gmail.com,Nutrición y suplementos,tienda_online,No Amazon V1,daniela@libertyseller.es,,,Manresa,2,8148,38,3.1,Shopify,https://farmatrujillo.com,https://www.instagram.com/farmaciatrujillo,,,0,,farmatrujillo2.0@gmail.com
Aurea Complementos,,+34 951 51 68 37,info.aureacomplementos@gmail.com,Nutrición y suplementos,tienda_online,No Amazon V1,daniela@libertyseller.es,,,,3,7967,116,5.5,Shopify,https://aureacomplementos.com,https://www.instagram.com/aureacomplementos,J75623769,sociedad,0,,"aureacomplementos@gmail.com; info@aureacomplementos.com"
INVITADISIMA,,+34 686 07 99 00,contacto@invitadisima.com,Regalos y celebraciones,tienda_online,No Amazon V1,daniela@libertyseller.es,,,,1,446768,1860,7.5,PrestaShop,https://invitadisima.com,https://www.instagram.com/invitadisima.shop,B86680998,sociedad,0,+34 914 67 30 24,pedidos@invitadisima.com
Thinking MU,,+34 625 18 40 50,shop@thinkingmu.com,Regalos y celebraciones,tienda_online,No Amazon V1,daniela@libertyseller.es,,,Barcelona,1,338878,503,6.8,Shopify,https://thinkingmu.com,https://www.instagram.com/thinkingmu,B65425084,sociedad,0,"+34 635 20 15 31; +34 658 61 59 49; +34 691 18 82 74",
La tienda ecológica Ecovidasolar,Ecovidasolar SL,+34 954 32 35 07,tienda@ecovidasolar.es,Regalos y celebraciones,tienda_online,No Amazon V1,daniela@libertyseller.es,OLARTE ROMERO FEDERICO,Administrador único,Seville,1,233523,759,9.7,PrestaShop,https://www.ecovidasolar.es,https://www.instagram.com/ecovidasolar,B90178930,,1,"+34 900 84 13 52; +34 954 51 68 81",
Tierra Zen,"Datos Identificativos Tierra Zen, S.L.U.",+34 977 51 07 22,info@tierrazen.com,Regalos y celebraciones,tienda_online,No Amazon V1,daniela@libertyseller.es,,,Tortosa,1,224697,1108,9.7,Shopify,https://tierrazen.com,https://www.instagram.com/tierrazen,B43525419,,0,,
NaitNait,Martanait SL,+34 955 12 31 43,info@naitnait.com,Regalos y celebraciones,tienda_online,No Amazon V1,daniela@libertyseller.es,DE PORRES ASTOLFI PEDRO MARIA,Apoderado,Seville,1,196610,1183,7,Shopify,https://www.naitnait.com,https://instagram.com/naitnaitkids,B90311911,,2,+34 634 76 27 58,pedidos@naitnait.com
HOPTOYS,SARL HOPTOYS Destino,+34 910 05 20 15,contacto@hoptoys.es,Regalos y celebraciones,tienda_online,No Amazon V1,daniela@libertyseller.es,,,,1,185361,2326,8.3,PrestaShop,https://www.hoptoys.es,https://www.instagram.com/hoptoys_es,N0018694J,,0,"+34 928 42 40 80; +34 910 05 20 14",
Jerseys Navideños,Cool Christmas Clothing S.L.,+34 914 24 57 28,contacto@jerseynavideno.com,Regalos y celebraciones,tienda_online,No Amazon V1,daniela@libertyseller.es,ORTIZ VALERO FRANCISCO JAVIER,Administrador único,Madrid,1,184331,864,8.7,Shopify,https://jerseynavideno.com,https://www.instagram.com/jerseysnavidenos,B42975615,,1,,"info@jerseynavideno.com; info@jerseynavideno.es"
Sibilina,,+34 617 64 43 54,info@sibilinaflamenca.es,Regalos y celebraciones,tienda_online,No Amazon V1,daniela@libertyseller.es,,,Seville,1,167459,1079,7.7,Shopify,https://sibilinaflamenca.es,https://www.instagram.com/sblnofficial,B90380940,sociedad,0,"+34 954 22 42 84; +34 916 79 57 90",
lafarmaciadelbebe,,+34 914 89 63 79,info@lafarmaciadelbebe.eu,Regalos y celebraciones,tienda_online,No Amazon V1,daniela@libertyseller.es,,,,1,163973,267,9.2,PrestaShop,https://www.lafarmaciadelbebe.eu,,,,0,,
Dulce Castro,,+34 857 62 90 03,hola@dulcecastro.com,Regalos y celebraciones,tienda_online,No Amazon V1,daniela@libertyseller.es,,,Córdoba,1,151695,5134,2.4,Shopify,https://dulcecastro.com,,B14960462,sociedad,0,"+34 957 84 84 96; +34 613 03 07 16",shoes@dulcecastro.com
kmina.com,,+34 650 42 16 81,hello@kmina.com,Regalos y celebraciones,tienda_online,No Amazon V1,daniela@libertyseller.es,,,Alboraya,1,151537,294,8.6,Shopify,https://kmina.com,https://www.instagram.com/kmina_com,B87491957,sociedad,0,+34 683 42 87 84,admin@kmina.com
Olmitos,"Olmitos, S.A.",+34 962 26 00 36,comercial@grupoolmitos.com,Regalos y celebraciones,tienda_online,No Amazon V1,daniela@libertyseller.es,MARTI BOLUDA AMPARO,Presidente / consejero delegado,,1,150326,163,6.8,PrestaShop,https://olmitos.com,https://www.instagram.com/olmitos_baby,A46370219,,9,,marketing2@grupoolmitos.com
Cayro Woman,Cayro Woman SL,+34 661 68 64 88,tiendaonline@cayrowoman.com,Regalos y celebraciones,tienda_online,No Amazon V1,daniela@libertyseller.es,ROMERO CARREIRA FRANCISCO,Administrador solidario,Seville,1,144826,116,8.7,PrestaShop,http://cayrowoman.com,https://www.instagram.com/cayrowoman,B90185018,,2,+34 661 68 64 88,
FITPLANET,FITPLANET BRAND SL,+34 619 68 06 61,info@fitplanetco.com,Regalos y celebraciones,tienda_online,No Amazon V1,daniela@libertyseller.es,CERRADA GARCIA PAULA,Administrador solidario,Sant Pere de Ribes,1,136373,350,5.3,Shopify,https://fitplanetco.com,https://www.instagram.com/fitplanetco,B72395007,,2,,
Higar Novias,"HIGAR MODA, S.L.",+34 673 32 96 46,tienda@higarnovias.com,Regalos y celebraciones,tienda_online,No Amazon V1,daniela@libertyseller.es,HIDALGO GARCIA MANUEL,Administrador único,,1,118753,958,5.7,PrestaShop,https://higarnovias.com,https://www.instagram.com/accounts/login/,B14326490,,2,"+34 957 63 86 88; +34 670 39 87 91; +34 957 71 27 80","export@higarnovias.com; info@higarnovias.com"
Jyoko,Jyoko Europe SL,+34 933 36 35 65,info@jyoko.com,Regalos y celebraciones,tienda_online,No Amazon V1,daniela@libertyseller.es,,,,1,114170,297,5.9,PrestaShop,https://jyoko.com,https://www.instagram.com/jyoko.kids,B66620683,,0,,
Bebeland,,+34 902 22 66 88,web@bebeland.es,Regalos y celebraciones,tienda_online,No Amazon V1,daniela@libertyseller.es,,,,1,110560,5,8.3,PrestaShop,https://bebeland.es,,A38093373,sociedad,0,,info@bebeland.es
Teresa Helbig,"TERESA HELBIG ATELIER, S.L.",+34 610 52 28 80,info@teresahelbig.com,Regalos y celebraciones,tienda_online,No Amazon V1,daniela@libertyseller.es,PARE MONROY JOSE MANUEL,Apoderado,Barcelona,1,107052,80,9.7,Shopify,https://teresahelbig.com,https://www.instagram.com/teresahelbig,B64805450,,1,"+34 675 89 21 60; +34 914 56 76 88; +34 934 51 55 44",
MIOH,Caruso y Ana S.L.,+34 941 39 32 54,info@mioh.eu,Regalos y celebraciones,tienda_online,No Amazon V1,daniela@libertyseller.es,OLLOQUI LOPEZ DAVALOS ANA MARIA,Administrador único,Logroño,1,97773,420,8.4,Shopify,https://mioh.eu,https://www.instagram.com/mioh.eu,B01531219,,1,,
www.curiosidadesyalgomas.com,Carolina Garrido Boquete,+34 659 08 28 83,info@curiosidadesyalgomas.com,Regalos y celebraciones,tienda_online,No Amazon V1,daniela@libertyseller.es,,,Almería,1,95962,622,9.7,PrestaShop,https://www.curiosidadesyalgomas.com,https://www.instagram.com/curiosidadesyalgomas,,,0,"+34 950 55 01 09; +34 659 08 28 93",
Baby Brezza Spain,BABYCLOUD SL,+34 646 66 70 23,Babybrezza@onnaworld.com,Regalos y celebraciones,tienda_online,No Amazon V1,daniela@libertyseller.es,MALET GOMEZ ERIC,Administrador solidario,,1,89059,87,3.3,Shopify,https://babybrezza.es,https://www.instagram.com/babybrezza_iberia,B98938764,,2,,"info@onnaworld.com; babyrezza@onnaworld.com"
payment.deusto.es,,+34 944 13 90 00,payment@deusto.es,Regalos y celebraciones,tienda_online,No Amazon V1,daniela@libertyseller.es,,,Donostia-San Sebastian,1,80912,76069,9.7,PrestaShop,https://payment.deusto.es,,,,0,,
Tienda Survival International,,+34 915 21 72 83,info@survival.es,Regalos y celebraciones,tienda_online,No Amazon V1,daniela@libertyseller.es,,,Madrid,1,78309,25,9.7,Shopify,https://tienda.survival.es,,,,0,,colabora@survival.es
Nonotu S.L,,+34 684 41 48 17,hola@nonotu.com,Regalos y celebraciones,tienda_online,No Amazon V1,daniela@libertyseller.es,,,,1,77302,7,9.7,PrestaShop,https://nonotu.com,https://www.instagram.com/nonotu_,53601782Y,,0,,info@nonotu.com
Kuaki Mermaids,Innovaciones Ferre 2016 S.L.,+34 960 26 78 04,info@kuakimermaids.com,Regalos y celebraciones,tienda_online,No Amazon V1,daniela@libertyseller.es,FERRE VAÑO VICENTE,Administrador solidario,,1,70829,121,8.5,PrestaShop,https://kuakimermaids.com,https://www.instagram.com/kuakimermaids,B98818982,,2,+34 609 55 46 33,
tiendanostradamus.com,,+34 932 29 62 82,informacion@tiendanostradamus.com,Regalos y celebraciones,tienda_online,No Amazon V1,daniela@libertyseller.es,,,Barcelona,1,66596,414,9.7,PrestaShop,https://tiendanostradamus.com,https://www.instagram.com/tiendadetarots,,,0,+34 932 29 62 83,info@tiendanostradamus.com
Bebé Pasea,,+34 644 58 66 49,info@bebepasea.es,Regalos y celebraciones,tienda_online,No Amazon V1,daniela@libertyseller.es,,,,1,65850,96,6.2,PrestaShop,https://bebepasea.es,https://www.instagram.com/bebepasea.es,B01781764,sociedad,0,,
Petit Abú,,+34 613 22 99 08,info@petitabu.com,Regalos y celebraciones,tienda_online,No Amazon V1,daniela@libertyseller.es,,,Madrid,1,62240,1969,6.5,Shopify,https://petitabu.com,https://instagram.com/petit_abu,B88178835,,0,+34 915 78 98 87,"servicio@petitabu.com; soporte@petitabu.com"
Rocío Fernández Cotta,,+34 659 47 10 19,info@rociofernandezcotta.es,Regalos y celebraciones,tienda_online,No Amazon V1,daniela@libertyseller.es,,,Seville,1,59999,377,11.7,Shopify,https://rociofernandezcotta.es,https://www.instagram.com/rociofdezcotta,28874466J,autonomo,0,"+34 914 09 00 16; +34 954 23 89 15",rociofernandezcotta@gmail.com
Sophie et Voilà,Sophie Et Voilá S.L.,+34 944 18 77 04,care@sophieetvoila.com,Regalos y celebraciones,tienda_online,No Amazon V1,daniela@libertyseller.es,GOITIA IZAGUIRRE SAIOA,Administrador único,Bilbao,1,59750,543,8,Shopify,https://www.sophieetvoila.com,https://instagram.com/sophieetvoila,B95827952,sociedad,1,,info@sophieetvoila.com
