"Marketplace ID","Merchant ID","Order Date","Transaction Type","Is Invoice Corrected","Order ID","Shipment Date","Shipment ID","Transaction ID",ASIN,SKU,Quantity,"Tax Calculation Date","Tax Rate","Product Tax Code",Currency,"Tax Type","Tax Calculation Reason Code","Tax Reporting Scheme","Tax Collection Responsibility","Tax Address Role","Jurisdiction Level","Jurisdiction Name","OUR_PRICE Tax Inclusive Selling Price","OUR_PRICE Tax Amount","OUR_PRICE Tax Exclusive Selling Price","OUR_PRICE Tax Inclusive Promo Amount","OUR_PRICE Tax Amount Promo","OUR_PRICE Tax Exclusive Promo Amount","SHIPPING Tax Inclusive Selling Price","SHIPPING Tax Amount","SHIPPING Tax Exclusive Selling Price","SHIPPING Tax Inclusive Promo Amount","SHIPPING Tax Amount Promo","SHIPPING Tax Exclusive Promo Amount","GIFTWRAP Tax Inclusive Selling Price","GIFTWRAP Tax Amount","GIFTWRAP Tax Exclusive Selling Price","GIFTWRAP Tax Inclusive Promo Amount","GIFTWRAP Tax Amount Promo","GIFTWRAP Tax Exclusive Promo Amount","Seller Tax Registration","Seller Tax Registration Jurisdiction","Buyer Tax Registration","Buyer Tax Registration Jurisdiction","Buyer Tax Registration Type","Buyer E Invoice Account Id","Invoice Level Currency Code","Invoice Level Exchange Rate","Invoice Level Exchange Rate Date","Converted Tax Amount","VAT Invoice Number","Invoice Url","Export Outside EU","Ship From City","Ship From State","Ship From Country","Ship From Postal Code","Ship From Tax Location Code","Ship To City","Ship To State","Ship To Country","Ship To Postal Code","Ship To Location Code","Return Fc Country","Is Amazon Invoiced","Original VAT Invoice Number","Invoice Correction Details","E-Invoice Delivery Status","E-Invoice Error Code","E-Invoice Error Description","E-Invoice Status Last Updated Date","EInvoice URL","Buyer Peppol Id","Seller Peppol Id","Buyer NIP","Seller NIP","KSeF Number"
DE,122283732812,"28-Mar-2026 UTC",SHIPMENT,FALSE,305-8850787-6321113,"30-Mar-2026 UTC",26157647646039,26157647646039,B0D7765GRG,439522-39,1,"28-Mar-2026 UTC",0.1900,A_GEN_STANDARD,EUR,VAT,Taxable,VCS_EU_OSS,Seller,ShipTo,Country,GERMANY,139.53,22.28,117.25,0.00,0.00,0.00,0.00,0.00,0.00,0.00,0.00,0.00,0.00,0.00,0.00,0.00,0.00,0.00,ESB71337349,ES,,,,,,0.0000,,0.00,ES6000209FPVBU,"https://sellercentral.amazon.de/document/download?v=urn%3aalx%3adoc%3a9d8cab0f-1f96-4462-8642-ace99a371392%3aec25a226-b9bf-4f90-95b9-74f1e36108e4&t=EU_Retail_Forward",false,Pamplona,Navarra,ES,31001,807240000,Sanitz,,DE,18190,802760000,,true,,,,,,,,,,,,
DE,122283732812,"17-Mar-2026 UTC",SHIPMENT,FALSE,304-1463805-4669117,"18-Mar-2026 UTC",26122791137039,26122791137039,B07DPSG85S,341203-37,1,"17-Mar-2026 UTC",0.1900,A_GEN_STANDARD,EUR,VAT,Taxable,VCS_EU_OSS,Seller,ShipTo,Country,GERMANY,84.87,13.55,71.32,0.00,0.00,0.00,0.00,0.00,0.00,0.00,0.00,0.00,0.00,0.00,0.00,0.00,0.00,0.00,ESB71337349,ES,,,,,,0.0000,,0.00,ES60001S9FPVBU,"https://sellercentral.amazon.de/document/download?v=urn%3aalx%3adoc%3a9d8cab0f-1f96-4462-8642-ace99a371392%3add64a325-521f-449d-a5e9-b2b68571901a&t=EU_Retail_Forward",false,Pamplona,Navarra,ES,31001,807240000,"Halle (Saale)",Sachsen-Anhalt,DE,06130,802760000,,true,,,,,,,,,,,,
DE,122283732812,"15-Mar-2026 UTC",RETURN,FALSE,302-0908205-1804300,"26-Mar-2026 UTC",26114888746039,"amzn1:crow:0EEyZORqRwuoaOnTDKoN0A",B0D4YTWDY1,090189-40,1,"15-Mar-2026 UTC",0.1900,A_GEN_STANDARD,EUR,VAT,Taxable,VCS_EU_OSS,Seller,ShipTo,Country,GERMANY,-107.80,-17.21,-90.59,0.00,0.00,0.00,0.00,0.00,0.00,0.00,0.00,0.00,0.00,0.00,0.00,0.00,0.00,0.00,ESB71337349,ES,,,,,,0.0000,,0.00,ES60000G9FPVBQ,"https://sellercentral.amazon.de/document/download?v=urn%3aalx%3adoc%3a9d8cab0f-1f96-4462-8642-ace99a371392%3a05bba7b5-7178-446e-83f6-c5f4861d6190&t=EU_Retail_Reversal",false,Pamplona,Navarra,ES,31001,807240000,Minden,,DE,32429,802760000,,true,,,,,,,,,,,,
DE,122283732812,"15-Mar-2026 UTC",SHIPMENT,FALSE,302-0908205-1804300,"16-Mar-2026 UTC",26114888746039,26114888746039,B0D4YTWDY1,090189-40,1,"15-Mar-2026 UTC",0.1900,A_GEN_STANDARD,EUR,VAT,Taxable,VCS_EU_OSS,Seller,ShipTo,Country,GERMANY,107.80,17.21,90.59,0.00,0.00,0.00,0.00,0.00,0.00,0.00,0.00,0.00,0.00,0.00,0.00,0.00,0.00,0.00,ESB71337349,ES,,,,,,0.0000,,0.00,ES60001R9FPVBU,"https://sellercentral.amazon.de/document/download?v=urn%3aalx%3adoc%3a9d8cab0f-1f96-4462-8642-ace99a371392%3a6ef34e4c-c22c-4798-b455-e659895f7797&t=EU_Retail_Forward",false,Pamplona,Navarra,ES,31001,807240000,Minden,,DE,32429,802760000,,true,,,,,,,,,,,,
DE,122283732812,"01-Mar-2026 UTC",SHIPMENT,FALSE,028-5015437-9877950,"02-Mar-2026 UTC",26059132555039,26059132555039,B0CH134DW4,673366-38,1,"01-Mar-2026 UTC",0.1900,A_GEN_STANDARD,EUR,VAT,Taxable,VCS_EU_OSS,Seller,ShipTo,Country,GERMANY,109.84,17.54,92.30,0.00,0.00,0.00,0.00,0.00,0.00,0.00,0.00,0.00,0.00,0.00,0.00,0.00,0.00,0.00,ESB71337349,ES,,,,,,0.0000,,0.00,ES60001I9FPVBU,"https://sellercentral.amazon.de/document/download?v=urn%3aalx%3adoc%3a9d8cab0f-1f96-4462-8642-ace99a371392%3a85390077-8d7f-4a8e-9e72-dce91d533834&t=EU_Retail_Forward",false,Pamplona,Navarra,ES,31001,807240000,Stuttgart,,DE,70565,802760001,,true,,,,,,,,,,,,
DE,122283732812,"16-Feb-2026 UTC",REFUND,FALSE,303-1126271-7631545,"05-Mar-2026 UTC",26008647739039,"amzn1:crow:PBcB/1LORc6nkwY2aNc2fg",B0D4YTWDY1,090189-40,1,"16-Feb-2026 UTC",0.1900,A_GEN_STANDARD,EUR,VAT,Taxable,VCS_EU_OSS,Seller,ShipTo,Country,GERMANY,-107.80,-17.21,-90.59,0.00,0.00,0.00,0.00,0.00,0.00,0.00,0.00,0.00,0.00,0.00,0.00,0.00,0.00,0.00,ESB71337349,ES,,,,,,0.0000,,0.00,ES60000C9FPVBQ,"https://sellercentral.amazon.de/document/download?v=urn%3aalx%3adoc%3a9d8cab0f-1f96-4462-8642-ace99a371392%3abe498133-6919-435a-8543-9a65f5b3a9f4&t=EU_Retail_Reversal",false,Pamplona,Navarra,ES,31001,807240000,Düren,,DE,52349,802760000,,true,,,,,,,,,,,,
DE,122283732812,"18-Mar-2026 UTC",SHIPMENT,FALSE,302-5687094-5145138,"20-Mar-2026 UTC",26125654122039,26125654122039,B0BRWG3SNN,815873-37,1,"18-Mar-2026 UTC",0.1900,A_GEN_STANDARD,EUR,VAT,Taxable,VCS_EU_OSS,Seller,ShipTo,Country,GERMANY,102.29,16.33,85.96,0.00,0.00,0.00,0.00,0.00,0.00,0.00,0.00,0.00,0.00,0.00,0.00,0.00,0.00,0.00,ESB71337349,ES,,,,,,0.0000,,0.00,ES60001T9FPVBU,"https://sellercentral.amazon.de/document/download?v=urn%3aalx%3adoc%3a9d8cab0f-1f96-4462-8642-ace99a371392%3ab7157644-8990-4967-aa4f-e51b7a49e5b8&t=EU_Retail_Forward",false,Pamplona,Navarra,ES,31001,807240000,Dessau,,DE,06842,802760000,,true,,,,,,,,,,,,
DE,122283732812,"12-Mar-2026 UTC",SHIPMENT,FALSE,306-2435787-8641946,"13-Mar-2026 UTC",26105607390039,26105607390039,B0DG5V9CBP,867043-39,1,"12-Mar-2026 UTC",0.1900,A_GEN_STANDARD,EUR,VAT,Taxable,VCS_EU_OSS,Seller,ShipTo,Country,GERMANY,93.39,14.91,78.48,0.00,0.00,0.00,0.00,0.00,0.00,0.00,0.00,0.00,0.00,0.00,0.00,0.00,0.00,0.00,ESB71337349,ES,,,,,,0.0000,,0.00,ES60001P9FPVBU,"https://sellercentral.amazon.de/document/download?v=urn%3aalx%3adoc%3a9d8cab0f-1f96-4462-8642-ace99a371392%3aa7b03bf7-e813-4a80-b656-da7c4e94bc0b&t=EU_Retail_Forward",false,Pamplona,Navarra,ES,31001,807240000,Celle,,DE,29229,802760000,,true,,,,,,,,,,,,
DE,122283732812,"11-Feb-2026 UTC",RETURN,FALSE,304-2064403-8552307,"09-Mar-2026 UTC",25987058577039,"amzn1:crow:1qdXjJT2Rw6l9fMaE0+wHA",B092LKGL6S,191937-37,1,"11-Feb-2026 UTC",0.1900,A_GEN_STANDARD,EUR,VAT,Taxable,VCS_EU_OSS,Seller,ShipTo,Country,GERMANY,-153.99,-24.59,-129.40,0.00,0.00,0.00,0.00,0.00,0.00,0.00,0.00,0.00,0.00,0.00,0.00,0.00,0.00,0.00,ESB71337349,ES,,,,,,0.0000,,0.00,ES60000D9FPVBQ,"https://sellercentral.amazon.de/document/download?v=urn%3aalx%3adoc%3a9d8cab0f-1f96-4462-8642-ace99a371392%3abafc72fc-78c7-46c4-9977-3806b99fb420&t=EU_Retail_Reversal",false,Pamplona,Navarra,ES,31001,807240000,Griesstätt,,DE,83556,802760000,,true,,,,,,,,,,,,
DE,122283732812,"28-Mar-2026 UTC",SHIPMENT,FALSE,305-7464700-4861114,"30-Mar-2026 UTC",26155929128039,26155929128039,B0D77667JT,439522-40,1,"28-Mar-2026 UTC",0.1900,A_GEN_STANDARD,EUR,VAT,Taxable,VCS_EU_OSS,Seller,ShipTo,Country,GERMANY,123.28,19.68,103.60,0.00,0.00,0.00,0.00,0.00,0.00,0.00,0.00,0.00,0.00,0.00,0.00,0.00,0.00,0.00,ESB71337349,ES,,,,,,0.0000,,0.00,ES6000219FPVBU,"https://sellercentral.amazon.de/document/download?v=urn%3aalx%3adoc%3a9d8cab0f-1f96-4462-8642-ace99a371392%3aecdfc12c-4a8a-4066-b14b-1a805e5d4ad3&t=EU_Retail_Forward",false,Pamplona,Navarra,ES,31001,807240000,Ilsfeld-Auenstein,,DE,74360,802760001,,true,,,,,,,,,,,,
DE,122283732812,"05-Mar-2026 UTC",SHIPMENT,FALSE,302-0069447-9513918,"05-Mar-2026 UTC",26072497865039,26072497865039,B0C3QJ8HMN,560195-37,1,"05-Mar-2026 UTC",0.1900,A_GEN_STANDARD,EUR,VAT,Taxable,VCS_EU_OSS,Seller,ShipTo,Country,GERMANY,163.90,26.17,137.73,0.00,0.00,0.00,0.00,0.00,0.00,0.00,0.00,0.00,0.00,0.00,0.00,0.00,0.00,0.00,ESB71337349,ES,,,,,,0.0000,,0.00,ES60001J9FPVBU,"https://sellercentral.amazon.de/document/download?v=urn%3aalx%3adoc%3a9d8cab0f-1f96-4462-8642-ace99a371392%3a07619300-ad5a-4b88-8547-df440ef281ba&t=EU_Retail_Forward",false,Pamplona,Navarra,ES,31001,807240000,Hamburg,,DE,22457,802760000,,true,,,,,,,,,,,,
DE,122283732812,"16-Feb-2026 UTC",RETURN,FALSE,302-7476709-0549901,"01-Mar-2026 UTC",26007970924039,"amzn1:crow:QXiLQuNmT0qxSN2WDEMoiA",B08J75LRZ6,050153-40,1,"16-Feb-2026 UTC",0.1900,A_GEN_STANDARD,EUR,VAT,Taxable,VCS_EU_OSS,Seller,ShipTo,Country,GERMANY,-164.99,-26.34,-138.65,0.00,0.00,0.00,0.00,0.00,0.00,0.00,0.00,0.00,0.00,0.00,0.00,0.00,0.00,0.00,ESB71337349,ES,,,,,,0.0000,,0.00,ES60000B9FPVBQ,"https://sellercentral.amazon.de/document/download?v=urn%3aalx%3adoc%3a9d8cab0f-1f96-4462-8642-ace99a371392%3ab5f06bae-ed2c-4beb-a8ee-dfceb9c4ba6c&t=EU_Retail_Reversal",false,Pamplona,Navarra,ES,31001,807240000,Wiefelstede,,DE,26215,802760000,,true,,,,,,,,,,,,
DE,122283732812,"08-Mar-2026 UTC",SHIPMENT,FALSE,302-7290882-6772353,"09-Mar-2026 UTC",26082235004039,26082235004039,B08RW9DB5B,516590-37,1,"08-Mar-2026 UTC",0.1900,A_GEN_STANDARD,EUR,VAT,Taxable,VCS_EU_OSS,Seller,ShipTo,Country,GERMANY,76.62,12.23,64.39,0.00,0.00,0.00,0.00,0.00,0.00,0.00,0.00,0.00,0.00,0.00,0.00,0.00,0.00,0.00,ESB71337349,ES,,,,,,0.0000,,0.00,ES60001L9FPVBU,"https://sellercentral.amazon.de/document/download?v=urn%3aalx%3adoc%3a9d8cab0f-1f96-4462-8642-ace99a371392%3a035faf18-1782-48cf-a56f-3dd1105eab7d&t=EU_Retail_Forward",false,Pamplona,Navarra,ES,31001,807240000,Dresden,,DE,01097,802760000,,true,,,,,,,,,,,,
DE,122283732812,"21-Mar-2026 UTC",SHIPMENT,FALSE,305-3038857-1649963,"21-Mar-2026 UTC",26133350533039,26133350533039,B071ZZH35V,156196-43,1,"21-Mar-2026 UTC",0.1900,A_GEN_STANDARD,EUR,VAT,Taxable,VCS_EU_OSS,Seller,ShipTo,Country,GERMANY,173.64,27.72,145.92,0.00,0.00,0.00,0.00,0.00,0.00,0.00,0.00,0.00,0.00,0.00,0.00,0.00,0.00,0.00,ESB71337349,ES,,,,,,0.0000,,0.00,ES60001V9FPVBU,"https://sellercentral.amazon.de/document/download?v=urn%3aalx%3adoc%3a9d8cab0f-1f96-4462-8642-ace99a371392%3a3a1c4b72-59bc-424f-a137-0ff653467273&t=EU_Retail_Forward",false,Pamplona,Navarra,ES,31001,807240000,Reinbek,,DE,21465,802760003,,true,,,,,,,,,,,,
DE,122283732812,"06-Mar-2026 UTC",SHIPMENT,FALSE,305-4496692-0160365,"06-Mar-2026 UTC",26076164232039,26076164232039,B0777PNZ7V,377924-42,1,"06-Mar-2026 UTC",0.1900,A_GEN_STANDARD,EUR,VAT,Taxable,VCS_EU_OSS,Seller,ShipTo,Country,GERMANY,93.47,14.92,78.55,0.00,0.00,0.00,0.00,0.00,0.00,0.00,0.00,0.00,0.00,0.00,0.00,0.00,0.00,0.00,ESB71337349,ES,,,,,,0.0000,,0.00,ES60001K9FPVBU,"https://sellercentral.amazon.de/document/download?v=urn%3aalx%3adoc%3a9d8cab0f-1f96-4462-8642-ace99a371392%3a109dff55-e134-442a-aa2c-3ae88a19a617&t=EU_Retail_Forward",false,Pamplona,Navarra,ES,31001,807240000,Mainz,,DE,55126,802760000,,true,,,,,,,,,,,,
DE,122283732812,"22-Feb-2026 UTC",RETURN,FALSE,028-4155519-0236316,"09-Mar-2026 UTC",26025802655039,"amzn1:crow:flBOalQATg29HuFHEICqXA",B0BWDKTC3F,768277-40,1,"22-Feb-2026 UTC",0.1900,A_GEN_STANDARD,EUR,VAT,Taxable,VCS_EU_OSS,Seller,ShipTo,Country,GERMANY,-174.90,-27.93,-146.97,0.00,0.00,0.00,0.00,0.00,0.00,0.00,0.00,0.00,0.00,0.00,0.00,0.00,0.00,0.00,ESB71337349,ES,,,,,,0.0000,,0.00,ES60000E9FPVBQ,"https://sellercentral.amazon.de/document/download?v=urn%3aalx%3adoc%3a9d8cab0f-1f96-4462-8642-ace99a371392%3a54b1540e-2aa4-42ae-8455-24a416e09987&t=EU_Retail_Reversal",false,Pamplona,Navarra,ES,31001,807240000,Bodolz,,DE,88131,802760000,,true,,,,,,,,,,,,
DE,122283732812,"03-Mar-2026 UTC",SHIPMENT,FALSE,304-4197395-6106744,"04-Mar-2026 UTC",26066577683039,26066577683039,B0CPW1SSKR,039901-40,1,"03-Mar-2026 UTC",0.0000,A_GEN_STANDARD,EUR,VAT,Taxable,,Seller,ShipFrom,Country,SPAIN,77.29,0.00,77.29,0.00,0.00,0.00,0.00,0.00,0.00,0.00,0.00,0.00,0.00,0.00,0.00,0.00,0.00,0.00,ESB71337349,ES,DE287878503,DE,VAT,,,0.0000,,0.00,ES60000M9FPVBI,"https://sellercentral.amazon.de/document/download?v=urn%3aalx%3adoc%3a9d8cab0f-1f96-4462-8642-ace99a371392%3a2520d53d-1da1-49de-bf3f-91bd0d1149cf&t=EU_Retail_Forward",false,Pamplona,Navarra,ES,31001,807240000,Schönefeld,,DE,12529,802760000,,true,,,,,,,,,,,,
DE,122283732812,"03-Mar-2026 UTC",REFUND,FALSE,304-4197395-6106744,"21-Mar-2026 UTC",26066577683039,"amzn1:crow:xa6sJ7fQQiiMaWp4Se5GoQ",B0CPW1SSKR,039901-40,1,"03-Mar-2026 UTC",0.0000,A_GEN_STANDARD,EUR,VAT,Taxable,,Seller,ShipFrom,Country,SPAIN,-77.29,0.00,-77.29,0.00,0.00,0.00,0.00,0.00,0.00,0.00,0.00,0.00,0.00,0.00,0.00,0.00,0.00,0.00,ESB71337349,ES,DE287878503,DE,VAT,,,0.0000,,0.00,ES6000049FPVBC,"https://sellercentral.amazon.de/document/download?v=urn%3aalx%3adoc%3a9d8cab0f-1f96-4462-8642-ace99a371392%3ac54f8eb1-acd3-40fb-892e-bfa4ddb89d2b&t=EU_Retail_Reversal",false,Pamplona,Navarra,ES,31001,807240000,Schönefeld,,DE,12529,802760000,,true,,,,,,,,,,,,
ES,122283732812,"12-Mar-2026 UTC",SHIPMENT,FALSE,407-8570106-9647562,"12-Mar-2026 UTC",26105003714039,26105003714039,B08RWXNZ8J,001172-44,1,"12-Mar-2026 UTC",0.2100,A_GEN_STANDARD,EUR,VAT,Taxable,,Seller,ShipTo,Country,SPAIN,104.05,18.06,85.99,0.00,0.00,0.00,0.00,0.00,0.00,0.00,0.00,0.00,0.00,0.00,0.00,0.00,0.00,0.00,ESB71337349,ES,,,,,,0.0000,,0.00,ES6000U79FPVBS,"https://sellercentral.amazon.es/document/download?v=urn%3aalx%3adoc%3a9d8cab0f-1f96-4462-8642-ace99a371392%3a1c3f5dc7-1cad-4525-815f-f71a13b4d9c0&t=EU_Retail_Forward",false,Pamplona,Navarra,ES,31001,807240000,"Las Maravillas",Mallorca,ES,07610,807240000,,true,,,,,,,,,,,,
ES,122283732812,"03-Mar-2026 UTC",SHIPMENT,FALSE,407-2913729-4803568,"04-Mar-2026 UTC",26067810419039,26067810419039,B08DG6GXTJ,633372-46,1,"03-Mar-2026 UTC",0.2100,A_GEN_STANDARD,EUR,VAT,Taxable,,Seller,ShipTo,Country,SPAIN,102.84,17.85,84.99,0.00,0.00,0.00,0.00,0.00,0.00,0.00,0.00,0.00,0.00,0.00,0.00,0.00,0.00,0.00,ESB71337349,ES,,,,,,0.0000,,0.00,ES6000RI9FPVBS,"https://sellercentral.amazon.es/document/download?v=urn%3aalx%3adoc%3a9d8cab0f-1f96-4462-8642-ace99a371392%3ab33801d3-d585-41c2-bfb3-e40ad1aef1ac&t=EU_Retail_Forward",false,Pamplona,Navarra,ES,31001,807240000,Alcorcón,Madrid,ES,28922,807240000,,true,,,,,,,,,,,,
ES,122283732812,"25-Mar-2026 UTC",SHIPMENT,FALSE,403-8313135-8089908,"26-Mar-2026 UTC",26148180353039,26148180353039,B071ZMRSH8,193518-43,1,"25-Mar-2026 UTC",0.2100,A_GEN_STANDARD,EUR,VAT,Taxable,,Seller,ShipTo,Country,SPAIN,74.99,13.01,61.98,0.00,0.00,0.00,0.00,0.00,0.00,0.00,0.00,0.00,0.00,0.00,0.00,0.00,0.00,0.00,ESB71337349,ES,,,,,,0.0000,,0.00,ES6000ZD9FPVBS,"https://sellercentral.amazon.es/document/download?v=urn%3aalx%3adoc%3a9d8cab0f-1f96-4462-8642-ace99a371392%3a4954c2bf-9d01-4e03-be6f-4839449e8b93&t=EU_Retail_Forward",false,Pamplona,Navarra,ES,31001,807240000,Madrid,"Comunidad de Madrid",ES,28043,807240000,,true,,,,,,,,,,,,
ES,122283732812,"05-Mar-2026 UTC",SHIPMENT,FALSE,405-7006019-0672326,"06-Mar-2026 UTC",107175755045302,107175755045302,B0CF9YQHQ8,FBA014726-40,1,"06-Mar-2026 UTC",0.2100,A_GEN_STANDARD,EUR,VAT,Taxable,,Seller,ShipTo,Country,SPAIN,81.22,14.10,67.12,0.00,0.00,0.00,0.00,0.00,0.00,0.00,0.00,0.00,0.00,0.00,0.00,0.00,0.00,0.00,ESB71337349,ES,,,,,,0.0000,,0.00,ES6000S49FPVBS,"https://sellercentral.amazon.es/document/download?v=urn%3aalx%3adoc%3a9d8cab0f-1f96-4462-8642-ace99a371392%3a7ab7201a-ddf8-48ac-ba45-a43f6977a540&t=EU_Retail_Forward",false,Murcia,Murcia,ES,30156,807240000,Illescas,Toledo,ES,45200,807240000,,true,,,,,,,,,,,,
ES,122283732812,"02-Mar-2026 UTC",SHIPMENT,FALSE,402-8058729-4110727,"03-Mar-2026 UTC",26064643863039,26064643863039,B01FT3A3MC,689071-43,1,"02-Mar-2026 UTC",0.2100,A_GEN_STANDARD,EUR,VAT,Taxable,,Seller,ShipTo,Country,SPAIN,55.80,9.68,46.12,0.00,0.00,0.00,0.00,0.00,0.00,0.00,0.00,0.00,0.00,0.00,0.00,0.00,0.00,0.00,ESB71337349,ES,,,,,,0.0000,,0.00,ES6000QK9FPVBS,"https://sellercentral.amazon.es/document/download?v=urn%3aalx%3adoc%3a9d8cab0f-1f96-4462-8642-ace99a371392%3ac59f864c-cf51-4420-ab3a-c3a93ca68ffe&t=EU_Retail_Forward",false,Pamplona,Navarra,ES,31001,807240000,sencelles,"Balears, Illes",ES,07140,807240000,,true,,,,,,,,,,,,
ES,122283732812,"21-Mar-2026 UTC",SHIPMENT,FALSE,407-2839529-5873946,"21-Mar-2026 UTC",26133376803039,26133376803039,B0C3JKX8QK,856763-43,1,"21-Mar-2026 UTC",0.2100,A_GEN_STANDARD,EUR,VAT,Taxable,,Seller,ShipTo,Country,SPAIN,67.27,11.67,55.60,0.00,0.00,0.00,0.00,0.00,0.00,0.00,0.00,0.00,0.00,0.00,0.00,0.00,0.00,0.00,ESB71337349,ES,,,,,,0.0000,,0.00,ES6000XI9FPVBS,"https://sellercentral.amazon.es/document/download?v=urn%3aalx%3adoc%3a9d8cab0f-1f96-4462-8642-ace99a371392%3a559129d4-b633-4600-ad77-1de51388ffd7&t=EU_Retail_Forward",false,Pamplona,Navarra,ES,31001,807240000,"Sant Feliu de Llobregat",Barcelona,ES,08980,807240000,,true,,,,,,,,,,,,
ES,122283732812,"19-Mar-2026 UTC",SHIPMENT,FALSE,405-4043148-6563520,"20-Mar-2026 UTC",26127886151039,26127886151039,B0BCNGQRVB,074253-40,1,"19-Mar-2026 UTC",0.2100,A_GEN_STANDARD,EUR,VAT,Taxable,,Seller,ShipTo,Country,SPAIN,99.99,17.35,82.64,0.00,0.00,0.00,0.00,0.00,0.00,0.00,0.00,0.00,0.00,0.00,0.00,0.00,0.00,0.00,ESB71337349,ES,,,,,,0.0000,,0.00,ES6000X19FPVBS,"https://sellercentral.amazon.es/document/download?v=urn%3aalx%3adoc%3a9d8cab0f-1f96-4462-8642-ace99a371392%3a2bcd9d19-9d3b-412d-8bc4-faeea070902c&t=EU_Retail_Forward",false,Pamplona,Navarra,ES,31001,807240000,Rota,Cadiz,ES,11520,807240000,,true,,,,,,,,,,,,
ES,122283732812,"19-Mar-2026 UTC",SHIPMENT,FALSE,406-6243539-4184327,"22-Mar-2026 UTC",107780470866302,107780470866302,B07DPSF5PJ,FBA426046-36,1,"20-Mar-2026 UTC",0.2100,A_GEN_STANDARD,EUR,VAT,Taxable,,Seller,ShipTo,Country,SPAIN,77.82,13.51,64.31,0.00,0.00,0.00,0.00,0.00,0.00,0.00,0.00,0.00,0.00,0.00,0.00,0.00,0.00,0.00,ESB71337349,ES,,,,,,0.0000,,0.00,ES6000XQ9FPVBS,"https://sellercentral.amazon.es/document/download?v=urn%3aalx%3adoc%3a9d8cab0f-1f96-4462-8642-ace99a371392%3a8b1a98c2-c493-4a54-9997-e0e16e3d3958&t=EU_Retail_Forward",false,Murcia,Murcia,ES,30156,807240000,LOGROÑO,"LA RIOJA",ES,26006,807240000,,true,,,,,,,,,,,,
ES,122283732812,"12-Mar-2026 UTC",SHIPMENT,FALSE,406-1008499-0672319,"12-Mar-2026 UTC",26100341864039,26100341864039,B0D11LHB8H,156024-42,1,"12-Mar-2026 UTC",0.2100,A_GEN_STANDARD,EUR,VAT,Taxable,,Seller,ShipTo,Country,SPAIN,70.99,12.32,58.67,0.00,0.00,0.00,0.00,0.00,0.00,0.00,0.00,0.00,0.00,0.00,0.00,0.00,0.00,0.00,ESB71337349,ES,,,,,,0.0000,,0.00,ES6000U69FPVBS,"https://sellercentral.amazon.es/document/download?v=urn%3aalx%3adoc%3a9d8cab0f-1f96-4462-8642-ace99a371392%3a141830ef-2279-4e66-88b1-ef783e2c6768&t=EU_Retail_Forward",false,Pamplona,Navarra,ES,31001,807240000,Mondragón,Guipúzcoa,ES,20500,807240000,,true,,,,,,,,,,,,
ES,122283732812,"04-Mar-2026 UTC",SHIPMENT,FALSE,404-0514129-9008317,"05-Mar-2026 UTC",107133815741302,107133815741302,B07DPPK91Y,FBA341203-41,1,"05-Mar-2026 UTC",0.2100,A_GEN_STANDARD,EUR,VAT,Taxable,,Seller,ShipTo,Country,SPAIN,80.00,13.88,66.12,0.00,0.00,0.00,0.00,0.00,0.00,0.00,0.00,0.00,0.00,0.00,0.00,0.00,0.00,0.00,ESB71337349,ES,,,,,,0.0000,,0.00,ES6000S39FPVBS,"https://sellercentral.amazon.es/document/download?v=urn%3aalx%3adoc%3a9d8cab0f-1f96-4462-8642-ace99a371392%3a7cf9445c-e68f-4f74-b1ee-7d157635f0d5&t=EU_Retail_Forward",false,Murcia,Murcia,ES,30156,807240000,"Arenys de Mar",Barcelona,ES,08350,807240000,,true,,,,,,,,,,,,
ES,122283732812,"21-Mar-2026 UTC",SHIPMENT,FALSE,402-1654332-0452354,"21-Mar-2026 UTC",26133765523039,26133765523039,B08T67N9N5,989003-44,1,"21-Mar-2026 UTC",0.2100,A_GEN_STANDARD,EUR,VAT,Taxable,,Seller,ShipTo,Country,SPAIN,72.00,12.50,59.50,0.00,0.00,0.00,0.00,0.00,0.00,0.00,0.00,0.00,0.00,0.00,0.00,0.00,0.00,0.00,ESB71337349,ES,,,,,,0.0000,,0.00,ES6000XJ9FPVBS,"https://sellercentral.amazon.es/document/download?v=urn%3aalx%3adoc%3a9d8cab0f-1f96-4462-8642-ace99a371392%3a9196eb38-77a0-49b5-a093-9cef8795724a&t=EU_Retail_Forward",false,Pamplona,Navarra,ES,31001,807240000,Ronda,Málaga,ES,29400,807240000,,true,,,,,,,,,,,,
ES,122283732812,"16-Mar-2026 UTC",SHIPMENT,FALSE,404-4631618-9967502,"17-Mar-2026 UTC",26119349204039,26119349204039,B09RSMKCLV,850345-41,1,"16-Mar-2026 UTC",0.2100,A_GEN_STANDARD,EUR,VAT,Taxable,,Seller,ShipTo,Country,SPAIN,109.90,19.07,90.83,0.00,0.00,0.00,0.00,0.00,0.00,0.00,0.00,0.00,0.00,0.00,0.00,0.00,0.00,0.00,ESB71337349,ES,,,,,,0.0000,,0.00,ES6000W09FPVBS,"https://sellercentral.amazon.es/document/download?v=urn%3aalx%3adoc%3a9d8cab0f-1f96-4462-8642-ace99a371392%3a9f292720-38f6-427b-926e-a25ca43c4755&t=EU_Retail_Forward",false,Pamplona,Navarra,ES,31001,807240000,Valencia,Valencia,ES,46024,807240000,,true,,,,,,,,,,,,
ES,122283732812,"20-Mar-2026 UTC",SHIPMENT,FALSE,405-0860965-0351562,"21-Mar-2026 UTC",26132642570039,26132642570039,B07DPPLZRC,554862-41,1,"20-Mar-2026 UTC",0.2100,A_GEN_STANDARD,EUR,VAT,Taxable,,Seller,ShipTo,Country,SPAIN,78.89,13.69,65.20,0.00,0.00,0.00,0.00,0.00,0.00,0.00,0.00,0.00,0.00,0.00,0.00,0.00,0.00,0.00,ESB71337349,ES,,,,,,0.0000,,0.00,ES6000XF9FPVBS,"https://sellercentral.amazon.es/document/download?v=urn%3aalx%3adoc%3a9d8cab0f-1f96-4462-8642-ace99a371392%3a5c1cab0c-3ccb-4b2f-8ff6-d5d4446736a0&t=EU_Retail_Forward",false,Pamplona,Navarra,ES,31001,807240000,Madrid,Madrid,ES,28027,807240000,,true,,,,,,,,,,,,
ES,122283732812,"21-Mar-2026 UTC",SHIPMENT,FALSE,402-4584192-0123543,"23-Mar-2026 UTC",26135360242039,26135360242039,B0D5N7GQB1,856763-46,1,"21-Mar-2026 UTC",0.2100,A_GEN_STANDARD,EUR,VAT,Taxable,,Seller,ShipTo,Country,SPAIN,72.00,12.50,59.50,0.00,0.00,0.00,0.00,0.00,0.00,0.00,0.00,0.00,0.00,0.00,0.00,0.00,0.00,0.00,ESB71337349,ES,,,,,,0.0000,,0.00,ES6000Y89FPVBS,"https://sellercentral.amazon.es/document/download?v=urn%3aalx%3adoc%3a9d8cab0f-1f96-4462-8642-ace99a371392%3af2c9dec8-b980-4c95-bab8-a07d508f3429&t=EU_Retail_Forward",false,Pamplona,Navarra,ES,31001,807240000,Valencia,"Puerto De Sagunto",ES,46520,807240000,,true,,,,,,,,,,,,
ES,122283732812,"16-Mar-2026 UTC",SHIPMENT,FALSE,403-5632013-1287546,"17-Mar-2026 UTC",26119462215039,26119462215039,B09RSSWG33,850345-42,1,"16-Mar-2026 UTC",0.2100,A_GEN_STANDARD,EUR,VAT,Taxable,,Seller,ShipTo,Country,SPAIN,109.90,19.07,90.83,0.00,0.00,0.00,0.00,0.00,0.00,0.00,0.00,0.00,0.00,0.00,0.00,0.00,0.00,0.00,ESB71337349,ES,,,,,,0.0000,,0.00,ES6000W29FPVBS,"https://sellercentral.amazon.es/document/download?v=urn%3aalx%3adoc%3a9d8cab0f-1f96-4462-8642-ace99a371392%3a7a350286-0694-4a52-9d24-932676c1391a&t=EU_Retail_Forward",false,Pamplona,Navarra,ES,31001,807240000,Madrid,Madrid,ES,28049,807240000,,true,,,,,,,,,,,,
ES,122283732812,"07-Mar-2026 UTC",SHIPMENT,FALSE,403-9570183-8581138,"07-Mar-2026 UTC",107242587509302,107242587509302,B072M2Q172,FBA969056-40,1,"07-Mar-2026 UTC",0.2100,A_GEN_STANDARD,EUR,VAT,Taxable,,Seller,ShipTo,Country,SPAIN,75.49,13.10,62.39,0.00,0.00,0.00,0.00,0.00,0.00,0.00,0.00,0.00,0.00,0.00,0.00,0.00,0.00,0.00,ESB71337349,ES,,,,,,0.0000,,0.00,ES6000SG9FPVBS,"https://sellercentral.amazon.es/document/download?v=urn%3aalx%3adoc%3a9d8cab0f-1f96-4462-8642-ace99a371392%3a816f55a3-371e-4696-a60a-88445e583a1b&t=EU_Retail_Forward",false,Illescas,Illescas,ES,45200,807240000,Madrid,Madrid,ES,28037,807240000,,true,,,,,,,,,,,,
ES,122283732812,"15-Mar-2026 UTC",SHIPMENT,FALSE,407-2090974-2933958,"16-Mar-2026 UTC",26116194798039,26116194798039,B0F3ZGP49J,436943-40,1,"15-Mar-2026 UTC",0.2100,A_GEN_STANDARD,EUR,VAT,Taxable,,Seller,ShipTo,Country,SPAIN,92.09,15.98,76.11,0.00,0.00,0.00,0.00,0.00,0.00,0.00,0.00,0.00,0.00,0.00,0.00,0.00,0.00,0.00,ESB71337349,ES,,,,,,0.0000,,0.00,ES6000VG9FPVBS,"https://sellercentral.amazon.es/document/download?v=urn%3aalx%3adoc%3a9d8cab0f-1f96-4462-8642-ace99a371392%3ae9b94142-266d-4f54-94cd-a2d678d9ea26&t=EU_Retail_Forward",false,Pamplona,Navarra,ES,31001,807240000,TORREDONJIMENO,JAÉN,ES,23650,807240000,,true,,,,,,,,,,,,
ES,122283732812,"25-Mar-2026 UTC",SHIPMENT,FALSE,405-7327708-3946747,"25-Mar-2026 UTC",26146005919039,26146005919039,B0CVKZ5FM1,445000-42,1,"25-Mar-2026 UTC",0.2100,A_GEN_STANDARD,EUR,VAT,Taxable,,Seller,ShipTo,Country,SPAIN,79.65,13.82,65.83,0.00,0.00,0.00,0.00,0.00,0.00,0.00,0.00,0.00,0.00,0.00,0.00,0.00,0.00,0.00,ESB71337349,ES,,,,,,0.0000,,0.00,ES6000YZ9FPVBS,"https://sellercentral.amazon.es/document/download?v=urn%3aalx%3adoc%3a9d8cab0f-1f96-4462-8642-ace99a371392%3a4eb042a9-97f6-46bd-afdd-112b37d2d1cb&t=EU_Retail_Forward",false,Pamplona,Navarra,ES,31001,807240000,"Barberà Del Vallès",Barcelona,ES,08210,807240000,,true,,,,,,,,,,,,
ES,122283732812,"11-Mar-2026 UTC",SHIPMENT,FALSE,403-2012979-8993165,"11-Mar-2026 UTC",107407584690302,107407584690302,B07DPXD4YL,FBA426046-40,1,"11-Mar-2026 UTC",0.2100,A_GEN_STANDARD,EUR,VAT,Taxable,,Seller,ShipTo,Country,SPAIN,74.24,12.88,61.36,0.00,0.00,0.00,0.00,0.00,0.00,0.00,0.00,0.00,0.00,0.00,0.00,0.00,0.00,0.00,ESB71337349,ES,,,,,,0.0000,,0.00,ES6000U39FPVBS,"https://sellercentral.amazon.es/document/download?v=urn%3aalx%3adoc%3a9d8cab0f-1f96-4462-8642-ace99a371392%3ad25cfbea-5f1f-447b-a0e9-678585732768&t=EU_Retail_Forward",false,Murcia,Murcia,ES,30156,807240000,Madrid,Madrid,ES,28015,807240000,,true,,,,,,,,,,,,
ES,122283732812,"22-Mar-2026 UTC",SHIPMENT,FALSE,408-5487887-9354750,"22-Mar-2026 UTC",545638892283001,545638892283001,B072M2PM4T,FBA969056-43,1,"22-Mar-2026 UTC",0.2100,A_GEN_STANDARD,EUR,VAT,Taxable,,Seller,ShipTo,Country,SPAIN,75.49,13.10,62.39,0.00,0.00,0.00,0.00,0.00,0.00,0.00,0.00,0.00,0.00,0.00,0.00,0.00,0.00,0.00,ESB71337349,ES,ESW0184081H,ES,VAT,,,0.0000,,0.00,N/A,N/A,false,Murcia,Murcia,ES,30156,807240000,Murcia,Murcia,ES,30156,807240000,,true,,,,,,,,,,,,
ES,122283732812,"11-Mar-2026 UTC",SHIPMENT,FALSE,408-5760383-4120362,"12-Mar-2026 UTC",535991280469001,535991280469001,B072Q1L4CS,FBA969056-45,1,"12-Mar-2026 UTC",0.2100,A_GEN_STANDARD,EUR,VAT,Taxable,,Seller,ShipTo,Country,SPAIN,75.49,13.10,62.39,0.00,0.00,0.00,0.00,0.00,0.00,0.00,0.00,0.00,0.00,0.00,0.00,0.00,0.00,0.00,ESB71337349,ES,ESW0184081H,ES,VAT,,,0.0000,,0.00,N/A,N/A,false,Murcia,Murcia,ES,30156,807240000,Murcia,Murcia,ES,30156,807240000,,true,,,,,,,,,,,,
ES,122283732812,"04-Mar-2026 UTC",SHIPMENT,FALSE,404-9887291-6614751,"05-Mar-2026 UTC",107129894100302,107129894100302,B071J8J73L,FBA259505-42,1,"04-Mar-2026 UTC",0.2100,A_GEN_STANDARD,EUR,VAT,Taxable,,Seller,ShipTo,Country,SPAIN,75.49,13.10,62.39,0.00,0.00,0.00,0.00,0.00,0.00,0.00,0.00,0.00,0.00,0.00,0.00,0.00,0.00,0.00,ESB71337349,ES,,,,,,0.0000,,0.00,ES6000RR9FPVBS,"https://sellercentral.amazon.es/document/download?v=urn%3aalx%3adoc%3a9d8cab0f-1f96-4462-8642-ace99a371392%3aea393b5b-9a9e-4d2e-8e82-285b43ad18c8&t=EU_Retail_Forward",false,Illescas,Illescas,ES,45200,807240000,MADRID,MADRID,ES,28038,807240000,,true,,,,,,,,,,,,
ES,122283732812,"08-Mar-2026 UTC",SHIPMENT,FALSE,171-7141999-6312358,"08-Mar-2026 UTC",107277779151302,107277779151302,B072M2Q16S,FBA047768-43,1,"08-Mar-2026 UTC",0.2100,A_GEN_STANDARD,EUR,VAT,Taxable,,Seller,ShipTo,Country,SPAIN,85.81,14.89,70.92,0.00,0.00,0.00,0.00,0.00,0.00,0.00,0.00,0.00,0.00,0.00,0.00,0.00,0.00,0.00,ESB71337349,ES,,,,,,0.0000,,0.00,ES6000SN9FPVBS,"https://sellercentral.amazon.es/document/download?v=urn%3aalx%3adoc%3a9d8cab0f-1f96-4462-8642-ace99a371392%3ad8a89c12-1890-4fd6-bb3c-48ceb29ff05a&t=EU_Retail_Forward",false,Illescas,Illescas,ES,45200,807240000,"Bolaños de Calatrava","Ciudad Real",ES,13260,807240000,,true,,,,,,,,,,,,
ES,122283732812,"26-Mar-2026 UTC",SHIPMENT,FALSE,402-5417008-2104356,"26-Mar-2026 UTC",108038604881302,108038604881302,B072Q18WRJ,FBA377785-42,1,"26-Mar-2026 UTC",0.2100,A_GEN_STANDARD,EUR,VAT,Taxable,,Seller,ShipTo,Country,SPAIN,80.99,14.06,66.93,0.00,0.00,0.00,0.00,0.00,0.00,0.00,0.00,0.00,0.00,0.00,0.00,0.00,0.00,0.00,ESB71337349,ES,,,,,,0.0000,,0.00,ES6000ZH9FPVBS,"https://sellercentral.amazon.es/document/download?v=urn%3aalx%3adoc%3a9d8cab0f-1f96-4462-8642-ace99a371392%3a02c6cc1c-8e17-4776-9cab-e2181cddebdc&t=EU_Retail_Forward",false,Illescas,Illescas,ES,45200,807240000,"San Pablo de Buceite",Cadiz,ES,11320,807240000,,true,,,,,,,,,,,,
ES,122283732812,"11-Mar-2026 UTC",SHIPMENT,FALSE,406-0563673-5565116,"11-Mar-2026 UTC",26101227025039,26101227025039,B019QVYR9S,408076-42,1,"11-Mar-2026 UTC",0.2100,A_GEN_STANDARD,EUR,VAT,Taxable,,Seller,ShipTo,Country,SPAIN,55.35,9.61,45.74,0.00,0.00,0.00,0.00,0.00,0.00,0.00,0.00,0.00,0.00,0.00,0.00,0.00,0.00,0.00,ESB71337349,ES,,,,,,0.0000,,0.00,ES6000U29FPVBS,"https://sellercentral.amazon.es/document/download?v=urn%3aalx%3adoc%3a9d8cab0f-1f96-4462-8642-ace99a371392%3ae4cd893d-09e8-48a4-8099-a9a031fcba29&t=EU_Retail_Forward",false,Pamplona,Navarra,ES,31001,807240000,"Vilanova de Arousa",Pontevedra,ES,36620,807240000,,true,,,,,,,,,,,,
ES,122283732812,"03-Mar-2026 UTC",SHIPMENT,FALSE,402-5313587-7862742,"03-Mar-2026 UTC",107080593838302,107080593838302,B0772VF96V,FBA633372-41,1,"03-Mar-2026 UTC",0.2100,A_GEN_STANDARD,EUR,VAT,Taxable,,Seller,ShipTo,Country,SPAIN,87.80,15.24,72.56,0.00,0.00,0.00,0.00,0.00,0.00,0.00,0.00,0.00,0.00,0.00,0.00,0.00,0.00,0.00,ESB71337349,ES,,,,,,0.0000,,0.00,ES6000R39FPVBS,"https://sellercentral.amazon.es/document/download?v=urn%3aalx%3adoc%3a9d8cab0f-1f96-4462-8642-ace99a371392%3a6b7ca5f1-8c70-4a35-9508-88a2372558ea&t=EU_Retail_Forward",false,Murcia,Murcia,ES,30156,807240000,Loja,Granada,ES,18300,807240000,,true,,,,,,,,,,,,
ES,122283732812,"27-Mar-2026 UTC",SHIPMENT,FALSE,408-2855467-7768325,"27-Mar-2026 UTC",26152416330039,26152416330039,B0CW9YP5W1,560262-42,1,"27-Mar-2026 UTC",0.2100,A_GEN_STANDARD,EUR,VAT,Taxable,,Seller,ShipTo,Country,SPAIN,96.15,16.69,79.46,0.00,0.00,0.00,0.00,0.00,0.00,0.00,0.00,0.00,0.00,0.00,0.00,0.00,0.00,0.00,ESB71337349,ES,,,,,,0.0000,,0.00,ES6000ZR9FPVBS,"https://sellercentral.amazon.es/document/download?v=urn%3aalx%3adoc%3a9d8cab0f-1f96-4462-8642-ace99a371392%3a4e4b66b9-679f-4549-9a34-0af1f1fb97f5&t=EU_Retail_Forward",false,Pamplona,Navarra,ES,31001,807240000,"Torre de Benagalbón",Malaga,ES,29738,807240000,,true,,,,,,,,,,,,
ES,122283732812,"10-Mar-2026 UTC",SHIPMENT,FALSE,405-3246083-5925931,"10-Mar-2026 UTC",26089977507039,26089977507039,B07B6KQTMM,047768-46,1,"10-Mar-2026 UTC",0.2100,A_GEN_STANDARD,EUR,VAT,Taxable,,Seller,ShipTo,Country,SPAIN,82.50,14.32,68.18,0.00,0.00,0.00,0.00,0.00,0.00,0.00,0.00,0.00,0.00,0.00,0.00,0.00,0.00,0.00,ESB71337349,ES,,,,,,0.0000,,0.00,ES6000TQ9FPVBS,"https://sellercentral.amazon.es/document/download?v=urn%3aalx%3adoc%3a9d8cab0f-1f96-4462-8642-ace99a371392%3a3184a1d5-ef6d-4906-80e2-ea1268968e1d&t=EU_Retail_Forward",false,Pamplona,Navarra,ES,31001,807240000,Osuna,Sevilla,ES,41640,807240000,,true,,,,,,,,,,,,
ES,122283732812,"18-Mar-2026 UTC",SHIPMENT,FALSE,171-0823524-3798700,"20-Mar-2026 UTC",26125201999039,26125201999039,B0F5NZL1NX,464415-37,1,"18-Mar-2026 UTC",0.2100,A_GEN_STANDARD,EUR,VAT,Taxable,,Seller,ShipTo,Country,SPAIN,119.89,20.81,99.08,0.00,0.00,0.00,0.00,0.00,0.00,0.00,0.00,0.00,0.00,0.00,0.00,0.00,0.00,0.00,ESB71337349,ES,,,,,,0.0000,,0.00,ES6000X09FPVBS,"https://sellercentral.amazon.es/document/download?v=urn%3aalx%3adoc%3a9d8cab0f-1f96-4462-8642-ace99a371392%3aca6cf7df-8cb7-4027-bea4-06ccb7363328&t=EU_Retail_Forward",false,Pamplona,Navarra,ES,31001,807240000,EIVISSA,"ISLAS BALEARES",ES,07800,807240000,,true,,,,,,,,,,,,
ES,122283732812,"12-Mar-2026 UTC",SHIPMENT,FALSE,408-2195533-3905145,"13-Mar-2026 UTC",107460150022302,107460150022302,B072M2Q172,FBA969056-40,1,"12-Mar-2026 UTC",0.2100,A_GEN_STANDARD,EUR,VAT,Taxable,,Seller,ShipTo,Country,SPAIN,75.49,13.10,62.39,0.00,0.00,0.00,1.99,0.35,1.64,-1.99,-0.35,-1.64,0.00,0.00,0.00,0.00,0.00,0.00,ESB71337349,ES,,,,,,0.0000,,0.00,ES6000UF9FPVBS,"https://sellercentral.amazon.es/document/download?v=urn%3aalx%3adoc%3a9d8cab0f-1f96-4462-8642-ace99a371392%3a8a3aa26f-5e62-44c6-82d6-aed409e354f2&t=EU_Retail_Forward",false,Murcia,Murcia,ES,30156,807240000,Abaran,Murcia,ES,30550,807240000,,true,,,,,,,,,,,,
ES,122283732812,"05-Mar-2026 UTC",SHIPMENT,FALSE,403-1972369-4801914,"05-Mar-2026 UTC",26073045037039,26073045037039,B002PAQKIY,238583-45,1,"05-Mar-2026 UTC",0.2100,A_GEN_STANDARD,EUR,VAT,Taxable,,Seller,ShipTo,Country,SPAIN,135.14,23.45,111.69,0.00,0.00,0.00,0.00,0.00,0.00,0.00,0.00,0.00,0.00,0.00,0.00,0.00,0.00,0.00,ESB71337349,ES,,,,,,0.0000,,0.00,ES6000S19FPVBS,"https://sellercentral.amazon.es/document/download?v=urn%3aalx%3adoc%3a9d8cab0f-1f96-4462-8642-ace99a371392%3a5d821db4-4dcd-4452-9452-c9c939d66c53&t=EU_Retail_Forward",false,Pamplona,Navarra,ES,31001,807240000,Gondomar,"España, Galicia, Pontevedra",ES,36380,807240000,,true,,,,,,,,,,,,
ES,122283732812,"07-Mar-2026 UTC",SHIPMENT,FALSE,406-9870221-1926741,"08-Mar-2026 UTC",107241214643302,107241214643302,B07FYYCZJ2,FBA939229-38,1,"07-Mar-2026 UTC",0.2100,A_GEN_STANDARD,EUR,VAT,Taxable,,Seller,ShipTo,Country,SPAIN,75.55,13.11,62.44,0.00,0.00,0.00,0.00,0.00,0.00,0.00,0.00,0.00,0.00,0.00,0.00,0.00,0.00,0.00,ESB71337349,ES,,,,,,0.0000,,0.00,ES6000SI9FPVBS,"https://sellercentral.amazon.es/document/download?v=urn%3aalx%3adoc%3a9d8cab0f-1f96-4462-8642-ace99a371392%3ab94d4fcd-82e4-49a5-af97-31b472395b98&t=EU_Retail_Forward",false,Murcia,Murcia,ES,30156,807240000,BADALONA,,ES,08914,807240000,,true,,,,,,,,,,,,
ES,122283732812,"18-Mar-2026 UTC",SHIPMENT,FALSE,171-2489029-8667549,"18-Mar-2026 UTC",26124505855039,26124505855039,B07DPSJFRH,999945-38,1,"18-Mar-2026 UTC",0.2100,A_GEN_STANDARD,EUR,VAT,Taxable,,Seller,ShipTo,Country,SPAIN,77.99,13.54,64.45,0.00,0.00,0.00,0.00,0.00,0.00,0.00,0.00,0.00,0.00,0.00,0.00,0.00,0.00,0.00,ESB71337349,ES,,,,,,0.0000,,0.00,ES6000WP9FPVBS,"https://sellercentral.amazon.es/document/download?v=urn%3aalx%3adoc%3a9d8cab0f-1f96-4462-8642-ace99a371392%3a996fe805-8453-4b27-b15c-8de46491ac1d&t=EU_Retail_Forward",false,Pamplona,Navarra,ES,31001,807240000,Madrid,Madrid,ES,28043,807240000,,true,,,,,,,,,,,,
ES,122283732812,"17-Mar-2026 UTC",SHIPMENT,FALSE,406-1698623-3966731,"17-Mar-2026 UTC",26120674836039,26120674836039,B071J8J653,852191-41,1,"17-Mar-2026 UTC",0.2100,A_GEN_STANDARD,EUR,VAT,Taxable,,Seller,ShipTo,Country,SPAIN,72.99,12.67,60.32,0.00,0.00,0.00,0.00,0.00,0.00,0.00,0.00,0.00,0.00,0.00,0.00,0.00,0.00,0.00,ESB71337349,ES,,,,,,0.0000,,0.00,ES6000WB9FPVBS,"https://sellercentral.amazon.es/document/download?v=urn%3aalx%3adoc%3a9d8cab0f-1f96-4462-8642-ace99a371392%3a7c0fccaf-ec3d-467b-a071-8dcb5a752a5b&t=EU_Retail_Forward",false,Pamplona,Navarra,ES,31001,807240000,"Montcada i Reixac",Barcelona,ES,08110,807240000,,true,,,,,,,,,,,,
ES,122283732812,"02-Mar-2026 UTC",SHIPMENT,FALSE,406-3695664-5968312,"02-Mar-2026 UTC",26062240525039,26062240525039,B0CKTV1H8J,403367-43,1,"02-Mar-2026 UTC",0.2100,A_GEN_STANDARD,EUR,VAT,Taxable,,Seller,ShipTo,Country,SPAIN,87.10,15.12,71.98,0.00,0.00,0.00,0.00,0.00,0.00,0.00,0.00,0.00,0.00,0.00,0.00,0.00,0.00,0.00,ESB71337349,ES,,,,,,0.0000,,0.00,ES6000Q89FPVBS,"https://sellercentral.amazon.es/document/download?v=urn%3aalx%3adoc%3a9d8cab0f-1f96-4462-8642-ace99a371392%3ab3e0d9e0-1bd2-4171-88f0-a1104187b0fd&t=EU_Retail_Forward",false,Pamplona,Navarra,ES,31001,807240000,"O Redondo",Pontevedra,ES,36959,807240000,,true,,,,,,,,,,,,
ES,122283732812,"20-Mar-2026 UTC",SHIPMENT,FALSE,402-2845165-3664319,"20-Mar-2026 UTC",107798345794302,107798345794302,B0772WJQNP,FBA633372-44,1,"20-Mar-2026 UTC",0.2100,A_GEN_STANDARD,EUR,VAT,Taxable,,Seller,ShipTo,Country,SPAIN,86.49,15.01,71.48,0.00,0.00,0.00,0.00,0.00,0.00,0.00,0.00,0.00,0.00,0.00,0.00,0.00,0.00,0.00,ESB71337349,ES,,,,,,0.0000,,0.00,ES6000X89FPVBS,"https://sellercentral.amazon.es/document/download?v=urn%3aalx%3adoc%3a9d8cab0f-1f96-4462-8642-ace99a371392%3a749ea1b8-26f3-491a-8ba9-d76a6e10854d&t=EU_Retail_Forward",false,Murcia,Murcia,ES,30156,807240000,Sevilla,Sevilla,ES,41008,807240000,,true,,,,,,,,,,,,
ES,122283732812,"08-Mar-2026 UTC",SHIPMENT,FALSE,407-4548575-6742718,"09-Mar-2026 UTC",107276992516302,107276992516302,B071W6NSBD,FBA969056-44,1,"08-Mar-2026 UTC",0.2100,A_GEN_STANDARD,EUR,VAT,Taxable,,Seller,ShipTo,Country,SPAIN,75.49,13.10,62.39,0.00,0.00,0.00,0.00,0.00,0.00,0.00,0.00,0.00,0.00,0.00,0.00,0.00,0.00,0.00,ESB71337349,ES,,,,,,0.0000,,0.00,ES6000SO9FPVBS,"https://sellercentral.amazon.es/document/download?v=urn%3aalx%3adoc%3a9d8cab0f-1f96-4462-8642-ace99a371392%3a195a395e-edb6-414b-bb24-80b6aa504240&t=EU_Retail_Forward",false,Murcia,Murcia,ES,30156,807240000,"Caravaca de la cruz",Murcia,ES,30400,807240000,,true,,,,,,,,,,,,
ES,122283732812,"10-Mar-2026 UTC",SHIPMENT,FALSE,402-1775352-3325151,"11-Mar-2026 UTC",107361208632302,107361208632302,B07DPXD13S,FBA747828-38,1,"10-Mar-2026 UTC",0.2100,A_GEN_STANDARD,EUR,VAT,Taxable,,Seller,ShipTo,Country,SPAIN,83.90,14.56,69.34,0.00,0.00,0.00,0.00,0.00,0.00,0.00,0.00,0.00,0.00,0.00,0.00,0.00,0.00,0.00,ESB71337349,ES,,,,,,0.0000,,0.00,ES6000TT9FPVBS,"https://sellercentral.amazon.es/document/download?v=urn%3aalx%3adoc%3a9d8cab0f-1f96-4462-8642-ace99a371392%3a5df8757d-b6c2-4246-85b4-f98067f64688&t=EU_Retail_Forward",false,Murcia,Murcia,ES,30156,807240000,"Mota del Marques",Valladolid,ES,47120,807240000,,true,,,,,,,,,,,,
ES,122283732812,"09-Mar-2026 UTC",SHIPMENT,FALSE,408-7731011-7069119,"10-Mar-2026 UTC",26088211470039,26088211470039,B0CVYN1C9G,985720-40,1,"09-Mar-2026 UTC",0.2100,A_GEN_STANDARD,EUR,VAT,Taxable,,Seller,ShipTo,Country,SPAIN,55.74,9.67,46.07,0.00,0.00,0.00,0.00,0.00,0.00,0.00,0.00,0.00,0.00,0.00,0.00,0.00,0.00,0.00,ESB71337349,ES,,,,,,0.0000,,0.00,ES6000TM9FPVBS,"https://sellercentral.amazon.es/document/download?v=urn%3aalx%3adoc%3a9d8cab0f-1f96-4462-8642-ace99a371392%3abad3dc02-aada-45de-97eb-a576260faa53&t=EU_Retail_Forward",false,Pamplona,Navarra,ES,31001,807240000,ALMERIA,ALMERIA,ES,04006,807240000,,true,,,,,,,,,,,,
ES,122283732812,"07-Mar-2026 UTC",SHIPMENT,FALSE,407-9434587-9106723,"09-Mar-2026 UTC",26079451873039,26079451873039,B0DW3XJZNF,985790-40,1,"07-Mar-2026 UTC",0.2100,A_GEN_STANDARD,EUR,VAT,Taxable,,Seller,ShipTo,Country,SPAIN,104.82,18.19,86.63,0.00,0.00,0.00,0.00,0.00,0.00,0.00,0.00,0.00,0.00,0.00,0.00,0.00,0.00,0.00,ESB71337349,ES,,,,,,0.0000,,0.00,ES6000ST9FPVBS,"https://sellercentral.amazon.es/document/download?v=urn%3aalx%3adoc%3a9d8cab0f-1f96-4462-8642-ace99a371392%3ac52b4086-db28-46b0-9872-7cade4fce425&t=EU_Retail_Forward",false,Pamplona,Navarra,ES,31001,807240000,"Urb. 5 Estrelles - El Catllar",Tarragona,ES,43764,807240000,,true,,,,,,,,,,,,
ES,122283732812,"16-Mar-2026 UTC",SHIPMENT,FALSE,406-7784684-1291508,"17-Mar-2026 UTC",26119772087039,26119772087039,B08QM8H8JN,674821-44,1,"16-Mar-2026 UTC",0.2100,A_GEN_STANDARD,EUR,VAT,Taxable,,Seller,ShipTo,Country,SPAIN,58.02,10.07,47.95,0.00,0.00,0.00,0.00,0.00,0.00,0.00,0.00,0.00,0.00,0.00,0.00,0.00,0.00,0.00,ESB71337349,ES,,,,,,0.0000,,0.00,ES6000W39FPVBS,"https://sellercentral.amazon.es/document/download?v=urn%3aalx%3adoc%3a9d8cab0f-1f96-4462-8642-ace99a371392%3a59f9a590-120d-497a-b70d-d1a8dcec9d87&t=EU_Retail_Forward",false,Pamplona,Navarra,ES,31001,807240000,MADRID,MADRID,ES,28011,807240000,,true,,,,,,,,,,,,
ES,122283732812,"26-Mar-2026 UTC",SHIPMENT,FALSE,171-1354419-7549169,"26-Mar-2026 UTC",26150553254039,26150553254039,B00SYILQE4,168754-41,1,"26-Mar-2026 UTC",0.2100,A_GEN_STANDARD,EUR,VAT,Taxable,,Seller,ShipTo,Country,SPAIN,55.84,9.69,46.15,0.00,0.00,0.00,0.00,0.00,0.00,0.00,0.00,0.00,0.00,0.00,0.00,0.00,0.00,0.00,ESB71337349,ES,,,,,,0.0000,,0.00,ES6000ZF9FPVBS,"https://sellercentral.amazon.es/document/download?v=urn%3aalx%3adoc%3a9d8cab0f-1f96-4462-8642-ace99a371392%3af0e86c11-4abc-4d52-bb13-5eb788f94d99&t=EU_Retail_Forward",false,Pamplona,Navarra,ES,31001,807240000,"Las Pedroñeras",Cuenca,ES,16660,807240000,,true,,,,,,,,,,,,
ES,122283732812,"10-Mar-2026 UTC",SHIPMENT,FALSE,408-8315760-5337122,"11-Mar-2026 UTC",26091218320039,26091218320039,B0CDCRJQW9,232146-42,1,"10-Mar-2026 UTC",0.2100,A_GEN_STANDARD,EUR,VAT,Taxable,,Seller,ShipTo,Country,SPAIN,99.99,17.35,82.64,0.00,0.00,0.00,0.00,0.00,0.00,0.00,0.00,0.00,0.00,0.00,0.00,0.00,0.00,0.00,ESB71337349,ES,,,,,,0.0000,,0.00,ES6000TU9FPVBS,"https://sellercentral.amazon.es/document/download?v=urn%3aalx%3adoc%3a9d8cab0f-1f96-4462-8642-ace99a371392%3ab8ef6ef1-ea06-412f-95ba-435826820a47&t=EU_Retail_Forward",false,Pamplona,Navarra,ES,31001,807240000,"Sant Andreu de la Barca",Barcelona,ES,08740,807240000,,true,,,,,,,,,,,,
ES,122283732812,"24-Mar-2026 UTC",SHIPMENT,FALSE,402-9252727-4656338,"25-Mar-2026 UTC",107968611566302,107968611566302,B072Q1L4CJ,FBA047768-40,1,"24-Mar-2026 UTC",0.2100,A_GEN_STANDARD,EUR,VAT,Taxable,,Seller,ShipTo,Country,SPAIN,79.99,13.88,66.11,0.00,0.00,0.00,0.00,0.00,0.00,0.00,0.00,0.00,0.00,0.00,0.00,0.00,0.00,0.00,ESB71337349,ES,,,,,,0.0000,,0.00,ES6000YV9FPVBS,"https://sellercentral.amazon.es/document/download?v=urn%3aalx%3adoc%3a9d8cab0f-1f96-4462-8642-ace99a371392%3aac33424c-5c9d-4001-b1fd-f2e3f6981845&t=EU_Retail_Forward",false,Illescas,Illescas,ES,45200,807240000,"Campo Real",Madrid,ES,28510,807240000,,true,,,,,,,,,,,,
ES,122283732812,"18-Mar-2026 UTC",SHIPMENT,FALSE,171-5067481-2235537,"19-Mar-2026 UTC",107732403446302,107732403446302,B0772VRXB3,FBA738825-40,1,"18-Mar-2026 UTC",0.2100,A_GEN_STANDARD,EUR,VAT,Taxable,,Seller,ShipTo,Country,SPAIN,86.49,15.01,71.48,0.00,0.00,0.00,0.00,0.00,0.00,0.00,0.00,0.00,0.00,0.00,0.00,0.00,0.00,0.00,ESB71337349,ES,,,,,,0.0000,,0.00,ES6000WY9FPVBS,"https://sellercentral.amazon.es/document/download?v=urn%3aalx%3adoc%3a9d8cab0f-1f96-4462-8642-ace99a371392%3a2a303f3f-40c8-4e03-8562-52595cd26ece&t=EU_Retail_Forward",false,Murcia,Murcia,ES,30156,807240000,"Cala de Mijas",Malaga,ES,29649,807240000,,true,,,,,,,,,,,,
ES,122283732812,"25-Mar-2026 UTC",SHIPMENT,FALSE,404-9204682-5344325,"25-Mar-2026 UTC",26146269471039,26146269471039,B002PAQKIO,238583-44,1,"25-Mar-2026 UTC",0.2100,A_GEN_STANDARD,EUR,VAT,Taxable,,Seller,ShipTo,Country,SPAIN,131.03,22.74,108.29,0.00,0.00,0.00,0.00,0.00,0.00,0.00,0.00,0.00,0.00,0.00,0.00,0.00,0.00,0.00,ESB71337349,ES,,,,,,0.0000,,0.00,ES6000Z19FPVBS,"https://sellercentral.amazon.es/document/download?v=urn%3aalx%3adoc%3a9d8cab0f-1f96-4462-8642-ace99a371392%3aa7ddefe2-0d70-4c1e-b532-5d3fc0f37285&t=EU_Retail_Forward",false,Pamplona,Navarra,ES,31001,807240000,"El Vendrell",Tarragona,ES,43700,807240000,,true,,,,,,,,,,,,
ES,122283732812,"15-Mar-2026 UTC",SHIPMENT,FALSE,404-0256353-4557936,"16-Mar-2026 UTC",26115328221039,26115328221039,B00WILU4M8,168754-40,1,"15-Mar-2026 UTC",0.2100,A_GEN_STANDARD,EUR,VAT,Taxable,,Seller,ShipTo,Country,SPAIN,55.88,9.70,46.18,0.00,0.00,0.00,0.00,0.00,0.00,0.00,0.00,0.00,0.00,0.00,0.00,0.00,0.00,0.00,ESB71337349,ES,,,,,,0.0000,,0.00,ES6000VA9FPVBS,"https://sellercentral.amazon.es/document/download?v=urn%3aalx%3adoc%3a9d8cab0f-1f96-4462-8642-ace99a371392%3ada62c171-a47b-479e-b315-330b8199d92b&t=EU_Retail_Forward",false,Pamplona,Navarra,ES,31001,807240000,"Fene (A Coruña)","A Coruña",ES,15500,807240000,,true,,,,,,,,,,,,
ES,122283732812,"17-Mar-2026 UTC",SHIPMENT,FALSE,405-8386162-5101164,"18-Mar-2026 UTC",26123298841039,26123298841039,B0FNJ3H312,060567-45,1,"17-Mar-2026 UTC",0.2100,A_GEN_STANDARD,EUR,VAT,Taxable,,Seller,ShipTo,Country,SPAIN,86.80,15.06,71.74,0.00,0.00,0.00,0.00,0.00,0.00,0.00,0.00,0.00,0.00,0.00,0.00,0.00,0.00,0.00,ESB71337349,ES,,,,,,0.0000,,0.00,ES6000WJ9FPVBS,"https://sellercentral.amazon.es/document/download?v=urn%3aalx%3adoc%3a9d8cab0f-1f96-4462-8642-ace99a371392%3afd0702e4-01aa-41fb-a086-4033357aea27&t=EU_Retail_Forward",false,Pamplona,Navarra,ES,31001,807240000,"Jerez de la Frontera",Andalucía,ES,11407,807240000,,true,,,,,,,,,,,,
ES,122283732812,"09-Mar-2026 UTC",SHIPMENT,FALSE,404-3835752-6788340,"10-Mar-2026 UTC",26088042482039,26088042482039,B0C8CNJ1JM,853127-43,1,"09-Mar-2026 UTC",0.2100,A_GEN_STANDARD,EUR,VAT,Taxable,,Seller,ShipTo,Country,SPAIN,92.99,16.14,76.85,0.00,0.00,0.00,0.00,0.00,0.00,0.00,0.00,0.00,0.00,0.00,0.00,0.00,0.00,0.00,ESB71337349,ES,,,,,,0.0000,,0.00,ES6000TJ9FPVBS,"https://sellercentral.amazon.es/document/download?v=urn%3aalx%3adoc%3a9d8cab0f-1f96-4462-8642-ace99a371392%3a7cae05dc-5bc7-4dbf-9926-9fa05bcf522f&t=EU_Retail_Forward",false,Pamplona,Navarra,ES,31001,807240000,Getafe,Madrid,ES,28903,807240000,,true,,,,,,,,,,,,
ES,122283732812,"15-Mar-2026 UTC",SHIPMENT,FALSE,406-8756998-8989934,"16-Mar-2026 UTC",26115624431039,26115624431039,B001O9AORA,368480-41,1,"15-Mar-2026 UTC",0.2100,A_GEN_STANDARD,EUR,VAT,Taxable,,Seller,ShipTo,Country,SPAIN,132.00,22.91,109.09,0.00,0.00,0.00,0.00,0.00,0.00,0.00,0.00,0.00,0.00,0.00,0.00,0.00,0.00,0.00,ESB71337349,ES,,,,,,0.0000,,0.00,ES6000VB9FPVBS,"https://sellercentral.amazon.es/document/download?v=urn%3aalx%3adoc%3a9d8cab0f-1f96-4462-8642-ace99a371392%3aec757b01-3240-4cd3-b906-0f36b917a3ed&t=EU_Retail_Forward",false,Pamplona,Navarra,ES,31001,807240000,"Huesca (La peña estación)",Huesca,ES,22820,807240000,,true,,,,,,,,,,,,
ES,122283732812,"04-Mar-2026 UTC",SHIPMENT,FALSE,402-0198502-6001927,"05-Mar-2026 UTC",26071108399039,26071108399039,B09BK54M6C,851561-38,1,"04-Mar-2026 UTC",0.2100,A_GEN_STANDARD,EUR,VAT,Taxable,,Seller,ShipTo,Country,SPAIN,87.10,15.12,71.98,0.00,0.00,0.00,0.00,0.00,0.00,0.00,0.00,0.00,0.00,0.00,0.00,0.00,0.00,0.00,ESB71337349,ES,62192216B,ES,BusinessReg,,,0.0000,,0.00,ES60000N9FPVBI,"https://sellercentral.amazon.es/document/download?v=urn%3aalx%3adoc%3a9d8cab0f-1f96-4462-8642-ace99a371392%3a11625cd0-f31b-429e-a727-551d54f5c5e7&t=EU_Retail_Forward",false,Pamplona,Navarra,ES,31001,807240000,Barcelona,Barcelona,ES,08032,807240000,,true,,,,,,,,,,,,
ES,122283732812,"17-Mar-2026 UTC",SHIPMENT,FALSE,404-0349989-7849160,"18-Mar-2026 UTC",26123375052039,26123375052039,B0CFY6FK6Y,936422-39,1,"17-Mar-2026 UTC",0.2100,A_GEN_STANDARD,EUR,VAT,Taxable,,Seller,ShipTo,Country,SPAIN,83.80,14.54,69.26,0.00,0.00,0.00,0.00,0.00,0.00,0.00,0.00,0.00,0.00,0.00,0.00,0.00,0.00,0.00,ESB71337349,ES,,,,,,0.0000,,0.00,ES6000WL9FPVBS,"https://sellercentral.amazon.es/document/download?v=urn%3aalx%3adoc%3a9d8cab0f-1f96-4462-8642-ace99a371392%3a081394ba-075c-4fd9-90e2-d7dcb759d7f5&t=EU_Retail_Forward",false,Pamplona,Navarra,ES,31001,807240000,Nules,Castellón,ES,12520,807240000,,true,,,,,,,,,,,,
ES,122283732812,"28-Feb-2026 UTC",SHIPMENT,FALSE,407-7182484-3841165,"02-Mar-2026 UTC",106957092008302,106957092008302,B07DPXD4YL,FBA426046-40,1,"01-Mar-2026 UTC",0.2100,A_GEN_STANDARD,EUR,VAT,Taxable,,Seller,ShipTo,Country,SPAIN,76.80,13.33,63.47,0.00,0.00,0.00,0.00,0.00,0.00,0.00,0.00,0.00,0.00,0.00,0.00,0.00,0.00,0.00,ESB71337349,ES,,,,,,0.0000,,0.00,ES6000PK9FPVBS,"https://sellercentral.amazon.es/document/download?v=urn%3aalx%3adoc%3a9d8cab0f-1f96-4462-8642-ace99a371392%3ae0589a73-4f8d-45e9-be58-360e96b579f2&t=EU_Retail_Forward",false,Murcia,Murcia,ES,30156,807240000,Godella,Valencia,ES,46110,807240000,,true,,,,,,,,,,,,
ES,122283732812,"22-Mar-2026 UTC",SHIPMENT,FALSE,406-1218473-0151527,"23-Mar-2026 UTC",26137721656039,26137721656039,B0173MCV5O,189768-41,1,"22-Mar-2026 UTC",0.2100,A_GEN_STANDARD,EUR,VAT,Taxable,,Seller,ShipTo,Country,SPAIN,54.99,9.54,45.45,0.00,0.00,0.00,0.00,0.00,0.00,0.00,0.00,0.00,0.00,0.00,0.00,0.00,0.00,0.00,ESB71337349,ES,,,,,,0.0000,,0.00,ES6000YA9FPVBS,"https://sellercentral.amazon.es/document/download?v=urn%3aalx%3adoc%3a9d8cab0f-1f96-4462-8642-ace99a371392%3a10909ff6-3236-4d7a-a034-7c66d55a23ad&t=EU_Retail_Forward",false,Pamplona,Navarra,ES,31001,807240000,Constantí,Tarragona,ES,43120,807240000,,true,,,,,,,,,,,,
ES,122283732812,"01-Mar-2026 UTC",SHIPMENT,FALSE,405-9521801-9591558,"02-Mar-2026 UTC",26058810908039,26058810908039,B00SYILQE4,168754-41,1,"01-Mar-2026 UTC",0.2100,A_GEN_STANDARD,EUR,VAT,Taxable,,Seller,ShipTo,Country,SPAIN,55.84,9.69,46.15,0.00,0.00,0.00,0.00,0.00,0.00,0.00,0.00,0.00,0.00,0.00,0.00,0.00,0.00,0.00,ESB71337349,ES,,,,,,0.0000,,0.00,ES6000Q09FPVBS,"https://sellercentral.amazon.es/document/download?v=urn%3aalx%3adoc%3a9d8cab0f-1f96-4462-8642-ace99a371392%3ad63c82ee-68e2-4400-92fb-3e31b13778f2&t=EU_Retail_Forward",false,Pamplona,Navarra,ES,31001,807240000,mieres,asturias,ES,33600,807240000,,true,,,,,,,,,,,,
ES,122283732812,"17-Mar-2026 UTC",SHIPMENT,FALSE,407-2537116-2232318,"18-Mar-2026 UTC",107700279345302,107700279345302,B0772VF96V,FBA633372-41,1,"18-Mar-2026 UTC",0.2100,A_GEN_STANDARD,EUR,VAT,Taxable,,Seller,ShipTo,Country,SPAIN,87.70,15.22,72.48,0.00,0.00,0.00,0.00,0.00,0.00,0.00,0.00,0.00,0.00,0.00,0.00,0.00,0.00,0.00,ESB71337349,ES,,,,,,0.0000,,0.00,ES6000WV9FPVBS,"https://sellercentral.amazon.es/document/download?v=urn%3aalx%3adoc%3a9d8cab0f-1f96-4462-8642-ace99a371392%3a51e468c0-077a-47b9-8381-4dfd2e9e67ac&t=EU_Retail_Forward",false,Murcia,Murcia,ES,30156,807240000,"SAN ROQUE",CADIZ,ES,11360,807240000,,true,,,,,,,,,,,,
ES,122283732812,"02-Mar-2026 UTC",SHIPMENT,FALSE,404-0939955-2173962,"03-Mar-2026 UTC",26063741443039,26063741443039,B002PAQKIE,238583-43,1,"02-Mar-2026 UTC",0.2100,A_GEN_STANDARD,EUR,VAT,Taxable,,Seller,ShipTo,Country,SPAIN,135.14,23.45,111.69,0.00,0.00,0.00,0.00,0.00,0.00,0.00,0.00,0.00,0.00,0.00,0.00,0.00,0.00,0.00,ESB71337349,ES,,,,,,0.0000,,0.00,ES6000QH9FPVBS,"https://sellercentral.amazon.es/document/download?v=urn%3aalx%3adoc%3a9d8cab0f-1f96-4462-8642-ace99a371392%3a04b175da-cff9-4615-8a8c-277e7e48d41e&t=EU_Retail_Forward",false,Pamplona,Navarra,ES,31001,807240000,"Mijas costa",Málaga,ES,29651,807240000,,true,,,,,,,,,,,,
ES,122283732812,"07-Mar-2026 UTC",SHIPMENT,FALSE,402-8575983-0709912,"08-Mar-2026 UTC",107226781917302,107226781917302,B0CF9Y4DQJ,FBA014726-39,1,"07-Mar-2026 UTC",0.2100,A_GEN_STANDARD,EUR,VAT,Taxable,,Seller,ShipTo,Country,SPAIN,75.49,13.10,62.39,0.00,0.00,0.00,1.99,0.35,1.64,-1.99,-0.35,-1.64,0.00,0.00,0.00,0.00,0.00,0.00,ESB71337349,ES,,,,,,0.0000,,0.00,ES6000SH9FPVBS,"https://sellercentral.amazon.es/document/download?v=urn%3aalx%3adoc%3a9d8cab0f-1f96-4462-8642-ace99a371392%3ae325cadf-94e1-4578-8722-e0237f0f6f04&t=EU_Retail_Forward",false,Murcia,Murcia,ES,30156,807240000,Murcia,Murcia,ES,30009,807240000,,true,,,,,,,,,,,,
ES,122283732812,"16-Mar-2026 UTC",SHIPMENT,FALSE,406-0176039-6382768,"16-Mar-2026 UTC",26116984621039,26116984621039,B0CFY5BV1L,731019-44,1,"16-Mar-2026 UTC",0.2100,A_GEN_STANDARD,EUR,VAT,Taxable,,Seller,ShipTo,Country,SPAIN,95.82,16.63,79.19,0.00,0.00,0.00,0.00,0.00,0.00,0.00,0.00,0.00,0.00,0.00,0.00,0.00,0.00,0.00,ESB71337349,ES,,,,,,0.0000,,0.00,ES6000VL9FPVBS,"https://sellercentral.amazon.es/document/download?v=urn%3aalx%3adoc%3a9d8cab0f-1f96-4462-8642-ace99a371392%3a3d21ec01-417e-4c55-b0ad-d0aba40d6d02&t=EU_Retail_Forward",false,Pamplona,Navarra,ES,31001,807240000,Requejada,Cantabria,ES,39312,807240000,,true,,,,,,,,,,,,
ES,122283732812,"15-Mar-2026 UTC",SHIPMENT,FALSE,408-7148376-8778753,"15-Mar-2026 UTC",541796349452001,541796349452001,B07FYYDKSR,FBA939229-41,1,"15-Mar-2026 UTC",0.2100,A_GEN_STANDARD,EUR,VAT,Taxable,,Seller,ShipTo,Country,SPAIN,75.56,13.11,62.45,0.00,0.00,0.00,0.00,0.00,0.00,0.00,0.00,0.00,0.00,0.00,0.00,0.00,0.00,0.00,ESB71337349,ES,ESW0184081H,ES,VAT,,,0.0000,,0.00,N/A,N/A,false,Murcia,Murcia,ES,30156,807240000,Murcia,Murcia,ES,30156,807240000,,true,,,,,,,,,,,,
ES,122283732812,"03-Mar-2026 UTC",SHIPMENT,FALSE,403-8866857-7560333,"04-Mar-2026 UTC",26066811402039,26066811402039,B071W6NT3C,140005-43,1,"03-Mar-2026 UTC",0.2100,A_GEN_STANDARD,EUR,VAT,Taxable,,Seller,ShipTo,Country,SPAIN,73.36,12.73,60.63,0.00,0.00,0.00,0.00,0.00,0.00,0.00,0.00,0.00,0.00,0.00,0.00,0.00,0.00,0.00,ESB71337349,ES,,,,,,0.0000,,0.00,ES6000R79FPVBS,"https://sellercentral.amazon.es/document/download?v=urn%3aalx%3adoc%3a9d8cab0f-1f96-4462-8642-ace99a371392%3a11071efa-9ee2-495f-99bf-f6821da60dcc&t=EU_Retail_Forward",false,Pamplona,Navarra,ES,31001,807240000,Córdoba,CORDOBA,ES,14011,807240000,,true,,,,,,,,,,,,
ES,122283732812,"06-Mar-2026 UTC",SHIPMENT,FALSE,408-9325411-0830703,"09-Mar-2026 UTC",26077267924039,26077267924039,B0CFY3MV42,936422-38,1,"06-Mar-2026 UTC",0.2100,A_GEN_STANDARD,EUR,VAT,Taxable,,Seller,ShipTo,Country,SPAIN,80.82,14.03,66.79,0.00,0.00,0.00,0.00,0.00,0.00,0.00,0.00,0.00,0.00,0.00,0.00,0.00,0.00,0.00,ESB71337349,ES,,,,,,0.0000,,0.00,ES6000SQ9FPVBS,"https://sellercentral.amazon.es/document/download?v=urn%3aalx%3adoc%3a9d8cab0f-1f96-4462-8642-ace99a371392%3aec0a9836-d6ea-4af1-a2cb-9fd0527461e8&t=EU_Retail_Forward",false,Pamplona,Navarra,ES,31001,807240000,Madrid,Madrid,ES,28027,807240000,,true,,,,,,,,,,,,
ES,122283732812,"14-Mar-2026 UTC",SHIPMENT,FALSE,405-4315364-3989944,"16-Mar-2026 UTC",26112608023039,26112608023039,B0FHT2P9KC,853888-38,1,"14-Mar-2026 UTC",0.2100,A_GEN_STANDARD,EUR,VAT,Taxable,,Seller,ShipTo,Country,SPAIN,109.00,18.92,90.08,0.00,0.00,0.00,0.00,0.00,0.00,0.00,0.00,0.00,0.00,0.00,0.00,0.00,0.00,0.00,ESB71337349,ES,,,,,,0.0000,,0.00,ES6000V69FPVBS,"https://sellercentral.amazon.es/document/download?v=urn%3aalx%3adoc%3a9d8cab0f-1f96-4462-8642-ace99a371392%3a7b02d3db-5cb0-4a74-858e-3754e4ae791a&t=EU_Retail_Forward",false,Pamplona,Navarra,ES,31001,807240000,Olot,Girona,ES,17800,807240000,,true,,,,,,,,,,,,
ES,122283732812,"01-Mar-2026 UTC",SHIPMENT,FALSE,402-1827037-5393946,"02-Mar-2026 UTC",26060502002039,26060502002039,B0CFY33LTR,731019-40,1,"01-Mar-2026 UTC",0.2100,A_GEN_STANDARD,EUR,VAT,Taxable,,Seller,ShipTo,Country,SPAIN,85.99,14.92,71.07,0.00,0.00,0.00,0.00,0.00,0.00,0.00,0.00,0.00,0.00,0.00,0.00,0.00,0.00,0.00,ESB71337349,ES,,,,,,0.0000,,0.00,ES6000PW9FPVBS,"https://sellercentral.amazon.es/document/download?v=urn%3aalx%3adoc%3a9d8cab0f-1f96-4462-8642-ace99a371392%3a997036f7-b599-481e-9d93-b65bf2e6fedc&t=EU_Retail_Forward",false,Pamplona,Navarra,ES,31001,807240000,Salamanca,,ES,37003,807240000,,true,,,,,,,,,,,,
ES,122283732812,"20-Mar-2026 UTC",SHIPMENT,FALSE,406-4232844-9610716,"21-Mar-2026 UTC",26132726685039,26132726685039,B09GKPK73X,672728-40,1,"20-Mar-2026 UTC",0.2100,A_GEN_STANDARD,EUR,VAT,Taxable,,Seller,ShipTo,Country,SPAIN,106.94,18.56,88.38,0.00,0.00,0.00,0.00,0.00,0.00,0.00,0.00,0.00,0.00,0.00,0.00,0.00,0.00,0.00,ESB71337349,ES,,,,,,0.0000,,0.00,ES6000XG9FPVBS,"https://sellercentral.amazon.es/document/download?v=urn%3aalx%3adoc%3a9d8cab0f-1f96-4462-8642-ace99a371392%3a16123d19-1bf5-481f-b032-c04b957b24a3&t=EU_Retail_Forward",false,Pamplona,Navarra,ES,31001,807240000,"Alcalá la real",Jaen,ES,23680,807240000,,true,,,,,,,,,,,,
ES,122283732812,"08-Mar-2026 UTC",SHIPMENT,FALSE,402-5401062-8421920,"09-Mar-2026 UTC",26081598987039,26081598987039,B07VXWMGQ8,854790-42,1,"08-Mar-2026 UTC",0.2100,A_GEN_STANDARD,EUR,VAT,Taxable,,Seller,ShipTo,Country,SPAIN,93.99,16.31,77.68,0.00,0.00,0.00,0.00,0.00,0.00,0.00,0.00,0.00,0.00,0.00,0.00,0.00,0.00,0.00,ESB71337349,ES,,,,,,0.0000,,0.00,ES6000T39FPVBS,"https://sellercentral.amazon.es/document/download?v=urn%3aalx%3adoc%3a9d8cab0f-1f96-4462-8642-ace99a371392%3a177cac6a-d27f-4abd-8f9d-07053379a9cf&t=EU_Retail_Forward",false,Pamplona,Navarra,ES,31001,807240000,TOLEDO,"villaluenga de la sagra",ES,45520,807240000,,true,,,,,,,,,,,,
ES,122283732812,"20-Mar-2026 UTC",SHIPMENT,FALSE,407-9989439-6414752,"20-Mar-2026 UTC",26130682130039,26130682130039,B098KJHB9Y,223174-43,1,"20-Mar-2026 UTC",0.2100,A_GEN_STANDARD,EUR,VAT,Taxable,,Seller,ShipTo,Country,SPAIN,97.14,16.86,80.28,0.00,0.00,0.00,0.00,0.00,0.00,0.00,0.00,0.00,0.00,0.00,0.00,0.00,0.00,0.00,ESB71337349,ES,,,,,,0.0000,,0.00,ES6000X39FPVBS,"https://sellercentral.amazon.es/document/download?v=urn%3aalx%3adoc%3a9d8cab0f-1f96-4462-8642-ace99a371392%3aa1f1d846-f2d1-4ad1-9946-3e1f592ecc2e&t=EU_Retail_Forward",false,Pamplona,Navarra,ES,31001,807240000,Zaragoza,Zaragoza,ES,50004,807240000,,true,,,,,,,,,,,,
ES,122283732812,"20-Mar-2026 UTC",SHIPMENT,FALSE,171-4364940-7383562,"20-Mar-2026 UTC",107791615455302,107791615455302,B071W6NT3F,FBA969056-42,1,"20-Mar-2026 UTC",0.2100,A_GEN_STANDARD,EUR,VAT,Taxable,,Seller,ShipTo,Country,SPAIN,77.39,13.43,63.96,0.00,0.00,0.00,1.99,0.35,1.64,-1.99,-0.35,-1.64,0.00,0.00,0.00,0.00,0.00,0.00,ESB71337349,ES,,,,,,0.0000,,0.00,ES6000X59FPVBS,"https://sellercentral.amazon.es/document/download?v=urn%3aalx%3adoc%3a9d8cab0f-1f96-4462-8642-ace99a371392%3a44d517a7-5748-4c6b-b92e-2f7cb36ad779&t=EU_Retail_Forward",false,Murcia,Murcia,ES,30156,807240000,Murcia,MURCIA,ES,30001,807240000,,true,,,,,,,,,,,,
ES,122283732812,"17-Mar-2026 UTC",SHIPMENT,FALSE,171-7959452-1037938,"18-Mar-2026 UTC",26122584097039,26122584097039,B082MWZTSB,729421-37,1,"17-Mar-2026 UTC",0.2100,A_GEN_STANDARD,EUR,VAT,Taxable,,Seller,ShipTo,Country,SPAIN,51.90,9.01,42.89,0.00,0.00,0.00,0.00,0.00,0.00,0.00,0.00,0.00,0.00,0.00,0.00,0.00,0.00,0.00,ESB71337349,ES,,,,,,0.0000,,0.00,ES6000WI9FPVBS,"https://sellercentral.amazon.es/document/download?v=urn%3aalx%3adoc%3a9d8cab0f-1f96-4462-8642-ace99a371392%3ab7dffbbf-e664-474f-9f3e-b43bb46a50ff&t=EU_Retail_Forward",false,Pamplona,Navarra,ES,31001,807240000,"puerto alcudia",baleares,ES,07400,807240000,,true,,,,,,,,,,,,
ES,122283732812,"01-Mar-2026 UTC",SHIPMENT,FALSE,405-6207663-7890734,"02-Mar-2026 UTC",26059336372039,26059336372039,B08QMFFTXK,152992-42,1,"01-Mar-2026 UTC",0.2100,A_GEN_STANDARD,EUR,VAT,Taxable,,Seller,ShipTo,Country,SPAIN,59.23,10.28,48.95,0.00,0.00,0.00,0.00,0.00,0.00,0.00,0.00,0.00,0.00,0.00,0.00,0.00,0.00,0.00,ESB71337349,ES,,,,,,0.0000,,0.00,ES6000PT9FPVBS,"https://sellercentral.amazon.es/document/download?v=urn%3aalx%3adoc%3a9d8cab0f-1f96-4462-8642-ace99a371392%3a9a2f4e8d-e9ce-4281-abaa-7f48fbbc4586&t=EU_Retail_Forward",false,Pamplona,Navarra,ES,31001,807240000,Córdoba,Córdoba,ES,14005,807240000,,true,,,,,,,,,,,,
ES,122283732812,"23-Mar-2026 UTC",SHIPMENT,FALSE,171-5768900-2183564,"24-Mar-2026 UTC",26142227889039,26142227889039,B078RR9N8B,832639-24,1,"23-Mar-2026 UTC",0.2100,A_GEN_STANDARD,EUR,VAT,Taxable,,Seller,ShipTo,Country,SPAIN,39.80,6.91,32.89,0.00,0.00,0.00,0.00,0.00,0.00,0.00,0.00,0.00,0.00,0.00,0.00,0.00,0.00,0.00,ESB71337349,ES,,,,,,0.0000,,0.00,ES6000YK9FPVBS,"https://sellercentral.amazon.es/document/download?v=urn%3aalx%3adoc%3a9d8cab0f-1f96-4462-8642-ace99a371392%3aa4d2ddcd-290c-481c-96b0-c3f85f8fe7a4&t=EU_Retail_Forward",false,Pamplona,Navarra,ES,31001,807240000,pontevedra,pontevedra,ES,36163,807240000,,true,,,,,,,,,,,,
ES,122283732812,"17-Mar-2026 UTC",SHIPMENT,FALSE,403-1631010-4792337,"17-Mar-2026 UTC",107694445527302,107694445527302,B07FYWRKZ2,FBA939229-37,1,"17-Mar-2026 UTC",0.2100,A_GEN_STANDARD,EUR,VAT,Taxable,,Seller,ShipTo,Country,SPAIN,74.95,13.01,61.94,0.00,0.00,0.00,0.00,0.00,0.00,0.00,0.00,0.00,0.00,0.00,0.00,0.00,0.00,0.00,ESB71337349,ES,,,,,,0.0000,,0.00,ES6000WH9FPVBS,"https://sellercentral.amazon.es/document/download?v=urn%3aalx%3adoc%3a9d8cab0f-1f96-4462-8642-ace99a371392%3a7384c1ea-3f4b-4af3-89ba-09d4c943a558&t=EU_Retail_Forward",false,Murcia,Murcia,ES,30156,807240000,Sevilla,Sevilla,ES,41013,807240000,,true,,,,,,,,,,,,
ES,122283732812,"06-Mar-2026 UTC",SHIPMENT,FALSE,402-6762285-4265142,"08-Mar-2026 UTC",107209050177302,107209050177302,B07DPXNTQX,FBA747828-37,1,"06-Mar-2026 UTC",0.2100,A_GEN_STANDARD,EUR,VAT,Taxable,,Seller,ShipTo,Country,SPAIN,83.90,14.56,69.34,0.00,0.00,0.00,0.00,0.00,0.00,0.00,0.00,0.00,0.00,0.00,0.00,0.00,0.00,0.00,ESB71337349,ES,,,,,,0.0000,,0.00,ES6000SJ9FPVBS,"https://sellercentral.amazon.es/document/download?v=urn%3aalx%3adoc%3a9d8cab0f-1f96-4462-8642-ace99a371392%3a4d422e87-4172-4750-a114-44ed499737d7&t=EU_Retail_Forward",false,Murcia,Murcia,ES,30156,807240000,"Mota del Marques",Valladolid,ES,47120,807240000,,true,,,,,,,,,,,,
ES,122283732812,"17-Mar-2026 UTC",SHIPMENT,FALSE,404-1783672-9118719,"20-Mar-2026 UTC",107764460716302,107764460716302,B072Q1L4CS,FBA969056-45,1,"20-Mar-2026 UTC",0.2100,A_GEN_STANDARD,EUR,VAT,Taxable,,Seller,ShipTo,Country,SPAIN,75.49,13.10,62.39,0.00,0.00,0.00,0.00,0.00,0.00,0.00,0.00,0.00,0.00,0.00,0.00,0.00,0.00,0.00,ESB71337349,ES,,,,,,0.0000,,0.00,ES6000XA9FPVBS,"https://sellercentral.amazon.es/document/download?v=urn%3aalx%3adoc%3a9d8cab0f-1f96-4462-8642-ace99a371392%3af3652d49-d136-40dd-b899-ba5e6fd1135a&t=EU_Retail_Forward",false,Murcia,Murcia,ES,30156,807240000,"Alcalá de Henares",Madrid,ES,28802,807240000,,true,,,,,,,,,,,,
ES,122283732812,"02-Mar-2026 UTC",SHIPMENT,FALSE,406-9552632-3426748,"02-Mar-2026 UTC",26061887478039,26061887478039,B07XKD3QSL,812398-39,1,"02-Mar-2026 UTC",0.2100,A_GEN_STANDARD,EUR,VAT,Taxable,,Seller,ShipTo,Country,SPAIN,44.31,7.69,36.62,0.00,0.00,0.00,0.00,0.00,0.00,0.00,0.00,0.00,0.00,0.00,0.00,0.00,0.00,0.00,ESB71337349,ES,,,,,,0.0000,,0.00,ES6000Q39FPVBS,"https://sellercentral.amazon.es/document/download?v=urn%3aalx%3adoc%3a9d8cab0f-1f96-4462-8642-ace99a371392%3abb0cb632-69ac-4210-bdef-7f593f926a9c&t=EU_Retail_Forward",false,Pamplona,Navarra,ES,31001,807240000,Zestoa,Gipuzkoa,ES,20740,807240000,,true,,,,,,,,,,,,
ES,122283732812,"25-Mar-2026 UTC",SHIPMENT,FALSE,402-4932418-6164307,"26-Mar-2026 UTC",108008271450302,108008271450302,B0772R92YC,FBA738825-41,1,"26-Mar-2026 UTC",0.2100,A_GEN_STANDARD,EUR,VAT,Taxable,,Seller,ShipTo,Country,SPAIN,86.49,15.01,71.48,0.00,0.00,0.00,0.00,0.00,0.00,0.00,0.00,0.00,0.00,0.00,0.00,0.00,0.00,0.00,ESB71337349,ES,,,,,,0.0000,,0.00,ES6000ZI9FPVBS,"https://sellercentral.amazon.es/document/download?v=urn%3aalx%3adoc%3a9d8cab0f-1f96-4462-8642-ace99a371392%3a1b0e89c5-34ac-4ac0-ae19-6ba6c8bdbc7e&t=EU_Retail_Forward",false,Illescas,Illescas,ES,45200,807240000,MALAGA,málaga,ES,29016,807240000,,true,,,,,,,,,,,,
ES,122283732812,"12-Mar-2026 UTC",SHIPMENT,FALSE,407-8748856-2289130,"13-Mar-2026 UTC",26103577359039,26103577359039,B0772TC3MD,633372-40,1,"12-Mar-2026 UTC",0.2100,A_GEN_STANDARD,EUR,VAT,Taxable,,Seller,ShipTo,Country,SPAIN,83.99,14.58,69.41,0.00,0.00,0.00,0.00,0.00,0.00,0.00,0.00,0.00,0.00,0.00,0.00,0.00,0.00,0.00,ESB71337349,ES,,,,,,0.0000,,0.00,ES6000UG9FPVBS,"https://sellercentral.amazon.es/document/download?v=urn%3aalx%3adoc%3a9d8cab0f-1f96-4462-8642-ace99a371392%3a87713fc9-af20-482c-a9a1-56949be14817&t=EU_Retail_Forward",false,Pamplona,Navarra,ES,31001,807240000,Almería,Almería,ES,04008,807240000,,true,,,,,,,,,,,,
ES,122283732812,"24-Mar-2026 UTC",SHIPMENT,FALSE,406-5527050-1961943,"24-Mar-2026 UTC",107944860194302,107944860194302,B0772RBYMJ,FBA738825-44,1,"24-Mar-2026 UTC",0.2100,A_GEN_STANDARD,EUR,VAT,Taxable,,Seller,ShipTo,Country,SPAIN,89.30,15.50,73.80,0.00,0.00,0.00,0.00,0.00,0.00,0.00,0.00,0.00,0.00,0.00,0.00,0.00,0.00,0.00,ESB71337349,ES,,,,,,0.0000,,0.00,ES6000YO9FPVBS,"https://sellercentral.amazon.es/document/download?v=urn%3aalx%3adoc%3a9d8cab0f-1f96-4462-8642-ace99a371392%3a62d46903-890d-4814-a331-1a3cfe0fdd05&t=EU_Retail_Forward",false,Illescas,Illescas,ES,45200,807240000,MOTRIL,,ES,18600,807240000,,true,,,,,,,,,,,,
ES,122283732812,"13-Mar-2026 UTC",SHIPMENT,FALSE,405-9408476-5573143,"13-Mar-2026 UTC",26107948505039,26107948505039,B01BQB3AH6,189768-42,1,"13-Mar-2026 UTC",0.2100,A_GEN_STANDARD,EUR,VAT,Taxable,,Seller,ShipTo,Country,SPAIN,54.80,9.51,45.29,0.00,0.00,0.00,0.00,0.00,0.00,0.00,0.00,0.00,0.00,0.00,0.00,0.00,0.00,0.00,ESB71337349,ES,,,,,,0.0000,,0.00,ES6000UM9FPVBS,"https://sellercentral.amazon.es/document/download?v=urn%3aalx%3adoc%3a9d8cab0f-1f96-4462-8642-ace99a371392%3ad439c98f-1305-4760-a91b-87f67bc7d837&t=EU_Retail_Forward",false,Pamplona,Navarra,ES,31001,807240000,Pinto,Madrid,ES,28320,807240000,,true,,,,,,,,,,,,
ES,122283732812,"15-Mar-2026 UTC",SHIPMENT,FALSE,407-5472691-7016354,"16-Mar-2026 UTC",26113411353039,26113411353039,B072M2P357,140005-44,1,"15-Mar-2026 UTC",0.2100,A_GEN_STANDARD,EUR,VAT,Taxable,,Seller,ShipTo,Country,SPAIN,77.21,13.40,63.81,0.00,0.00,0.00,0.00,0.00,0.00,0.00,0.00,0.00,0.00,0.00,0.00,0.00,0.00,0.00,ESB71337349,ES,,,,,,0.0000,,0.00,ES6000V79FPVBS,"https://sellercentral.amazon.es/document/download?v=urn%3aalx%3adoc%3a9d8cab0f-1f96-4462-8642-ace99a371392%3acb96a6fa-ebe5-4805-8b00-58c88033d796&t=EU_Retail_Forward",false,Pamplona,Navarra,ES,31001,807240000,Madrid,Madrid,ES,28001,807240000,,true,,,,,,,,,,,,
ES,122283732812,"04-Mar-2026 UTC",SHIPMENT,FALSE,408-3694707-5660354,"04-Mar-2026 UTC",26069995056039,26069995056039,B0CFY2XVSR,731019-41,1,"04-Mar-2026 UTC",0.2100,A_GEN_STANDARD,EUR,VAT,Taxable,,Seller,ShipTo,Country,SPAIN,95.10,16.50,78.60,0.00,0.00,0.00,0.00,0.00,0.00,0.00,0.00,0.00,0.00,0.00,0.00,0.00,0.00,0.00,ESB71337349,ES,,,,,,0.0000,,0.00,ES6000RJ9FPVBS,"https://sellercentral.amazon.es/document/download?v=urn%3aalx%3adoc%3a9d8cab0f-1f96-4462-8642-ace99a371392%3a09f6c4e0-dac9-4f1f-a70c-50b0f7a89a93&t=EU_Retail_Forward",false,Pamplona,Navarra,ES,31001,807240000,CACERES,CACERES,ES,10005,807240000,,true,,,,,,,,,,,,
ES,122283732812,"12-Mar-2026 UTC",SHIPMENT,FALSE,171-4689033-8626755,"14-Mar-2026 UTC",107476296837302,107476296837302,B0772WJQNP,FBA633372-44,1,"14-Mar-2026 UTC",0.2100,A_GEN_STANDARD,EUR,VAT,Taxable,,Seller,ShipTo,Country,SPAIN,86.49,15.01,71.48,0.00,0.00,0.00,0.00,0.00,0.00,0.00,0.00,0.00,0.00,0.00,0.00,0.00,0.00,0.00,ESB71337349,ES,,,,,,0.0000,,0.00,ES6000UP9FPVBS,"https://sellercentral.amazon.es/document/download?v=urn%3aalx%3adoc%3a9d8cab0f-1f96-4462-8642-ace99a371392%3a2b9e31e3-e7b2-49ca-9b54-716114cfb9df&t=EU_Retail_Forward",false,Murcia,Murcia,ES,30156,807240000,Terrassa,Barcelona,ES,08226,807240000,,true,,,,,,,,,,,,
ES,122283732812,"08-Mar-2026 UTC",SHIPMENT,FALSE,404-6308099-3559513,"09-Mar-2026 UTC",26083473485039,26083473485039,B0772P8XZX,738825-42,1,"08-Mar-2026 UTC",0.2100,A_GEN_STANDARD,EUR,VAT,Taxable,,Seller,ShipTo,Country,SPAIN,83.79,14.54,69.25,0.00,0.00,0.00,0.00,0.00,0.00,0.00,0.00,0.00,0.00,0.00,0.00,0.00,0.00,0.00,ESB71337349,ES,,,,,,0.0000,,0.00,ES6000T79FPVBS,"https://sellercentral.amazon.es/document/download?v=urn%3aalx%3adoc%3a9d8cab0f-1f96-4462-8642-ace99a371392%3a1cfa8e95-55f2-44c5-aa85-964aea456e13&t=EU_Retail_Forward",false,Pamplona,Navarra,ES,31001,807240000,Madrid,Madrid,ES,28049,807240000,,true,,,,,,,,,,,,
ES,122283732812,"18-Mar-2026 UTC",SHIPMENT,FALSE,407-7966623-1068304,"18-Mar-2026 UTC",26123997100039,26123997100039,B0F6VG6L5W,151080-42,1,"18-Mar-2026 UTC",0.2100,A_GEN_STANDARD,EUR,VAT,Taxable,,Seller,ShipTo,Country,SPAIN,119.00,20.65,98.35,0.00,0.00,0.00,0.00,0.00,0.00,0.00,0.00,0.00,0.00,0.00,0.00,0.00,0.00,0.00,ESB71337349,ES,,,,,,0.0000,,0.00,ES6000WO9FPVBS,"https://sellercentral.amazon.es/document/download?v=urn%3aalx%3adoc%3a9d8cab0f-1f96-4462-8642-ace99a371392%3a30364e1f-ef7f-484b-8e9d-9b5cf0df8de6&t=EU_Retail_Forward",false,Pamplona,Navarra,ES,31001,807240000,Illescas,Toledo,ES,45200,807240000,,true,,,,,,,,,,,,
ES,122283732812,"07-Mar-2026 UTC",SHIPMENT,FALSE,406-1464469-8300334,"09-Mar-2026 UTC",26081155534039,26081155534039,B0BGHWD2GW,490347-43,1,"07-Mar-2026 UTC",0.2100,A_GEN_STANDARD,EUR,VAT,Taxable,,Seller,ShipTo,Country,SPAIN,103.00,17.88,85.12,0.00,0.00,0.00,0.00,0.00,0.00,0.00,0.00,0.00,0.00,0.00,0.00,0.00,0.00,0.00,ESB71337349,ES,,,,,,0.0000,,0.00,ES6000T19FPVBS,"https://sellercentral.amazon.es/document/download?v=urn%3aalx%3adoc%3a9d8cab0f-1f96-4462-8642-ace99a371392%3ac0500ece-a083-4ca1-9f7f-aa7ba6a330ae&t=EU_Retail_Forward",false,Pamplona,Navarra,ES,31001,807240000,Madrid,Madrid,ES,28020,807240000,,true,,,,,,,,,,,,
ES,122283732812,"01-Mar-2026 UTC",SHIPMENT,FALSE,408-0050991-6687504,"02-Mar-2026 UTC",26058347972039,26058347972039,B0DH7K192B,491009-36,1,"01-Mar-2026 UTC",0.2100,A_GEN_STANDARD,EUR,VAT,Taxable,,Seller,ShipTo,Country,SPAIN,90.99,15.79,75.20,0.00,0.00,0.00,0.00,0.00,0.00,0.00,0.00,0.00,0.00,0.00,0.00,0.00,0.00,0.00,ESB71337349,ES,,,,,,0.0000,,0.00,ES6000PS9FPVBS,"https://sellercentral.amazon.es/document/download?v=urn%3aalx%3adoc%3a9d8cab0f-1f96-4462-8642-ace99a371392%3aa270dcfa-87ae-4b59-a6f6-3a818c51c5f9&t=EU_Retail_Forward",false,Pamplona,Navarra,ES,31001,807240000,Sevilla,Andalucía,ES,41018,807240000,,true,,,,,,,,,,,,
ES,122283732812,"16-Mar-2026 UTC",SHIPMENT,FALSE,404-9755985-2807554,"17-Mar-2026 UTC",26119007504039,26119007504039,B0DW3YW39S,873273-36,1,"16-Mar-2026 UTC",0.2100,A_GEN_STANDARD,EUR,VAT,Taxable,,Seller,ShipTo,Country,SPAIN,118.90,20.64,98.26,0.00,0.00,0.00,0.00,0.00,0.00,0.00,0.00,0.00,0.00,0.00,0.00,0.00,0.00,0.00,ESB71337349,ES,,,,,,0.0000,,0.00,ES6000VZ9FPVBS,"https://sellercentral.amazon.es/document/download?v=urn%3aalx%3adoc%3a9d8cab0f-1f96-4462-8642-ace99a371392%3a050c3447-748a-42f6-abaa-f3a421ae1f35&t=EU_Retail_Forward",false,Pamplona,Navarra,ES,31001,807240000,BARCELONA,BARCELONA,ES,08017,807240000,,true,,,,,,,,,,,,
ES,122283732812,"04-Mar-2026 UTC",SHIPMENT,FALSE,402-8340161-8941137,"05-Mar-2026 UTC",26070851165039,26070851165039,B071FNMML1,173323-42,1,"04-Mar-2026 UTC",0.2100,A_GEN_STANDARD,EUR,VAT,Taxable,,Seller,ShipTo,Country,SPAIN,72.99,12.67,60.32,0.00,0.00,0.00,0.00,0.00,0.00,0.00,0.00,0.00,0.00,0.00,0.00,0.00,0.00,0.00,ESB71337349,ES,,,,,,0.0000,,0.00,ES6000RU9FPVBS,"https://sellercentral.amazon.es/document/download?v=urn%3aalx%3adoc%3a9d8cab0f-1f96-4462-8642-ace99a371392%3a0395b996-69a1-428a-9134-8177bd00343b&t=EU_Retail_Forward",false,Pamplona,Navarra,ES,31001,807240000,"BENIFAIRÓ DE LA VALLDIGNA",valencia,ES,46791,807240000,,true,,,,,,,,,,,,
ES,122283732812,"19-Mar-2026 UTC",SHIPMENT,FALSE,408-7723821-2238704,"20-Mar-2026 UTC",107768239768302,107768239768302,B072Q1L4CS,FBA969056-45,1,"20-Mar-2026 UTC",0.2100,A_GEN_STANDARD,EUR,VAT,Taxable,,Seller,ShipTo,Country,SPAIN,75.49,13.10,62.39,0.00,0.00,0.00,0.00,0.00,0.00,0.00,0.00,0.00,0.00,0.00,0.00,0.00,0.00,0.00,ESB71337349,ES,,,,,,0.0000,,0.00,ES6000XB9FPVBS,"https://sellercentral.amazon.es/document/download?v=urn%3aalx%3adoc%3a9d8cab0f-1f96-4462-8642-ace99a371392%3ae639ed1b-67fe-4b62-9ec5-f717c9d45851&t=EU_Retail_Forward",false,Murcia,Murcia,ES,30156,807240000,Rubí,Barcelona,ES,08191,807240000,,true,,,,,,,,,,,,
ES,122283732812,"10-Mar-2026 UTC",SHIPMENT,FALSE,405-0475372-2817932,"11-Mar-2026 UTC",26091934091039,26091934091039,B08QMF5B39,674821-41,1,"10-Mar-2026 UTC",0.2100,A_GEN_STANDARD,EUR,VAT,Taxable,,Seller,ShipTo,Country,SPAIN,59.49,10.32,49.17,0.00,0.00,0.00,0.00,0.00,0.00,0.00,0.00,0.00,0.00,0.00,0.00,0.00,0.00,0.00,ESB71337349,ES,,,,,,0.0000,,0.00,ES6000TX9FPVBS,"https://sellercentral.amazon.es/document/download?v=urn%3aalx%3adoc%3a9d8cab0f-1f96-4462-8642-ace99a371392%3a395d9ff6-36d2-4e37-b9ab-0b06806cfcdd&t=EU_Retail_Forward",false,Pamplona,Navarra,ES,31001,807240000,Valdemoro,Madrid,ES,28342,807240000,,true,,,,,,,,,,,,
ES,122283732812,"22-Mar-2026 UTC",SHIPMENT,FALSE,406-0030414-9091530,"25-Mar-2026 UTC",26146658545039,26146658545039,B00K8QPX8U,220563-45,1,"25-Mar-2026 UTC",0.2100,A_GEN_STANDARD,EUR,VAT,Taxable,,Seller,ShipTo,Country,SPAIN,156.29,27.12,129.17,0.00,0.00,0.00,0.00,0.00,0.00,0.00,0.00,0.00,0.00,0.00,0.00,0.00,0.00,0.00,ESB71337349,ES,,,,,,0.0000,,0.00,ES6000Z39FPVBS,"https://sellercentral.amazon.es/document/download?v=urn%3aalx%3adoc%3a9d8cab0f-1f96-4462-8642-ace99a371392%3a07ed06a3-8d1f-4481-a6b9-b8aab875fda0&t=EU_Retail_Forward",false,Pamplona,Navarra,ES,31001,807240000,"Villaviciosa de Odon",Madrid,ES,28670,807240000,,true,,,,,,,,,,,,
ES,122283732812,"24-Mar-2026 UTC",SHIPMENT,FALSE,408-8424672-1801122,"25-Mar-2026 UTC",107970332966302,107970332966302,B072M2PM4T,FBA969056-43,1,"24-Mar-2026 UTC",0.2100,A_GEN_STANDARD,EUR,VAT,Taxable,,Seller,ShipTo,Country,SPAIN,75.49,13.10,62.39,0.00,0.00,0.00,0.00,0.00,0.00,0.00,0.00,0.00,0.00,0.00,0.00,0.00,0.00,0.00,ESB71337349,ES,,,,,,0.0000,,0.00,ES6000Z79FPVBS,"https://sellercentral.amazon.es/document/download?v=urn%3aalx%3adoc%3a9d8cab0f-1f96-4462-8642-ace99a371392%3a76b95ed8-4634-4aa3-89ff-d354b18fb98e&t=EU_Retail_Forward",false,Murcia,Murcia,ES,30156,807240000,"Mairena del Alcor",Sevilla,ES,41510,807240000,,true,,,,,,,,,,,,
ES,122283732812,"03-Mar-2026 UTC",SHIPMENT,FALSE,404-9070840-0059565,"04-Mar-2026 UTC",26067392807039,26067392807039,B077KCF4SZ,168754-44,1,"03-Mar-2026 UTC",0.2100,A_GEN_STANDARD,EUR,VAT,Taxable,,Seller,ShipTo,Country,SPAIN,55.99,9.72,46.27,0.00,0.00,0.00,0.00,0.00,0.00,0.00,0.00,0.00,0.00,0.00,0.00,0.00,0.00,0.00,ESB71337349,ES,,,,,,0.0000,,0.00,ES6000RA9FPVBS,"https://sellercentral.amazon.es/document/download?v=urn%3aalx%3adoc%3a9d8cab0f-1f96-4462-8642-ace99a371392%3abbc6c8ee-fa3f-4fee-abf4-f481c72803b7&t=EU_Retail_Forward",false,Pamplona,Navarra,ES,31001,807240000,Valladolid,Valladolid,ES,47009,807240000,,true,,,,,,,,,,,,
ES,122283732812,"24-Mar-2026 UTC",SHIPMENT,FALSE,407-0011460-0870705,"25-Mar-2026 UTC",26144955447039,26144955447039,B0DW3RGCXD,985790-36,1,"24-Mar-2026 UTC",0.2100,A_GEN_STANDARD,EUR,VAT,Taxable,,Seller,ShipTo,Country,SPAIN,101.99,17.70,84.29,0.00,0.00,0.00,0.00,0.00,0.00,0.00,0.00,0.00,0.00,0.00,0.00,0.00,0.00,0.00,ESB71337349,ES,,,,,,0.0000,,0.00,ES6000YX9FPVBS,"https://sellercentral.amazon.es/document/download?v=urn%3aalx%3adoc%3a9d8cab0f-1f96-4462-8642-ace99a371392%3a7a04369b-8d47-4429-b05a-3c91af94c7bb&t=EU_Retail_Forward",false,Pamplona,Navarra,ES,31001,807240000,Mutilva,Navarra,ES,31192,807240000,,true,,,,,,,,,,,,
ES,122283732812,"06-Mar-2026 UTC",SHIPMENT,FALSE,405-0838099-6065914,"06-Mar-2026 UTC",107192418994302,107192418994302,B07DPX25YH,FBA554862-38,1,"06-Mar-2026 UTC",0.2100,A_GEN_STANDARD,EUR,VAT,Taxable,,Seller,ShipTo,Country,SPAIN,74.80,12.98,61.82,0.00,0.00,0.00,0.00,0.00,0.00,0.00,0.00,0.00,0.00,0.00,0.00,0.00,0.00,0.00,ESB71337349,ES,,,,,,0.0000,,0.00,ES6000SB9FPVBS,"https://sellercentral.amazon.es/document/download?v=urn%3aalx%3adoc%3a9d8cab0f-1f96-4462-8642-ace99a371392%3a410d56f2-2032-40ed-9623-a6c22229be80&t=EU_Retail_Forward",false,Murcia,Murcia,ES,30156,807240000,"Mollet del Vallès",Barcelona,ES,08100,807240000,,true,,,,,,,,,,,,
ES,122283732812,"26-Mar-2026 UTC",SHIPMENT,FALSE,402-2417270-3323526,"26-Mar-2026 UTC",108012286950302,108012286950302,B072M2Q172,FBA969056-40,1,"26-Mar-2026 UTC",0.2100,A_GEN_STANDARD,EUR,VAT,Taxable,,Seller,ShipTo,Country,SPAIN,75.49,13.10,62.39,0.00,0.00,0.00,0.00,0.00,0.00,0.00,0.00,0.00,0.00,0.00,0.00,0.00,0.00,0.00,ESB71337349,ES,,,,,,0.0000,,0.00,ES6000ZJ9FPVBS,"https://sellercentral.amazon.es/document/download?v=urn%3aalx%3adoc%3a9d8cab0f-1f96-4462-8642-ace99a371392%3a2620ffc0-7fc0-4f8a-b6e4-997abe8d8b74&t=EU_Retail_Forward",false,Illescas,Illescas,ES,45200,807240000,"Benalmadena costa",Malaga,ES,29630,807240000,,true,,,,,,,,,,,,
ES,122283732812,"01-Mar-2026 UTC",SHIPMENT,FALSE,407-5868240-8773108,"02-Mar-2026 UTC",26058218102039,26058218102039,B072FW9HYD,089000-40,1,"01-Mar-2026 UTC",0.2100,A_GEN_STANDARD,EUR,VAT,Taxable,,Seller,ShipTo,Country,SPAIN,72.99,12.67,60.32,0.00,0.00,0.00,0.00,0.00,0.00,0.00,0.00,0.00,0.00,0.00,0.00,0.00,0.00,0.00,ESB71337349,ES,,,,,,0.0000,,0.00,ES6000PQ9FPVBS,"https://sellercentral.amazon.es/document/download?v=urn%3aalx%3adoc%3a9d8cab0f-1f96-4462-8642-ace99a371392%3a63c20da3-9fff-4412-ba42-00a8390add94&t=EU_Retail_Forward",false,Pamplona,Navarra,ES,31001,807240000,Naquera,Valencia,ES,46119,807240000,,true,,,,,,,,,,,,
ES,122283732812,"15-Mar-2026 UTC",SHIPMENT,FALSE,405-6386923-0797925,"16-Mar-2026 UTC",26115706164039,26115706164039,B08QN3YZB1,909559-39,1,"15-Mar-2026 UTC",0.2100,A_GEN_STANDARD,EUR,VAT,Taxable,,Seller,ShipTo,Country,SPAIN,61.44,10.66,50.78,0.00,0.00,0.00,0.00,0.00,0.00,0.00,0.00,0.00,0.00,0.00,0.00,0.00,0.00,0.00,ESB71337349,ES,,,,,,0.0000,,0.00,ES6000VC9FPVBS,"https://sellercentral.amazon.es/document/download?v=urn%3aalx%3adoc%3a9d8cab0f-1f96-4462-8642-ace99a371392%3a3876af66-7ca5-4a37-a9cd-4b2b08fa8e37&t=EU_Retail_Forward",false,Pamplona,Navarra,ES,31001,807240000,SEVILLA,Sevilla,ES,41011,807240000,,true,,,,,,,,,,,,
ES,122283732812,"25-Mar-2026 UTC",SHIPMENT,FALSE,403-0525483-0809144,"25-Mar-2026 UTC",26146738868039,26146738868039,B08DG6GXTJ,633372-46,1,"25-Mar-2026 UTC",0.2100,A_GEN_STANDARD,EUR,VAT,Taxable,,Seller,ShipTo,Country,SPAIN,94.88,16.47,78.41,0.00,0.00,0.00,0.00,0.00,0.00,0.00,0.00,0.00,0.00,0.00,0.00,0.00,0.00,0.00,ESB71337349,ES,,,,,,0.0000,,0.00,ES6000Z69FPVBS,"https://sellercentral.amazon.es/document/download?v=urn%3aalx%3adoc%3a9d8cab0f-1f96-4462-8642-ace99a371392%3af79b9fc4-d715-4ec5-9dda-dd2e6ee37f3d&t=EU_Retail_Forward",false,Pamplona,Navarra,ES,31001,807240000,"Conil De La Frontera",Cadiz,ES,11140,807240000,,true,,,,,,,,,,,,
ES,122283732812,"02-Mar-2026 UTC",SHIPMENT,FALSE,404-8263758-8083537,"03-Mar-2026 UTC",26064710692039,26064710692039,B08NXL9HNV,175995-37,1,"02-Mar-2026 UTC",0.2100,A_GEN_STANDARD,EUR,VAT,Taxable,,Seller,ShipTo,Country,SPAIN,55.00,9.55,45.45,0.00,0.00,0.00,0.00,0.00,0.00,0.00,0.00,0.00,0.00,0.00,0.00,0.00,0.00,0.00,ESB71337349,ES,,,,,,0.0000,,0.00,ES6000QJ9FPVBS,"https://sellercentral.amazon.es/document/download?v=urn%3aalx%3adoc%3a9d8cab0f-1f96-4462-8642-ace99a371392%3a05bb8de7-92c8-43a0-8a99-58507d257ab3&t=EU_Retail_Forward",false,Pamplona,Navarra,ES,31001,807240000,"Sant Quirze del Valles",Barcelona,ES,08192,807240000,,true,,,,,,,,,,,,
ES,122283732812,"22-Mar-2026 UTC",SHIPMENT,FALSE,171-4818951-4267516,"23-Mar-2026 UTC",26137939086039,26137939086039,B0G4SG6GRN,359148-42,1,"22-Mar-2026 UTC",0.2100,A_GEN_STANDARD,EUR,VAT,Taxable,,Seller,ShipTo,Country,SPAIN,109.95,19.08,90.87,0.00,0.00,0.00,6.00,1.04,4.96,0.00,0.00,0.00,0.00,0.00,0.00,0.00,0.00,0.00,ESB71337349,ES,,,,,,0.0000,,0.00,ES6000Y29FPVBS,"https://sellercentral.amazon.es/document/download?v=urn%3aalx%3adoc%3a9d8cab0f-1f96-4462-8642-ace99a371392%3a50c0b4dd-53a4-45fc-8cbd-1b35f2d4844d&t=EU_Retail_Forward",false,Pamplona,Navarra,ES,31001,807240000,BINISSALEM,"ISLAS BALEARES",ES,07350,807240000,,true,,,,,,,,,,,,
ES,122283732812,"07-Mar-2026 UTC",SHIPMENT,FALSE,404-1663056-8547511,"09-Mar-2026 UTC",26079548558039,26079548558039,B07VWX3BQC,854790-44,1,"07-Mar-2026 UTC",0.2100,A_GEN_STANDARD,EUR,VAT,Taxable,,Seller,ShipTo,Country,SPAIN,93.79,16.28,77.51,0.00,0.00,0.00,0.00,0.00,0.00,0.00,0.00,0.00,0.00,0.00,0.00,0.00,0.00,0.00,ESB71337349,ES,,,,,,0.0000,,0.00,ES6000SU9FPVBS,"https://sellercentral.amazon.es/document/download?v=urn%3aalx%3adoc%3a9d8cab0f-1f96-4462-8642-ace99a371392%3a386de42a-f3c3-4f15-bb15-7929e4709873&t=EU_Retail_Forward",false,Pamplona,Navarra,ES,31001,807240000,Pamplona,Navarra,ES,31190,807240000,,true,,,,,,,,,,,,
ES,122283732812,"22-Mar-2026 UTC",SHIPMENT,FALSE,402-7425147-5968338,"23-Mar-2026 UTC",26136450426039,26136450426039,B0DWFTNSLP,169147-38,1,"22-Mar-2026 UTC",0.2100,A_GEN_STANDARD,EUR,VAT,Taxable,,Seller,ShipTo,Country,SPAIN,77.99,13.54,64.45,0.00,0.00,0.00,0.00,0.00,0.00,0.00,0.00,0.00,0.00,0.00,0.00,0.00,0.00,0.00,ESB71337349,ES,,,,,,0.0000,,0.00,ES6000XY9FPVBS,"https://sellercentral.amazon.es/document/download?v=urn%3aalx%3adoc%3a9d8cab0f-1f96-4462-8642-ace99a371392%3ae6365c3b-682b-49ee-8bdf-ea10963b355b&t=EU_Retail_Forward",false,Pamplona,Navarra,ES,31001,807240000,"CORNELLA DE LLOBREGAT",BARCELONA,ES,08940,807240000,,true,,,,,,,,,,,,
ES,122283732812,"03-Mar-2026 UTC",SHIPMENT,FALSE,171-5803503-3746712,"04-Mar-2026 UTC",26068224040039,26068224040039,B09G2YTT5T,523989-42,1,"03-Mar-2026 UTC",0.2100,A_GEN_STANDARD,EUR,VAT,Taxable,,Seller,ShipTo,Country,SPAIN,86.79,15.06,71.73,0.00,0.00,0.00,0.00,0.00,0.00,0.00,0.00,0.00,0.00,0.00,0.00,0.00,0.00,0.00,ESB71337349,ES,ESB53421772,ES,VAT,,,0.0000,,0.00,ES60000L9FPVBI,"https://sellercentral.amazon.es/document/download?v=urn%3aalx%3adoc%3a9d8cab0f-1f96-4462-8642-ace99a371392%3af8ca5424-c462-4c3c-8a4b-7ec1fabaaaea&t=EU_Retail_Forward",false,Pamplona,Navarra,ES,31001,807240000,catral,alicante,ES,03158,807240000,,true,,,,,,,,,,,,
ES,122283732812,"21-Mar-2026 UTC",SHIPMENT,FALSE,406-4800167-7159551,"23-Mar-2026 UTC",26133697416039,26133697416039,B0CG4Q1Z4J,298310-37,1,"21-Mar-2026 UTC",0.2100,A_GEN_STANDARD,EUR,VAT,Taxable,,Seller,ShipTo,Country,SPAIN,70.57,12.25,58.32,0.00,0.00,0.00,0.00,0.00,0.00,0.00,0.00,0.00,0.00,0.00,0.00,0.00,0.00,0.00,ESB71337349,ES,,,,,,0.0000,,0.00,ES6000Y69FPVBS,"https://sellercentral.amazon.es/document/download?v=urn%3aalx%3adoc%3a9d8cab0f-1f96-4462-8642-ace99a371392%3aeca1c7bd-b6af-480a-9a42-e2280bea57ae&t=EU_Retail_Forward",false,Pamplona,Navarra,ES,31001,807240000,Barcelona,Barcelona,ES,08019,807240000,,true,,,,,,,,,,,,
ES,122283732812,"22-Mar-2026 UTC",SHIPMENT,FALSE,171-0890887-6558735,"22-Mar-2026 UTC",107869351821302,107869351821302,B0772P8XZX,FBA738825-42,1,"22-Mar-2026 UTC",0.2100,A_GEN_STANDARD,EUR,VAT,Taxable,,Seller,ShipTo,Country,SPAIN,86.49,15.01,71.48,0.00,0.00,0.00,0.00,0.00,0.00,0.00,0.00,0.00,0.00,0.00,0.00,0.00,0.00,0.00,ESB71337349,ES,,,,,,0.0000,,0.00,ES6000XS9FPVBS,"https://sellercentral.amazon.es/document/download?v=urn%3aalx%3adoc%3a9d8cab0f-1f96-4462-8642-ace99a371392%3a7d348fc2-902a-4581-ba6f-530fb9b3f978&t=EU_Retail_Forward",false,Illescas,Illescas,ES,45200,807240000,Espartinas,Sevilla,ES,41807,807240000,,true,,,,,,,,,,,,
ES,122283732812,"21-Mar-2026 UTC",SHIPMENT,FALSE,407-1645519-9164309,"22-Mar-2026 UTC",107840790857302,107840790857302,B0772QHX2Q,FBA633372-43,1,"21-Mar-2026 UTC",0.2100,A_GEN_STANDARD,EUR,VAT,Taxable,,Seller,ShipTo,Country,SPAIN,86.49,15.01,71.48,0.00,0.00,0.00,0.00,0.00,0.00,0.00,0.00,0.00,0.00,0.00,0.00,0.00,0.00,0.00,ESB71337349,ES,,,,,,0.0000,,0.00,ES6000XP9FPVBS,"https://sellercentral.amazon.es/document/download?v=urn%3aalx%3adoc%3a9d8cab0f-1f96-4462-8642-ace99a371392%3acfdc6fe2-efbe-4b6c-b9f2-89169d39eca7&t=EU_Retail_Forward",false,Illescas,Illescas,ES,45200,807240000,mérida,badajoz,ES,06800,807240000,,true,,,,,,,,,,,,
ES,122283732812,"17-Mar-2026 UTC",SHIPMENT,FALSE,405-9986846-9466705,"17-Mar-2026 UTC",107663180433302,107663180433302,B072Q18WRJ,FBA377785-42,1,"17-Mar-2026 UTC",0.2100,A_GEN_STANDARD,EUR,VAT,Taxable,,Seller,ShipTo,Country,SPAIN,80.99,14.06,66.93,0.00,0.00,0.00,0.00,0.00,0.00,0.00,0.00,0.00,0.00,0.00,0.00,0.00,0.00,0.00,ESB71337349,ES,,,,,,0.0000,,0.00,ES6000WE9FPVBS,"https://sellercentral.amazon.es/document/download?v=urn%3aalx%3adoc%3a9d8cab0f-1f96-4462-8642-ace99a371392%3a685efe12-30d4-4d60-95ba-acf6fc1b225b&t=EU_Retail_Forward",false,Illescas,Illescas,ES,45200,807240000,Santalecina,Huesca,ES,22411,807240000,,true,,,,,,,,,,,,
ES,122283732812,"03-Mar-2026 UTC",SHIPMENT,FALSE,403-0437853-8473101,"03-Mar-2026 UTC",26065190494039,26065190494039,B0772P8XZX,738825-42,1,"03-Mar-2026 UTC",0.2100,A_GEN_STANDARD,EUR,VAT,Taxable,,Seller,ShipTo,Country,SPAIN,83.79,14.54,69.25,0.00,0.00,0.00,0.00,0.00,0.00,0.00,0.00,0.00,0.00,0.00,0.00,0.00,0.00,0.00,ESB71337349,ES,,,,,,0.0000,,0.00,ES6000QO9FPVBS,"https://sellercentral.amazon.es/document/download?v=urn%3aalx%3adoc%3a9d8cab0f-1f96-4462-8642-ace99a371392%3aace51aa0-5fb7-4750-979f-a1514c8b74e2&t=EU_Retail_Forward",false,Pamplona,Navarra,ES,31001,807240000,"Barriada San Ginés",Murcia,ES,30203,807240000,,true,,,,,,,,,,,,
ES,122283732812,"15-Mar-2026 UTC",SHIPMENT,FALSE,407-5300080-1172311,"16-Mar-2026 UTC",26116207969039,26116207969039,B0C3JLTZN1,856763-42,1,"15-Mar-2026 UTC",0.2100,A_GEN_STANDARD,EUR,VAT,Taxable,,Seller,ShipTo,Country,SPAIN,58.07,10.08,47.99,0.00,0.00,0.00,0.00,0.00,0.00,0.00,0.00,0.00,0.00,0.00,0.00,0.00,0.00,0.00,ESB71337349,ES,,,,,,0.0000,,0.00,ES6000VF9FPVBS,"https://sellercentral.amazon.es/document/download?v=urn%3aalx%3adoc%3a9d8cab0f-1f96-4462-8642-ace99a371392%3ab685f154-cfff-4729-af5a-12f0debb8741&t=EU_Retail_Forward",false,Pamplona,Navarra,ES,31001,807240000,"El alamo",Madrid,ES,28607,807240000,,true,,,,,,,,,,,,
ES,122283732812,"27-Feb-2026 UTC",SHIPMENT,FALSE,405-8814365-7957903,"01-Mar-2026 UTC",106918413231302,106918413231302,B07DPXJHB8,FBA426046-38,1,"28-Feb-2026 UTC",0.2100,A_GEN_STANDARD,EUR,VAT,Taxable,,Seller,ShipTo,Country,SPAIN,78.80,13.68,65.12,0.00,0.00,0.00,0.00,0.00,0.00,0.00,0.00,0.00,0.00,0.00,0.00,0.00,0.00,0.00,ESB71337349,ES,,,,,,0.0000,,0.00,ES6000PG9FPVBS,"https://sellercentral.amazon.es/document/download?v=urn%3aalx%3adoc%3a9d8cab0f-1f96-4462-8642-ace99a371392%3a7a91e23f-f8b7-4485-ab24-1bec82b9c08e&t=EU_Retail_Forward",false,Murcia,Murcia,ES,30156,807240000,Candeleda,Avila,ES,05480,807240000,,true,,,,,,,,,,,,
ES,122283732812,"23-Mar-2026 UTC",SHIPMENT,FALSE,405-7577003-4229945,"23-Mar-2026 UTC",26140122949039,26140122949039,B08PDCYWDF,341039-44,1,"23-Mar-2026 UTC",0.2100,A_GEN_STANDARD,EUR,VAT,Taxable,,Seller,ShipTo,Country,SPAIN,82.60,14.34,68.26,0.00,0.00,0.00,0.00,0.00,0.00,0.00,0.00,0.00,0.00,0.00,0.00,0.00,0.00,0.00,ESB71337349,ES,,,,,,0.0000,,0.00,ES6000YE9FPVBS,"https://sellercentral.amazon.es/document/download?v=urn%3aalx%3adoc%3a9d8cab0f-1f96-4462-8642-ace99a371392%3af331387e-087e-4354-aa7c-e1bd015a4128&t=EU_Retail_Forward",false,Pamplona,Navarra,ES,31001,807240000,"Parets de Vallès",Barcelona,ES,08150,807240000,,true,,,,,,,,,,,,
ES,122283732812,"05-Mar-2026 UTC",SHIPMENT,FALSE,406-0254402-5775540,"05-Mar-2026 UTC",26072582770039,26072582770039,B07VWX38W9,854790-41,1,"05-Mar-2026 UTC",0.2100,A_GEN_STANDARD,EUR,VAT,Taxable,,Seller,ShipTo,Country,SPAIN,93.79,16.28,77.51,0.00,0.00,0.00,0.00,0.00,0.00,0.00,0.00,0.00,0.00,0.00,0.00,0.00,0.00,0.00,ESB71337349,ES,,,,,,0.0000,,0.00,ES6000RY9FPVBS,"https://sellercentral.amazon.es/document/download?v=urn%3aalx%3adoc%3a9d8cab0f-1f96-4462-8642-ace99a371392%3a5693ffe5-b34c-4c51-9d2e-210ab4eb89dd&t=EU_Retail_Forward",false,Pamplona,Navarra,ES,31001,807240000,"Jaraíz de la Vera",Caceres,ES,10400,807240000,,true,,,,,,,,,,,,
ES,122283732812,"17-Mar-2026 UTC",SHIPMENT,FALSE,404-6366658-9872352,"17-Mar-2026 UTC",26120762979039,26120762979039,B0DCHNVDCR,853987-36,1,"17-Mar-2026 UTC",0.2100,A_GEN_STANDARD,EUR,VAT,Taxable,,Seller,ShipTo,Country,SPAIN,102.50,17.79,84.71,0.00,0.00,0.00,0.00,0.00,0.00,0.00,0.00,0.00,0.00,0.00,0.00,0.00,0.00,0.00,ESB71337349,ES,,,,,,0.0000,,0.00,ES6000WF9FPVBS,"https://sellercentral.amazon.es/document/download?v=urn%3aalx%3adoc%3a9d8cab0f-1f96-4462-8642-ace99a371392%3abbd8aa36-4e9c-4aa4-8ae0-59789bf192c1&t=EU_Retail_Forward",false,Pamplona,Navarra,ES,31001,807240000,"San Sebastian",Gipuzkoa,ES,20012,807240000,,true,,,,,,,,,,,,
ES,122283732812,"16-Mar-2026 UTC",SHIPMENT,FALSE,406-0475277-3335539,"16-Mar-2026 UTC",107641975521302,107641975521302,B0772R92YD,FBA738825-43,1,"16-Mar-2026 UTC",0.2100,A_GEN_STANDARD,EUR,VAT,Taxable,,Seller,ShipTo,Country,SPAIN,95.90,16.64,79.26,0.00,0.00,0.00,0.00,0.00,0.00,0.00,0.00,0.00,0.00,0.00,0.00,0.00,0.00,0.00,ESB71337349,ES,,,,,,0.0000,,0.00,ES6000VT9FPVBS,"https://sellercentral.amazon.es/document/download?v=urn%3aalx%3adoc%3a9d8cab0f-1f96-4462-8642-ace99a371392%3af7219fab-916f-4d7b-9f70-d224b448bf2e&t=EU_Retail_Forward",false,Illescas,Illescas,ES,45200,807240000,Burgos,Burgos,ES,09004,807240000,,true,,,,,,,,,,,,
ES,122283732812,"13-Mar-2026 UTC",SHIPMENT,FALSE,171-6399961-8641912,"13-Mar-2026 UTC",26107931501039,26107931501039,B0DW3YW39S,873273-36,1,"13-Mar-2026 UTC",0.2100,A_GEN_STANDARD,EUR,VAT,Taxable,,Seller,ShipTo,Country,SPAIN,118.90,20.64,98.26,0.00,0.00,0.00,0.00,0.00,0.00,0.00,0.00,0.00,0.00,0.00,0.00,0.00,0.00,0.00,ESB71337349,ES,,,,,,0.0000,,0.00,ES6000UK9FPVBS,"https://sellercentral.amazon.es/document/download?v=urn%3aalx%3adoc%3a9d8cab0f-1f96-4462-8642-ace99a371392%3ac04485d5-6da2-4298-885f-13b97cd3c09b&t=EU_Retail_Forward",false,Pamplona,Navarra,ES,31001,807240000,Alcobendas,Madrid,ES,28100,807240000,,true,,,,,,,,,,,,
ES,122283732812,"27-Feb-2026 UTC",SHIPMENT,FALSE,171-3616919-4033167,"01-Mar-2026 UTC",106910532003302,106910532003302,B0772R92YD,FBA738825-43,1,"28-Feb-2026 UTC",0.2100,A_GEN_STANDARD,EUR,VAT,Taxable,,Seller,ShipTo,Country,SPAIN,86.99,15.10,71.89,0.00,0.00,0.00,0.00,0.00,0.00,0.00,0.00,0.00,0.00,0.00,0.00,0.00,0.00,0.00,ESB71337349,ES,,,,,,0.0000,,0.00,ES6000PH9FPVBS,"https://sellercentral.amazon.es/document/download?v=urn%3aalx%3adoc%3a9d8cab0f-1f96-4462-8642-ace99a371392%3a4aae2d33-e7e0-423e-9e7f-76fcd4d3443e&t=EU_Retail_Forward",false,Murcia,Murcia,ES,30156,807240000,Tarrasa,Barcelona,ES,08225,807240000,,true,,,,,,,,,,,,
ES,122283732812,"03-Mar-2026 UTC",SHIPMENT,FALSE,402-3717256-4523509,"03-Mar-2026 UTC",26066018502039,26066018502039,B0B91ZRD8Z,679365-37,1,"03-Mar-2026 UTC",0.2100,A_GEN_STANDARD,EUR,VAT,Taxable,,Seller,ShipTo,Country,SPAIN,90.99,15.79,75.20,0.00,0.00,0.00,0.00,0.00,0.00,0.00,0.00,0.00,0.00,0.00,0.00,0.00,0.00,0.00,ESB71337349,ES,,,,,,0.0000,,0.00,ES6000QT9FPVBS,"https://sellercentral.amazon.es/document/download?v=urn%3aalx%3adoc%3a9d8cab0f-1f96-4462-8642-ace99a371392%3a77a7d838-2844-41db-ad87-ed68466a0753&t=EU_Retail_Forward",false,Pamplona,Navarra,ES,31001,807240000,"Pozuelo de Alarcon",Madrid,ES,28223,807240000,,true,,,,,,,,,,,,
ES,122283732812,"20-Mar-2026 UTC",SHIPMENT,FALSE,407-5741180-7013101,"21-Mar-2026 UTC",107810891981302,107810891981302,B071W6NT3F,FBA969056-42,1,"20-Mar-2026 UTC",0.2100,A_GEN_STANDARD,EUR,VAT,Taxable,,Seller,ShipTo,Country,SPAIN,77.39,13.43,63.96,0.00,0.00,0.00,0.00,0.00,0.00,0.00,0.00,0.00,0.00,0.00,0.00,0.00,0.00,0.00,ESB71337349,ES,,,,,,0.0000,,0.00,ES6000XO9FPVBS,"https://sellercentral.amazon.es/document/download?v=urn%3aalx%3adoc%3a9d8cab0f-1f96-4462-8642-ace99a371392%3a4bbe045d-c670-49c8-b191-1373c7ce86d4&t=EU_Retail_Forward",false,Murcia,Murcia,ES,30156,807240000,Madrid,Madrid,ES,28028,807240000,,true,,,,,,,,,,,,
ES,122283732812,"15-Mar-2026 UTC",SHIPMENT,FALSE,402-6271236-1313103,"16-Mar-2026 UTC",26116520353039,26116520353039,B07FYYDKSR,939229-41,1,"15-Mar-2026 UTC",0.2100,A_GEN_STANDARD,EUR,VAT,Taxable,,Seller,ShipTo,Country,SPAIN,75.56,13.11,62.45,0.00,0.00,0.00,0.00,0.00,0.00,0.00,0.00,0.00,0.00,0.00,0.00,0.00,0.00,0.00,ESB71337349,ES,,,,,,0.0000,,0.00,ES6000VI9FPVBS,"https://sellercentral.amazon.es/document/download?v=urn%3aalx%3adoc%3a9d8cab0f-1f96-4462-8642-ace99a371392%3a6ed88dcc-f5e5-40a4-ae13-9021f1ff6286&t=EU_Retail_Forward",false,Pamplona,Navarra,ES,31001,807240000,POZOBLANCO,CORDOBA,ES,14400,807240000,,true,,,,,,,,,,,,
ES,122283732812,"01-Mar-2026 UTC",SHIPMENT,FALSE,405-3556013-5977152,"02-Mar-2026 UTC",26059438964039,26059438964039,B082MXDF7R,209053-36,1,"01-Mar-2026 UTC",0.2100,A_GEN_STANDARD,EUR,VAT,Taxable,,Seller,ShipTo,Country,SPAIN,51.85,9.00,42.85,0.00,0.00,0.00,0.00,0.00,0.00,0.00,0.00,0.00,0.00,0.00,0.00,0.00,0.00,0.00,ESB71337349,ES,,,,,,0.0000,,0.00,ES6000PU9FPVBS,"https://sellercentral.amazon.es/document/download?v=urn%3aalx%3adoc%3a9d8cab0f-1f96-4462-8642-ace99a371392%3acb65f7a9-6eda-465a-a485-8ec4559105fd&t=EU_Retail_Forward",false,Pamplona,Navarra,ES,31001,807240000,"Chiclana de la frontera",Cadiz,ES,11130,807240000,,true,,,,,,,,,,,,
ES,122283732812,"02-Mar-2026 UTC",SHIPMENT,FALSE,403-1376822-2854722,"03-Mar-2026 UTC",26063321592039,26063321592039,B072M2PM4T,969056-43,1,"02-Mar-2026 UTC",0.2100,A_GEN_STANDARD,EUR,VAT,Taxable,,Seller,ShipTo,Country,SPAIN,72.99,12.67,60.32,0.00,0.00,0.00,0.00,0.00,0.00,0.00,0.00,0.00,0.00,0.00,0.00,0.00,0.00,0.00,ESB71337349,ES,,,,,,0.0000,,0.00,ES6000R19FPVBS,"https://sellercentral.amazon.es/document/download?v=urn%3aalx%3adoc%3a9d8cab0f-1f96-4462-8642-ace99a371392%3a5591dd04-748a-4ceb-b143-affe90ad2cd0&t=EU_Retail_Forward",false,Pamplona,Navarra,ES,31001,807240000,Barcelona,Barcelona,ES,08015,807240000,,true,,,,,,,,,,,,
ES,122283732812,"03-Mar-2026 UTC",SHIPMENT,FALSE,403-4783628-0593150,"03-Mar-2026 UTC",26065463715039,26065463715039,B0D9TQVQ8Q,150242-42,1,"03-Mar-2026 UTC",0.2100,A_GEN_STANDARD,EUR,VAT,Taxable,,Seller,ShipTo,Country,SPAIN,87.99,15.27,72.72,0.00,0.00,0.00,0.00,0.00,0.00,0.00,0.00,0.00,0.00,0.00,0.00,0.00,0.00,0.00,ESB71337349,ES,,,,,,0.0000,,0.00,ES6000QR9FPVBS,"https://sellercentral.amazon.es/document/download?v=urn%3aalx%3adoc%3a9d8cab0f-1f96-4462-8642-ace99a371392%3a07a74cd2-4f33-4e0a-9ea9-1e9cedc3e07a&t=EU_Retail_Forward",false,Pamplona,Navarra,ES,31001,807240000,Toledo,Toledo,ES,45004,807240000,,true,,,,,,,,,,,,
ES,122283732812,"28-Feb-2026 UTC",SHIPMENT,FALSE,406-1124581-8595559,"02-Mar-2026 UTC",26054327353039,26054327353039,B0CXQQPFFS,350896-39,1,"28-Feb-2026 UTC",0.2100,A_GEN_STANDARD,EUR,VAT,Taxable,,Seller,ShipTo,Country,SPAIN,115.00,19.96,95.04,0.00,0.00,0.00,0.00,0.00,0.00,0.00,0.00,0.00,0.00,0.00,0.00,0.00,0.00,0.00,ESB71337349,ES,,,,,,0.0000,,0.00,ES6000PL9FPVBS,"https://sellercentral.amazon.es/document/download?v=urn%3aalx%3adoc%3a9d8cab0f-1f96-4462-8642-ace99a371392%3afc0ca848-84a1-465b-bbc6-da4b7f4fd5e9&t=EU_Retail_Forward",false,Pamplona,Navarra,ES,31001,807240000,Barcelona,Barcelona,ES,08015,807240000,,true,,,,,,,,,,,,
ES,122283732812,"09-Mar-2026 UTC",SHIPMENT,FALSE,405-9977495-1213163,"10-Mar-2026 UTC",26086971915039,26086971915039,B001O9AORU,368480-43,1,"09-Mar-2026 UTC",0.2100,A_GEN_STANDARD,EUR,VAT,Taxable,,Seller,ShipTo,Country,SPAIN,131.95,22.90,109.05,0.00,0.00,0.00,0.00,0.00,0.00,0.00,0.00,0.00,0.00,0.00,0.00,0.00,0.00,0.00,ESB71337349,ES,,,,,,0.0000,,0.00,ES6000TH9FPVBS,"https://sellercentral.amazon.es/document/download?v=urn%3aalx%3adoc%3a9d8cab0f-1f96-4462-8642-ace99a371392%3a43b1ea8f-f893-42f4-8db2-d7eb2cffdb7f&t=EU_Retail_Forward",false,Pamplona,Navarra,ES,31001,807240000,"San Sebastián de los Reyes",Madrid,ES,28701,807240000,,true,,,,,,,,,,,,
ES,122283732812,"27-Mar-2026 UTC",SHIPMENT,FALSE,404-4102333-0167517,"27-Mar-2026 UTC",26153496104039,26153496104039,B0FG8H4SBK,582220-41,1,"27-Mar-2026 UTC",0.2100,A_GEN_STANDARD,EUR,VAT,Taxable,,Seller,ShipTo,Country,SPAIN,99.95,17.35,82.60,0.00,0.00,0.00,0.00,0.00,0.00,0.00,0.00,0.00,0.00,0.00,0.00,0.00,0.00,0.00,ESB71337349,ES,,,,,,0.0000,,0.00,ES6000ZT9FPVBS,"https://sellercentral.amazon.es/document/download?v=urn%3aalx%3adoc%3a9d8cab0f-1f96-4462-8642-ace99a371392%3ada7b0201-5c43-41ee-add5-a05c0b1ae36a&t=EU_Retail_Forward",false,Pamplona,Navarra,ES,31001,807240000,Montanejos,Castellón,ES,12448,807240000,,true,,,,,,,,,,,,
ES,122283732812,"03-Mar-2026 UTC",SHIPMENT,FALSE,402-5855572-7173119,"04-Mar-2026 UTC",26066792896039,26066792896039,B0CK577P12,051043-40,1,"03-Mar-2026 UTC",0.2100,A_GEN_STANDARD,EUR,VAT,Taxable,,Seller,ShipTo,Country,SPAIN,64.95,11.27,53.68,0.00,0.00,0.00,0.00,0.00,0.00,0.00,0.00,0.00,0.00,0.00,0.00,0.00,0.00,0.00,ESB71337349,ES,,,,,,0.0000,,0.00,ES6000R59FPVBS,"https://sellercentral.amazon.es/document/download?v=urn%3aalx%3adoc%3a9d8cab0f-1f96-4462-8642-ace99a371392%3a04c26c6e-f42c-4179-86b2-aa993562e609&t=EU_Retail_Forward",false,Pamplona,Navarra,ES,31001,807240000,"El Prat de LLobregat",Barcelona,ES,08820,807240000,,true,,,,,,,,,,,,
ES,122283732812,"28-Feb-2026 UTC",SHIPMENT,FALSE,406-5549384-6867556,"02-Mar-2026 UTC",26058191833039,26058191833039,B0758D131Q,852191-39,1,"28-Feb-2026 UTC",0.2100,A_GEN_STANDARD,EUR,VAT,Taxable,,Seller,ShipTo,Country,SPAIN,72.99,12.67,60.32,0.00,0.00,0.00,0.00,0.00,0.00,0.00,0.00,0.00,0.00,0.00,0.00,0.00,0.00,0.00,ESB71337349,ES,,,,,,0.0000,,0.00,ES6000PO9FPVBS,"https://sellercentral.amazon.es/document/download?v=urn%3aalx%3adoc%3a9d8cab0f-1f96-4462-8642-ace99a371392%3ab2efc396-08f0-412a-8932-d544e81bcde7&t=EU_Retail_Forward",false,Pamplona,Navarra,ES,31001,807240000,Algete,Madrid,ES,28110,807240000,,true,,,,,,,,,,,,
ES,122283732812,"21-Mar-2026 UTC",SHIPMENT,FALSE,407-8647781-2745156,"23-Mar-2026 UTC",26135267754039,26135267754039,B0772TC3MD,633372-40,1,"21-Mar-2026 UTC",0.2100,A_GEN_STANDARD,EUR,VAT,Taxable,,Seller,ShipTo,Country,SPAIN,83.99,14.58,69.41,0.00,0.00,0.00,0.00,0.00,0.00,0.00,0.00,0.00,0.00,0.00,0.00,0.00,0.00,0.00,ESB71337349,ES,,,,,,0.0000,,0.00,ES6000XV9FPVBS,"https://sellercentral.amazon.es/document/download?v=urn%3aalx%3adoc%3a9d8cab0f-1f96-4462-8642-ace99a371392%3a67da5868-c2d0-4f7f-a770-05993c2b6b75&t=EU_Retail_Forward",false,Pamplona,Navarra,ES,31001,807240000,mérida,badajoz,ES,06800,807240000,,true,,,,,,,,,,,,
ES,122283732812,"13-Mar-2026 UTC",SHIPMENT,FALSE,408-7857044-8700303,"13-Mar-2026 UTC",541618217991001,541618217991001,B071W6NSB5,FBA047768-44,1,"13-Mar-2026 UTC",0.2100,A_GEN_STANDARD,EUR,VAT,Taxable,,Seller,ShipTo,Country,SPAIN,83.49,14.49,69.00,0.00,0.00,0.00,0.00,0.00,0.00,0.00,0.00,0.00,0.00,0.00,0.00,0.00,0.00,0.00,ESB71337349,ES,ESW0184081H,ES,VAT,,,0.0000,,0.00,N/A,N/A,false,Murcia,Murcia,ES,30156,807240000,Murcia,Murcia,ES,30156,807240000,,true,,,,,,,,,,,,
ES,122283732812,"22-Mar-2026 UTC",SHIPMENT,FALSE,408-1094776-2184347,"23-Mar-2026 UTC",26137455310039,26137455310039,B082MX6NZZ,729421-39,1,"22-Mar-2026 UTC",0.2100,A_GEN_STANDARD,EUR,VAT,Taxable,,Seller,ShipTo,Country,SPAIN,52.89,9.18,43.71,0.00,0.00,0.00,0.00,0.00,0.00,0.00,0.00,0.00,0.00,0.00,0.00,0.00,0.00,0.00,ESB71337349,ES,,,,,,0.0000,,0.00,ES6000Y99FPVBS,"https://sellercentral.amazon.es/document/download?v=urn%3aalx%3adoc%3a9d8cab0f-1f96-4462-8642-ace99a371392%3adb44681a-c3f1-4e84-a676-426ba1722766&t=EU_Retail_Forward",false,Pamplona,Navarra,ES,31001,807240000,Málaga,Málaga,ES,29013,807240000,,true,,,,,,,,,,,,
ES,122283732812,"14-Mar-2026 UTC",SHIPMENT,FALSE,403-9807232-6042740,"16-Mar-2026 UTC",26112387173039,26112387173039,B07V4N3MCQ,051629-44,1,"14-Mar-2026 UTC",0.2100,A_GEN_STANDARD,EUR,VAT,Taxable,,Seller,ShipTo,Country,SPAIN,77.99,13.54,64.45,0.00,0.00,0.00,0.00,0.00,0.00,0.00,0.00,0.00,0.00,0.00,0.00,0.00,0.00,0.00,ESB71337349,ES,,,,,,0.0000,,0.00,ES6000V39FPVBS,"https://sellercentral.amazon.es/document/download?v=urn%3aalx%3adoc%3a9d8cab0f-1f96-4462-8642-ace99a371392%3a6ff7c100-4664-42d2-a13c-c7dbbf37bdff&t=EU_Retail_Forward",false,Pamplona,Navarra,ES,31001,807240000,Marchena,Sevilla,ES,41620,807240000,,true,,,,,,,,,,,,
ES,122283732812,"09-Mar-2026 UTC",SHIPMENT,FALSE,406-4097607-1901119,"10-Mar-2026 UTC",26088499829039,26088499829039,B01BVUTABC,031950-42,1,"09-Mar-2026 UTC",0.2100,A_GEN_STANDARD,EUR,VAT,Taxable,,Seller,ShipTo,Country,SPAIN,51.99,9.02,42.97,0.00,0.00,0.00,0.00,0.00,0.00,0.00,0.00,0.00,0.00,0.00,0.00,0.00,0.00,0.00,ESB71337349,ES,,,,,,0.0000,,0.00,ES6000TN9FPVBS,"https://sellercentral.amazon.es/document/download?v=urn%3aalx%3adoc%3a9d8cab0f-1f96-4462-8642-ace99a371392%3aea97750a-3c73-4054-8d2a-17c378a40b15&t=EU_Retail_Forward",false,Pamplona,Navarra,ES,31001,807240000,"Alhama de Almería",Almería,ES,04400,807240000,,true,,,,,,,,,,,,
ES,122283732812,"25-Mar-2026 UTC",SHIPMENT,FALSE,405-2553163-5242709,"26-Mar-2026 UTC",26147413049039,26147413049039,B0D11518W8,156024-41,1,"25-Mar-2026 UTC",0.2100,A_GEN_STANDARD,EUR,VAT,Taxable,,Seller,ShipTo,Country,SPAIN,70.99,12.32,58.67,0.00,0.00,0.00,0.00,0.00,0.00,0.00,0.00,0.00,0.00,0.00,0.00,0.00,0.00,0.00,ESB71337349,ES,,,,,,0.0000,,0.00,ES6000ZB9FPVBS,"https://sellercentral.amazon.es/document/download?v=urn%3aalx%3adoc%3a9d8cab0f-1f96-4462-8642-ace99a371392%3a2f12cc3c-0f15-4d45-994d-ae79a36107fe&t=EU_Retail_Forward",false,Pamplona,Navarra,ES,31001,807240000,Legazpi,Gipuzkoa,ES,20230,807240000,,true,,,,,,,,,,,,
ES,122283732812,"03-Mar-2026 UTC",SHIPMENT,FALSE,407-8442426-8968340,"03-Mar-2026 UTC",26066080994039,26066080994039,B0F5NZ58MB,464415-41,1,"03-Mar-2026 UTC",0.2100,A_GEN_STANDARD,EUR,VAT,Taxable,,Seller,ShipTo,Country,SPAIN,119.89,20.81,99.08,0.00,0.00,0.00,0.00,0.00,0.00,0.00,0.00,0.00,0.00,0.00,0.00,0.00,0.00,0.00,ESB71337349,ES,,,,,,0.0000,,0.00,ES6000QV9FPVBS,"https://sellercentral.amazon.es/document/download?v=urn%3aalx%3adoc%3a9d8cab0f-1f96-4462-8642-ace99a371392%3af224846d-4cfd-48fd-8b0f-7678560659ac&t=EU_Retail_Forward",false,Pamplona,Navarra,ES,31001,807240000,CASTELLON,CASTELLON,ES,12001,807240000,,true,,,,,,,,,,,,
ES,122283732812,"14-Mar-2026 UTC",SHIPMENT,FALSE,404-8145289-1109164,"16-Mar-2026 UTC",26111191852039,26111191852039,B0CJ58KLRP,442597-44,1,"14-Mar-2026 UTC",0.2100,A_GEN_STANDARD,EUR,VAT,Taxable,,Seller,ShipTo,Country,SPAIN,92.99,16.14,76.85,0.00,0.00,0.00,0.00,0.00,0.00,0.00,0.00,0.00,0.00,0.00,0.00,0.00,0.00,0.00,ESB71337349,ES,,,,,,0.0000,,0.00,ES6000V19FPVBS,"https://sellercentral.amazon.es/document/download?v=urn%3aalx%3adoc%3a9d8cab0f-1f96-4462-8642-ace99a371392%3abd4ea049-190d-4ccd-bc73-7e5653d61160&t=EU_Retail_Forward",false,Pamplona,Navarra,ES,31001,807240000,Moncofa,,ES,12593,807240000,,true,,,,,,,,,,,,
ES,122283732812,"15-Mar-2026 UTC",SHIPMENT,FALSE,403-5606383-5439506,"16-Mar-2026 UTC",107607099275302,107607099275302,B071W6NT38,FBA047768-45,1,"15-Mar-2026 UTC",0.2100,A_GEN_STANDARD,EUR,VAT,Taxable,,Seller,ShipTo,Country,SPAIN,83.49,14.49,69.00,0.00,0.00,0.00,0.00,0.00,0.00,0.00,0.00,0.00,0.00,0.00,0.00,0.00,0.00,0.00,ESB71337349,ES,,,,,,0.0000,,0.00,ES6000VN9FPVBS,"https://sellercentral.amazon.es/document/download?v=urn%3aalx%3adoc%3a9d8cab0f-1f96-4462-8642-ace99a371392%3a8ada8b98-bf26-4c17-8070-8eb634188f5e&t=EU_Retail_Forward",false,Murcia,Murcia,ES,30156,807240000,Madrid,Madrid,ES,28027,807240000,,true,,,,,,,,,,,,
ES,122283732812,"03-Mar-2026 UTC",SHIPMENT,FALSE,402-3416440-5501934,"03-Mar-2026 UTC",26065009519039,26065009519039,B0FHTGPKW4,189101-40,1,"03-Mar-2026 UTC",0.2100,A_GEN_STANDARD,EUR,VAT,Taxable,,Seller,ShipTo,Country,SPAIN,87.10,15.12,71.98,0.00,0.00,0.00,0.00,0.00,0.00,0.00,0.00,0.00,0.00,0.00,0.00,0.00,0.00,0.00,ESB71337349,ES,,,,,,0.0000,,0.00,ES6000QM9FPVBS,"https://sellercentral.amazon.es/document/download?v=urn%3aalx%3adoc%3a9d8cab0f-1f96-4462-8642-ace99a371392%3a44db70e5-5ad3-4374-8960-63ba063cd067&t=EU_Retail_Forward",false,Pamplona,Navarra,ES,31001,807240000,Alovera,Guadalajara,ES,19208,807240000,,true,,,,,,,,,,,,
ES,122283732812,"05-Mar-2026 UTC",SHIPMENT,FALSE,407-8172628-8547514,"06-Mar-2026 UTC",26073738066039,26073738066039,B07DPSJFRH,999945-38,1,"05-Mar-2026 UTC",0.2100,A_GEN_STANDARD,EUR,VAT,Taxable,,Seller,ShipTo,Country,SPAIN,77.99,13.54,64.45,0.00,0.00,0.00,0.00,0.00,0.00,0.00,0.00,0.00,0.00,0.00,0.00,0.00,0.00,0.00,ESB71337349,ES,,,,,,0.0000,,0.00,ES6000S59FPVBS,"https://sellercentral.amazon.es/document/download?v=urn%3aalx%3adoc%3a9d8cab0f-1f96-4462-8642-ace99a371392%3a12df275d-d2a4-4356-a65c-2c1627c7fadf&t=EU_Retail_Forward",false,Pamplona,Navarra,ES,31001,807240000,Ripollet,Barcelona,ES,08291,807240000,,true,,,,,,,,,,,,
ES,122283732812,"01-Mar-2026 UTC",SHIPMENT,FALSE,404-5482513-9844315,"04-Mar-2026 UTC",107066010922302,107066010922302,B0772QHX2Q,FBA633372-43,1,"04-Mar-2026 UTC",0.2100,A_GEN_STANDARD,EUR,VAT,Taxable,,Seller,ShipTo,Country,SPAIN,86.49,15.01,71.48,0.00,0.00,0.00,0.00,0.00,0.00,0.00,0.00,0.00,0.00,0.00,0.00,0.00,0.00,0.00,ESB71337349,ES,,,,,,0.0000,,0.00,ES6000RQ9FPVBS,"https://sellercentral.amazon.es/document/download?v=urn%3aalx%3adoc%3a9d8cab0f-1f96-4462-8642-ace99a371392%3a7f77c7f0-c624-4d47-ad11-e55c4992b693&t=EU_Retail_Forward",false,Murcia,Murcia,ES,30156,807240000,Jaen,Jaen,ES,23009,807240000,,true,,,,,,,,,,,,
ES,122283732812,"16-Mar-2026 UTC",SHIPMENT,FALSE,402-2361519-7097155,"16-Mar-2026 UTC",26116975889039,26116975889039,B0F6VCDHQW,151080-43,1,"16-Mar-2026 UTC",0.2100,A_GEN_STANDARD,EUR,VAT,Taxable,,Seller,ShipTo,Country,SPAIN,117.90,20.46,97.44,0.00,0.00,0.00,0.00,0.00,0.00,0.00,0.00,0.00,0.00,0.00,0.00,0.00,0.00,0.00,ESB71337349,ES,,,,,,0.0000,,0.00,ES6000VQ9FPVBS,"https://sellercentral.amazon.es/document/download?v=urn%3aalx%3adoc%3a9d8cab0f-1f96-4462-8642-ace99a371392%3a4a80a0bb-8d73-42ef-b5b1-6e71246ba780&t=EU_Retail_Forward",false,Pamplona,Navarra,ES,31001,807240000,Santaella,Córdoba,ES,14546,807240000,,true,,,,,,,,,,,,
ES,122283732812,"18-Mar-2026 UTC",SHIPMENT,FALSE,402-0748584-1266744,"18-Mar-2026 UTC",26124717027039,26124717027039,B07VVR6V6N,092880-44,1,"18-Mar-2026 UTC",0.2100,A_GEN_STANDARD,EUR,VAT,Taxable,,Seller,ShipTo,Country,SPAIN,93.79,16.28,77.51,0.00,0.00,0.00,0.00,0.00,0.00,0.00,0.00,0.00,0.00,0.00,0.00,0.00,0.00,0.00,ESB71337349,ES,,,,,,0.0000,,0.00,ES6000WR9FPVBS,"https://sellercentral.amazon.es/document/download?v=urn%3aalx%3adoc%3a9d8cab0f-1f96-4462-8642-ace99a371392%3a809c079b-e67e-4ac2-8738-719e08ffe737&t=EU_Retail_Forward",false,Pamplona,Navarra,ES,31001,807240000,Oviedo,Asturias,ES,33010,807240000,,true,,,,,,,,,,,,
ES,122283732812,"03-Mar-2026 UTC",SHIPMENT,FALSE,406-7991683-0129938,"03-Mar-2026 UTC",26065439298039,26065439298039,B0D9WVN9WJ,449017-44,1,"03-Mar-2026 UTC",0.2100,A_GEN_STANDARD,EUR,VAT,Taxable,,Seller,ShipTo,Country,SPAIN,80.00,13.88,66.12,0.00,0.00,0.00,0.00,0.00,0.00,0.00,0.00,0.00,0.00,0.00,0.00,0.00,0.00,0.00,ESB71337349,ES,,,,,,0.0000,,0.00,ES6000QQ9FPVBS,"https://sellercentral.amazon.es/document/download?v=urn%3aalx%3adoc%3a9d8cab0f-1f96-4462-8642-ace99a371392%3a0d42253f-e357-408c-87fd-22a67eee16e9&t=EU_Retail_Forward",false,Pamplona,Navarra,ES,31001,807240000,Madrid,Madrid,ES,28050,807240000,,true,,,,,,,,,,,,
ES,122283732812,"18-Mar-2026 UTC",SHIPMENT,FALSE,404-7079682-8881163,"18-Mar-2026 UTC",107720902642302,107720902642302,B07DPX7CBS,FBA341203-36,1,"18-Mar-2026 UTC",0.2100,A_GEN_STANDARD,EUR,VAT,Taxable,,Seller,ShipTo,Country,SPAIN,87.00,15.10,71.90,0.00,0.00,0.00,0.00,0.00,0.00,0.00,0.00,0.00,0.00,0.00,0.00,0.00,0.00,0.00,ESB71337349,ES,,,,,,0.0000,,0.00,ES6000WW9FPVBS,"https://sellercentral.amazon.es/document/download?v=urn%3aalx%3adoc%3a9d8cab0f-1f96-4462-8642-ace99a371392%3a13b08fd4-84df-47d7-a3b2-412e07d107e0&t=EU_Retail_Forward",false,Murcia,Murcia,ES,30156,807240000,"Navalquejido (El Escorial)",Madrid,ES,28292,807240000,,true,,,,,,,,,,,,
ES,122283732812,"15-Mar-2026 UTC",SHIPMENT,FALSE,402-1210888-7129904,"16-Mar-2026 UTC",26114231599039,26114231599039,B07VVR7C2K,092880-41,1,"15-Mar-2026 UTC",0.2100,A_GEN_STANDARD,EUR,VAT,Taxable,,Seller,ShipTo,Country,SPAIN,93.99,16.31,77.68,0.00,0.00,0.00,0.00,0.00,0.00,0.00,0.00,0.00,0.00,0.00,0.00,0.00,0.00,0.00,ESB71337349,ES,,,,,,0.0000,,0.00,ES6000V99FPVBS,"https://sellercentral.amazon.es/document/download?v=urn%3aalx%3adoc%3a9d8cab0f-1f96-4462-8642-ace99a371392%3a038dd535-3e7d-4875-801d-7d811d8324aa&t=EU_Retail_Forward",false,Pamplona,Navarra,ES,31001,807240000,MADRID,MADRID,ES,28051,807240000,,true,,,,,,,,,,,,
ES,122283732812,"17-Mar-2026 UTC",SHIPMENT,FALSE,403-6169584-5537924,"18-Mar-2026 UTC",26123511601039,26123511601039,B002PAQKIY,238583-45,1,"18-Mar-2026 UTC",0.2100,A_GEN_STANDARD,EUR,VAT,Taxable,,Seller,ShipTo,Country,SPAIN,135.14,23.45,111.69,0.00,0.00,0.00,0.00,0.00,0.00,0.00,0.00,0.00,0.00,0.00,0.00,0.00,0.00,0.00,ESB71337349,ES,,,,,,0.0000,,0.00,ES6000WM9FPVBS,"https://sellercentral.amazon.es/document/download?v=urn%3aalx%3adoc%3a9d8cab0f-1f96-4462-8642-ace99a371392%3a09ae9742-1825-4636-9b22-9d514b908a78&t=EU_Retail_Forward",false,Pamplona,Navarra,ES,31001,807240000,Madrid,Madrid,ES,28044,807240000,,true,,,,,,,,,,,,
ES,122283732812,"04-Mar-2026 UTC",SHIPMENT,FALSE,171-7403469-1038740,"05-Mar-2026 UTC",26070182297039,26070182297039,B06ZZX17CV,084024-45,1,"04-Mar-2026 UTC",0.2100,A_GEN_STANDARD,EUR,VAT,Taxable,,Seller,ShipTo,Country,SPAIN,54.99,9.54,45.45,0.00,0.00,0.00,0.00,0.00,0.00,0.00,0.00,0.00,0.00,0.00,0.00,0.00,0.00,0.00,ESB71337349,ES,,,,,,0.0000,,0.00,ES6000RS9FPVBS,"https://sellercentral.amazon.es/document/download?v=urn%3aalx%3adoc%3a9d8cab0f-1f96-4462-8642-ace99a371392%3ac3915e56-85ff-4827-8f1d-39eedba858a9&t=EU_Retail_Forward",false,Pamplona,Navarra,ES,31001,807240000,Villava,Navarra,ES,31610,807240000,,true,,,,,,,,,,,,
ES,122283732812,"16-Mar-2026 UTC",SHIPMENT,FALSE,408-1632163-5850758,"17-Mar-2026 UTC",26120226698039,26120226698039,B0DHQPF5N1,680109-42,1,"16-Mar-2026 UTC",0.2100,A_GEN_STANDARD,EUR,VAT,Taxable,,Seller,ShipTo,Country,SPAIN,90.90,15.78,75.12,0.00,0.00,0.00,0.00,0.00,0.00,0.00,0.00,0.00,0.00,0.00,0.00,0.00,0.00,0.00,ESB71337349,ES,,,,,,0.0000,,0.00,ES6000W79FPVBS,"https://sellercentral.amazon.es/document/download?v=urn%3aalx%3adoc%3a9d8cab0f-1f96-4462-8642-ace99a371392%3ab5edb3ce-aff3-4341-81ca-16065a6d17b8&t=EU_Retail_Forward",false,Pamplona,Navarra,ES,31001,807240000,"Sa Pobla","Islas Baleares",ES,07420,807240000,,true,,,,,,,,,,,,
ES,122283732812,"02-Mar-2026 UTC",SHIPMENT,FALSE,408-6026634-6071567,"02-Mar-2026 UTC",532036356428001,532036356428001,B0993N35JL,FBA390377-39,1,"02-Mar-2026 UTC",0.2100,A_GEN_STANDARD,EUR,VAT,Taxable,,Seller,ShipTo,Country,SPAIN,111.00,19.26,91.74,0.00,0.00,0.00,0.00,0.00,0.00,0.00,0.00,0.00,0.00,0.00,0.00,0.00,0.00,0.00,ESB71337349,ES,ESW0184081H,ES,VAT,,,0.0000,,0.00,N/A,N/A,false,Illescas,Illescas,ES,45200,807240000,Illescas,Illescas,ES,45200,807240000,,true,,,,,,,,,,,,
ES,122283732812,"02-Mar-2026 UTC",SHIPMENT,FALSE,403-1418011-8316336,"02-Mar-2026 UTC",26062772713039,26062772713039,B0DTJQFBWB,482627-40,1,"02-Mar-2026 UTC",0.2100,A_GEN_STANDARD,EUR,VAT,Taxable,,Seller,ShipTo,Country,SPAIN,89.90,15.60,74.30,0.00,0.00,0.00,0.00,0.00,0.00,0.00,0.00,0.00,0.00,0.00,0.00,0.00,0.00,0.00,ESB71337349,ES,,,,,,0.0000,,0.00,ES6000Q99FPVBS,"https://sellercentral.amazon.es/document/download?v=urn%3aalx%3adoc%3a9d8cab0f-1f96-4462-8642-ace99a371392%3a5e074509-81ff-4020-a6d5-4fde4e0743c7&t=EU_Retail_Forward",false,Pamplona,Navarra,ES,31001,807240000,Alacant-alicante,"Comunitat Valenciana",ES,03005,807240000,,true,,,,,,,,,,,,
ES,122283732812,"03-Mar-2026 UTC",SHIPMENT,FALSE,402-1449827-5286755,"04-Mar-2026 UTC",26067484362039,26067484362039,B0DBZ3LC89,543168-41,1,"03-Mar-2026 UTC",0.2100,A_GEN_STANDARD,EUR,VAT,Taxable,,Seller,ShipTo,Country,SPAIN,81.10,14.08,67.02,0.00,0.00,0.00,0.00,0.00,0.00,0.00,0.00,0.00,0.00,0.00,0.00,0.00,0.00,0.00,ESB71337349,ES,,,,,,0.0000,,0.00,ES6000RD9FPVBS,"https://sellercentral.amazon.es/document/download?v=urn%3aalx%3adoc%3a9d8cab0f-1f96-4462-8642-ace99a371392%3a1c46d405-3bcd-4643-9078-7b37f2bc3da1&t=EU_Retail_Forward",false,Pamplona,Navarra,ES,31001,807240000,Madrid,Madrid,ES,28027,807240000,,true,,,,,,,,,,,,
ES,122283732812,"17-Mar-2026 UTC",SHIPMENT,FALSE,402-0705631-1701128,"18-Mar-2026 UTC",26123332118039,26123332118039,B07VVR6V6N,092880-44,1,"17-Mar-2026 UTC",0.2100,A_GEN_STANDARD,EUR,VAT,Taxable,,Seller,ShipTo,Country,SPAIN,93.79,16.28,77.51,0.00,0.00,0.00,0.00,0.00,0.00,0.00,0.00,0.00,0.00,0.00,0.00,0.00,0.00,0.00,ESB71337349,ES,,,,,,0.0000,,0.00,ES6000WK9FPVBS,"https://sellercentral.amazon.es/document/download?v=urn%3aalx%3adoc%3a9d8cab0f-1f96-4462-8642-ace99a371392%3abb448917-f5ae-4418-80f7-9d6c5c285d9a&t=EU_Retail_Forward",false,Pamplona,Navarra,ES,31001,807240000,Madrid,Madrid,ES,28034,807240000,,true,,,,,,,,,,,,
ES,122283732812,"08-Mar-2026 UTC",SHIPMENT,FALSE,408-0501241-1318712,"08-Mar-2026 UTC",107275613511302,107275613511302,B072M2Q16S,FBA047768-43,1,"08-Mar-2026 UTC",0.2100,A_GEN_STANDARD,EUR,VAT,Taxable,,Seller,ShipTo,Country,SPAIN,85.81,14.89,70.92,0.00,0.00,0.00,1.99,0.35,1.64,-1.99,-0.35,-1.64,0.00,0.00,0.00,0.00,0.00,0.00,ESB71337349,ES,,,,,,0.0000,,0.00,ES6000SM9FPVBS,"https://sellercentral.amazon.es/document/download?v=urn%3aalx%3adoc%3a9d8cab0f-1f96-4462-8642-ace99a371392%3aa9dfc62b-93c8-47c8-bd4a-5bc7d9f7c140&t=EU_Retail_Forward",false,Illescas,Illescas,ES,45200,807240000,Madrid,Madrid,ES,28032,807240000,,true,,,,,,,,,,,,
ES,122283732812,"22-Mar-2026 UTC",SHIPMENT,FALSE,403-0876683-8536360,"23-Mar-2026 UTC",26136966167039,26136966167039,B0CQC1N929,513627-42,1,"22-Mar-2026 UTC",0.2100,A_GEN_STANDARD,EUR,VAT,Taxable,,Seller,ShipTo,Country,SPAIN,90.85,15.77,75.08,0.00,0.00,0.00,0.00,0.00,0.00,0.00,0.00,0.00,0.00,0.00,0.00,0.00,0.00,0.00,ESB71337349,ES,,,,,,0.0000,,0.00,ES6000XZ9FPVBS,"https://sellercentral.amazon.es/document/download?v=urn%3aalx%3adoc%3a9d8cab0f-1f96-4462-8642-ace99a371392%3a63098e7d-5970-4ca2-b081-0d0ff0e97706&t=EU_Retail_Forward",false,Pamplona,Navarra,ES,31001,807240000,Ferrol,Coruña,ES,15404,807240000,,true,,,,,,,,,,,,
ES,122283732812,"22-Mar-2026 UTC",SHIPMENT,FALSE,402-0180936-5097956,"23-Mar-2026 UTC",26138560921039,26138560921039,B09BK4PQWM,851561-40,1,"22-Mar-2026 UTC",0.2100,A_GEN_STANDARD,EUR,VAT,Taxable,,Seller,ShipTo,Country,SPAIN,87.10,15.12,71.98,0.00,0.00,0.00,0.00,0.00,0.00,0.00,0.00,0.00,0.00,0.00,0.00,0.00,0.00,0.00,ESB71337349,ES,,,,,,0.0000,,0.00,ES6000YD9FPVBS,"https://sellercentral.amazon.es/document/download?v=urn%3aalx%3adoc%3a9d8cab0f-1f96-4462-8642-ace99a371392%3a5729dd95-5038-43a7-b625-84d7f99c5f01&t=EU_Retail_Forward",false,Pamplona,Navarra,ES,31001,807240000,"A Coruña",Galicia,ES,15004,807240000,,true,,,,,,,,,,,,
ES,122283732812,"02-Mar-2026 UTC",SHIPMENT,FALSE,408-5576083-2266735,"03-Mar-2026 UTC",26063065860039,26063065860039,B071W6NT3F,969056-42,1,"02-Mar-2026 UTC",0.2100,A_GEN_STANDARD,EUR,VAT,Taxable,,Seller,ShipTo,Country,SPAIN,73.99,12.84,61.15,0.00,0.00,0.00,0.00,0.00,0.00,0.00,0.00,0.00,0.00,0.00,0.00,0.00,0.00,0.00,ESB71337349,ES,,,,,,0.0000,,0.00,ES6000QF9FPVBS,"https://sellercentral.amazon.es/document/download?v=urn%3aalx%3adoc%3a9d8cab0f-1f96-4462-8642-ace99a371392%3a99c28792-40d8-452d-a1c0-3e5d0ca74015&t=EU_Retail_Forward",false,Pamplona,Navarra,ES,31001,807240000,Sevilla,Sevilla,ES,41003,807240000,,true,,,,,,,,,,,,
ES,122283732812,"24-Mar-2026 UTC",SHIPMENT,FALSE,408-3730439-2489963,"24-Mar-2026 UTC",26143384611039,26143384611039,B07DPWWZBS,426046-39,1,"24-Mar-2026 UTC",0.2100,A_GEN_STANDARD,EUR,VAT,Taxable,,Seller,ShipTo,Country,SPAIN,78.85,13.68,65.17,0.00,0.00,0.00,0.00,0.00,0.00,0.00,0.00,0.00,0.00,0.00,0.00,0.00,0.00,0.00,ESB71337349,ES,,,,,,0.0000,,0.00,ES6000YQ9FPVBS,"https://sellercentral.amazon.es/document/download?v=urn%3aalx%3adoc%3a9d8cab0f-1f96-4462-8642-ace99a371392%3aa2aa6787-bc88-42e6-86cf-603e4bc0ab86&t=EU_Retail_Forward",false,Pamplona,Navarra,ES,31001,807240000,Madrid,Alcorcon,ES,28925,807240000,,true,,,,,,,,,,,,
ES,122283732812,"28-Mar-2026 UTC",SHIPMENT,FALSE,402-9981256-7678705,"28-Mar-2026 UTC",108088600934302,108088600934302,B0772WJQNP,FBA633372-44,1,"28-Mar-2026 UTC",0.2100,A_GEN_STANDARD,EUR,VAT,Taxable,,Seller,ShipTo,Country,SPAIN,86.49,15.01,71.48,0.00,0.00,0.00,0.00,0.00,0.00,0.00,0.00,0.00,0.00,0.00,0.00,0.00,0.00,0.00,ESB71337349,ES,,,,,,0.0000,,0.00,ES6001009FPVBS,"https://sellercentral.amazon.es/document/download?v=urn%3aalx%3adoc%3a9d8cab0f-1f96-4462-8642-ace99a371392%3a6c4da3f2-37b9-4476-b04f-37921c5742db&t=EU_Retail_Forward",false,Murcia,Murcia,ES,30156,807240000,CORDOBA,Córdoba,ES,14002,807240000,,true,,,,,,,,,,,,
ES,122283732812,"07-Mar-2026 UTC",SHIPMENT,FALSE,407-8527926-8511542,"09-Mar-2026 UTC",26080329325039,26080329325039,B09NZJ9DYS,998382-40,1,"07-Mar-2026 UTC",0.2100,A_GEN_STANDARD,EUR,VAT,Taxable,,Seller,ShipTo,Country,SPAIN,84.94,14.74,70.20,0.00,0.00,0.00,0.00,0.00,0.00,0.00,0.00,0.00,0.00,0.00,0.00,0.00,0.00,0.00,ESB71337349,ES,,,,,,0.0000,,0.00,ES6000SY9FPVBS,"https://sellercentral.amazon.es/document/download?v=urn%3aalx%3adoc%3a9d8cab0f-1f96-4462-8642-ace99a371392%3ac9cb6959-727c-404b-8f91-8eabd18efbbc&t=EU_Retail_Forward",false,Pamplona,Navarra,ES,31001,807240000,Almadén,"Castilla-La Mancha",ES,13400,807240000,,true,,,,,,,,,,,,
ES,122283732812,"25-Mar-2026 UTC",SHIPMENT,FALSE,403-0413207-9709963,"26-Mar-2026 UTC",26148911666039,26148911666039,B0DC8FMWWF,209150-37,1,"25-Mar-2026 UTC",0.2100,A_GEN_STANDARD,EUR,VAT,Taxable,,Seller,ShipTo,Country,SPAIN,107.00,18.57,88.43,0.00,0.00,0.00,0.00,0.00,0.00,0.00,0.00,0.00,0.00,0.00,0.00,0.00,0.00,0.00,ESB71337349,ES,,,,,,0.0000,,0.00,ES6000ZE9FPVBS,"https://sellercentral.amazon.es/document/download?v=urn%3aalx%3adoc%3a9d8cab0f-1f96-4462-8642-ace99a371392%3af24d4498-652e-4944-b707-837cf6a07333&t=EU_Retail_Forward",false,Pamplona,Navarra,ES,31001,807240000,Xirivella,Valencia,ES,46950,807240000,,true,,,,,,,,,,,,
ES,122283732812,"09-Mar-2026 UTC",SHIPMENT,FALSE,408-6973791-0806731,"09-Mar-2026 UTC",107306949044302,107306949044302,B07FYYQ2T4,FBA939229-39,1,"09-Mar-2026 UTC",0.2100,A_GEN_STANDARD,EUR,VAT,Taxable,,Seller,ShipTo,Country,SPAIN,74.95,13.01,61.94,0.00,0.00,0.00,0.00,0.00,0.00,0.00,0.00,0.00,0.00,0.00,0.00,0.00,0.00,0.00,ESB71337349,ES,,,,,,0.0000,,0.00,ES6000TE9FPVBS,"https://sellercentral.amazon.es/document/download?v=urn%3aalx%3adoc%3a9d8cab0f-1f96-4462-8642-ace99a371392%3a667bd03c-bced-4b54-bfd7-233ef49be68e&t=EU_Retail_Forward",false,Murcia,Murcia,ES,30156,807240000,"Más de las Matas",Teruel,ES,44564,807240000,,true,,,,,,,,,,,,
ES,122283732812,"28-Feb-2026 UTC",SHIPMENT,FALSE,402-0573870-1140309,"02-Mar-2026 UTC",26055557739039,26055557739039,B08QMW9DDP,394718-39,1,"28-Feb-2026 UTC",0.2100,A_GEN_STANDARD,EUR,VAT,Taxable,,Seller,ShipTo,Country,SPAIN,79.99,13.88,66.11,0.00,0.00,0.00,0.00,0.00,0.00,0.00,0.00,0.00,0.00,0.00,0.00,0.00,0.00,0.00,ESB71337349,ES,ESB95379012,ES,VAT,,,0.0000,,0.00,ES60000I9FPVBI,"https://sellercentral.amazon.es/document/download?v=urn%3aalx%3adoc%3a9d8cab0f-1f96-4462-8642-ace99a371392%3a227823a6-8235-43fe-8a10-a9cf69160599&t=EU_Retail_Forward",false,Pamplona,Navarra,ES,31001,807240000,Fruiz,Bizkaia,ES,48116,807240000,,true,,,,,,,,,,,,
ES,122283732812,"24-Mar-2026 UTC",SHIPMENT,FALSE,406-2352947-3041945,"24-Mar-2026 UTC",26143215313039,26143215313039,B0DW44S1V9,873273-41,1,"24-Mar-2026 UTC",0.2100,A_GEN_STANDARD,EUR,VAT,Taxable,,Seller,ShipTo,Country,SPAIN,118.20,20.51,97.69,0.00,0.00,0.00,0.00,0.00,0.00,0.00,0.00,0.00,0.00,0.00,0.00,0.00,0.00,0.00,ESB71337349,ES,,,,,,0.0000,,0.00,ES6000YP9FPVBS,"https://sellercentral.amazon.es/document/download?v=urn%3aalx%3adoc%3a9d8cab0f-1f96-4462-8642-ace99a371392%3a05510cc7-efdf-4c86-82da-c45855cc8e59&t=EU_Retail_Forward",false,Pamplona,Navarra,ES,31001,807240000,Navarrés,Valencia,ES,46823,807240000,,true,,,,,,,,,,,,
ES,122283732812,"26-Mar-2026 UTC",SHIPMENT,FALSE,171-2344216-0658737,"27-Mar-2026 UTC",108046450154302,108046450154302,B0993NG2C5,FBA390377-40,1,"27-Mar-2026 UTC",0.2100,A_GEN_STANDARD,EUR,VAT,Taxable,,Seller,ShipTo,Country,SPAIN,102.77,17.84,84.93,0.00,0.00,0.00,0.00,0.00,0.00,0.00,0.00,0.00,0.00,0.00,0.00,0.00,0.00,0.00,ESB71337349,ES,,,,,,0.0000,,0.00,ES6000ZM9FPVBS,"https://sellercentral.amazon.es/document/download?v=urn%3aalx%3adoc%3a9d8cab0f-1f96-4462-8642-ace99a371392%3a82ae0976-de64-430a-a008-d18f04287ce7&t=EU_Retail_Forward",false,Illescas,Illescas,ES,45200,807240000,Barcelona,Barcelona,ES,08032,807240000,,true,,,,,,,,,,,,
ES,122283732812,"27-Mar-2026 UTC",SHIPMENT,FALSE,402-7647836-1759530,"27-Mar-2026 UTC",26153561701039,26153561701039,B01MEGYEJ8,458209-43,1,"27-Mar-2026 UTC",0.2100,A_GEN_STANDARD,EUR,VAT,Taxable,,Seller,ShipTo,Country,SPAIN,153.80,26.69,127.11,0.00,0.00,0.00,0.00,0.00,0.00,0.00,0.00,0.00,0.00,0.00,0.00,0.00,0.00,0.00,ESB71337349,ES,,,,,,0.0000,,0.00,ES6000ZU9FPVBS,"https://sellercentral.amazon.es/document/download?v=urn%3aalx%3adoc%3a9d8cab0f-1f96-4462-8642-ace99a371392%3ac44a2621-0c09-455e-af29-5effb84223bd&t=EU_Retail_Forward",false,Pamplona,Navarra,ES,31001,807240000,"Mollet del Vallès",Barcelona,ES,08100,807240000,,true,,,,,,,,,,,,
ES,122283732812,"24-Mar-2026 UTC",SHIPMENT,FALSE,402-7325430-8971533,"24-Mar-2026 UTC",26143112978039,26143112978039,B0DTZZ4Y5J,621573-39,1,"24-Mar-2026 UTC",0.2100,A_GEN_STANDARD,EUR,VAT,Taxable,,Seller,ShipTo,Country,SPAIN,69.99,12.15,57.84,0.00,0.00,0.00,0.00,0.00,0.00,0.00,0.00,0.00,0.00,0.00,0.00,0.00,0.00,0.00,ESB71337349,ES,,,,,,0.0000,,0.00,ES6000YN9FPVBS,"https://sellercentral.amazon.es/document/download?v=urn%3aalx%3adoc%3a9d8cab0f-1f96-4462-8642-ace99a371392%3abe3971b9-9dac-4ae4-a9c1-ad1fd6ecd7e9&t=EU_Retail_Forward",false,Pamplona,Navarra,ES,31001,807240000,Lerín,Navarra,ES,31260,807240000,,true,,,,,,,,,,,,
ES,122283732812,"21-Mar-2026 UTC",SHIPMENT,FALSE,407-9423345-8697102,"23-Mar-2026 UTC",26135438764039,26135438764039,B071W6NSBD,969056-44,1,"21-Mar-2026 UTC",0.2100,A_GEN_STANDARD,EUR,VAT,Taxable,,Seller,ShipTo,Country,SPAIN,75.19,13.05,62.14,0.00,0.00,0.00,0.00,0.00,0.00,0.00,0.00,0.00,0.00,0.00,0.00,0.00,0.00,0.00,ESB71337349,ES,,,,,,0.0000,,0.00,ES6000XW9FPVBS,"https://sellercentral.amazon.es/document/download?v=urn%3aalx%3adoc%3a9d8cab0f-1f96-4462-8642-ace99a371392%3a8fc737bc-0c49-43ed-b2a4-467e3a58401a&t=EU_Retail_Forward",false,Pamplona,Navarra,ES,31001,807240000,cartagena,murcia,ES,30204,807240000,,true,,,,,,,,,,,,
ES,122283732812,"04-Mar-2026 UTC",SHIPMENT,FALSE,407-3194830-6053955,"05-Mar-2026 UTC",26070918609039,26070918609039,B0CDCRJQW9,232146-42,1,"04-Mar-2026 UTC",0.2100,A_GEN_STANDARD,EUR,VAT,Taxable,,Seller,ShipTo,Country,SPAIN,99.99,17.35,82.64,0.00,0.00,0.00,0.00,0.00,0.00,0.00,0.00,0.00,0.00,0.00,0.00,0.00,0.00,0.00,ESB71337349,ES,,,,,,0.0000,,0.00,ES6000RV9FPVBS,"https://sellercentral.amazon.es/document/download?v=urn%3aalx%3adoc%3a9d8cab0f-1f96-4462-8642-ace99a371392%3a6f0a1676-f455-404a-95f0-c0826d6bf88e&t=EU_Retail_Forward",false,Pamplona,Navarra,ES,31001,807240000,"Cornellà de Llobregat",Barcelona,ES,08940,807240000,,true,,,,,,,,,,,,
ES,122283732812,"25-Mar-2026 UTC",SHIPMENT,FALSE,408-0433772-6979513,"25-Mar-2026 UTC",26146201043039,26146201043039,B0772R92YC,738825-41,1,"25-Mar-2026 UTC",0.2100,A_GEN_STANDARD,EUR,VAT,Taxable,,Seller,ShipTo,Country,SPAIN,83.99,14.58,69.41,0.00,0.00,0.00,0.00,0.00,0.00,0.00,0.00,0.00,0.00,0.00,0.00,0.00,0.00,0.00,ESB71337349,ES,ESB13006374,ES,VAT,,,0.0000,,0.00,ES60000Q9FPVBI,"https://sellercentral.amazon.es/document/download?v=urn%3aalx%3adoc%3a9d8cab0f-1f96-4462-8642-ace99a371392%3ad9b7130e-1db2-4002-b48a-3c7cfc2afa1c&t=EU_Retail_Forward",false,Pamplona,Navarra,ES,31001,807240000,MANZANARES,"CIUDAD REAL",ES,13200,807240000,,true,,,,,,,,,,,,
ES,122283732812,"03-Mar-2026 UTC",SHIPMENT,FALSE,402-2246859-8506748,"03-Mar-2026 UTC",26066252858039,26066252858039,B0DT8XL26F,431388-26,1,"03-Mar-2026 UTC",0.2100,A_GEN_STANDARD,EUR,VAT,Taxable,,Seller,ShipTo,Country,SPAIN,50.00,8.68,41.32,0.00,0.00,0.00,0.00,0.00,0.00,0.00,0.00,0.00,0.00,0.00,0.00,0.00,0.00,0.00,ESB71337349,ES,,,,,,0.0000,,0.00,ES6000QW9FPVBS,"https://sellercentral.amazon.es/document/download?v=urn%3aalx%3adoc%3a9d8cab0f-1f96-4462-8642-ace99a371392%3a581ce9a6-fac6-4320-a9ba-5aa032a1cc68&t=EU_Retail_Forward",false,Pamplona,Navarra,ES,31001,807240000,Zaragoza,Zaragoza,ES,50012,807240000,,true,,,,,,,,,,,,
ES,122283732812,"06-Mar-2026 UTC",SHIPMENT,FALSE,403-2074169-7250728,"07-Mar-2026 UTC",107205978126302,107205978126302,B0772RBYMJ,FBA738825-44,1,"06-Mar-2026 UTC",0.2100,A_GEN_STANDARD,EUR,VAT,Taxable,,Seller,ShipTo,Country,SPAIN,90.00,15.62,74.38,0.00,0.00,0.00,1.99,0.35,1.64,-1.99,-0.35,-1.64,0.00,0.00,0.00,0.00,0.00,0.00,ESB71337349,ES,,,,,,0.0000,,0.00,ES6000SE9FPVBS,"https://sellercentral.amazon.es/document/download?v=urn%3aalx%3adoc%3a9d8cab0f-1f96-4462-8642-ace99a371392%3a8cc881e8-a6d3-4b7b-9357-482318c14d8f&t=EU_Retail_Forward",false,Illescas,Illescas,ES,45200,807240000,Madrid,Madrid,ES,28050,807240000,,true,,,,,,,,,,,,
ES,122283732812,"05-Mar-2026 UTC",SHIPMENT,FALSE,407-4166424-4154758,"05-Mar-2026 UTC",26073396874039,26073396874039,B002PAQKI4,238583-42,1,"05-Mar-2026 UTC",0.2100,A_GEN_STANDARD,EUR,VAT,Taxable,,Seller,ShipTo,Country,SPAIN,133.80,23.22,110.58,0.00,0.00,0.00,0.00,0.00,0.00,0.00,0.00,0.00,0.00,0.00,0.00,0.00,0.00,0.00,ESB71337349,ES,,,,,,0.0000,,0.00,ES6000S29FPVBS,"https://sellercentral.amazon.es/document/download?v=urn%3aalx%3adoc%3a9d8cab0f-1f96-4462-8642-ace99a371392%3ad147f546-b868-4dea-b285-2d19ddd5d541&t=EU_Retail_Forward",false,Pamplona,Navarra,ES,31001,807240000,LOGROÑO,"La Rioja",ES,26004,807240000,,true,,,,,,,,,,,,
ES,122283732812,"02-Mar-2026 UTC",SHIPMENT,FALSE,407-3493940-1587551,"03-Mar-2026 UTC",107049049817302,107049049817302,B07DPXNTPS,FBA554862-39,1,"03-Mar-2026 UTC",0.2100,A_GEN_STANDARD,EUR,VAT,Taxable,,Seller,ShipTo,Country,SPAIN,73.99,12.84,61.15,0.00,0.00,0.00,0.00,0.00,0.00,0.00,0.00,0.00,0.00,0.00,0.00,0.00,0.00,0.00,ESB71337349,ES,,,,,,0.0000,,0.00,ES6000R29FPVBS,"https://sellercentral.amazon.es/document/download?v=urn%3aalx%3adoc%3a9d8cab0f-1f96-4462-8642-ace99a371392%3ab96f6579-20a3-47af-8765-e01b27557109&t=EU_Retail_Forward",false,Murcia,Murcia,ES,30156,807240000,Noblejas,Toledo,ES,45350,807240000,,true,,,,,,,,,,,,
ES,122283732812,"11-Mar-2026 UTC",SHIPMENT,FALSE,406-2607760-2786759,"11-Mar-2026 UTC",107396036889302,107396036889302,B07FYYQ2T4,FBA939229-39,1,"11-Mar-2026 UTC",0.2100,A_GEN_STANDARD,EUR,VAT,Taxable,,Seller,ShipTo,Country,SPAIN,74.95,13.01,61.94,0.00,0.00,0.00,3.99,0.69,3.30,0.00,0.00,0.00,0.00,0.00,0.00,0.00,0.00,0.00,ESB71337349,ES,,,,,,0.0000,,0.00,ES6000U49FPVBS,"https://sellercentral.amazon.es/document/download?v=urn%3aalx%3adoc%3a9d8cab0f-1f96-4462-8642-ace99a371392%3a30e7838d-5768-4152-949b-8ce8abfa9af4&t=EU_Retail_Forward",false,Murcia,Murcia,ES,30156,807240000,"EJIDO, EL",,ES,04700,807240000,,true,,,,,,,,,,,,
ES,122283732812,"11-Mar-2026 UTC",SHIPMENT,FALSE,404-4522737-6767556,"12-Mar-2026 UTC",107423846406302,107423846406302,B07DPXD6QW,FBA341203-38,1,"12-Mar-2026 UTC",0.2100,A_GEN_STANDARD,EUR,VAT,Taxable,,Seller,ShipTo,Country,SPAIN,77.99,13.54,64.45,0.00,0.00,0.00,0.00,0.00,0.00,0.00,0.00,0.00,0.00,0.00,0.00,0.00,0.00,0.00,ESB71337349,ES,,,,,,0.0000,,0.00,ES6000UE9FPVBS,"https://sellercentral.amazon.es/document/download?v=urn%3aalx%3adoc%3a9d8cab0f-1f96-4462-8642-ace99a371392%3a24de91a4-e3d6-4784-bfeb-4efcd33f9c3a&t=EU_Retail_Forward",false,Murcia,Murcia,ES,30156,807240000,"Mairena de Aljarafe",Sevilla,ES,41927,807240000,,true,,,,,,,,,,,,
ES,122283732812,"25-Mar-2026 UTC",SHIPMENT,FALSE,407-9402654-3345964,"26-Mar-2026 UTC",107993706761302,107993706761302,B07DPX25YH,FBA554862-38,1,"25-Mar-2026 UTC",0.2100,A_GEN_STANDARD,EUR,VAT,Taxable,,Seller,ShipTo,Country,SPAIN,73.99,12.84,61.15,0.00,0.00,0.00,0.00,0.00,0.00,0.00,0.00,0.00,0.00,0.00,0.00,0.00,0.00,0.00,ESB71337349,ES,,,,,,0.0000,,0.00,ES6000ZA9FPVBS,"https://sellercentral.amazon.es/document/download?v=urn%3aalx%3adoc%3a9d8cab0f-1f96-4462-8642-ace99a371392%3ad78c3a0e-389e-4700-880b-f05f949ea397&t=EU_Retail_Forward",false,Murcia,Murcia,ES,30156,807240000,"Fuentes de Leon",Badajoz,ES,06280,807240000,,true,,,,,,,,,,,,
ES,122283732812,"02-Mar-2026 UTC",SHIPMENT,FALSE,404-4489443-7701954,"02-Mar-2026 UTC",26062978847039,26062978847039,B09BK4PQWM,851561-40,1,"02-Mar-2026 UTC",0.2100,A_GEN_STANDARD,EUR,VAT,Taxable,,Seller,ShipTo,Country,SPAIN,87.10,15.12,71.98,0.00,0.00,0.00,0.00,0.00,0.00,0.00,0.00,0.00,0.00,0.00,0.00,0.00,0.00,0.00,ESB71337349,ES,,,,,,0.0000,,0.00,ES6000QB9FPVBS,"https://sellercentral.amazon.es/document/download?v=urn%3aalx%3adoc%3a9d8cab0f-1f96-4462-8642-ace99a371392%3a765cd190-3e11-49f0-ab0c-c53341f9aef7&t=EU_Retail_Forward",false,Pamplona,Navarra,ES,31001,807240000,Almería,Almería,ES,04005,807240000,,true,,,,,,,,,,,,
ES,122283732812,"12-Mar-2026 UTC",SHIPMENT,FALSE,404-5606990-1758756,"12-Mar-2026 UTC",26100514129039,26100514129039,B009KSUIQE,739032-45,1,"12-Mar-2026 UTC",0.2100,A_GEN_STANDARD,EUR,VAT,Taxable,,Seller,ShipTo,Country,SPAIN,88.00,15.27,72.73,0.00,0.00,0.00,0.00,0.00,0.00,0.00,0.00,0.00,0.00,0.00,0.00,0.00,0.00,0.00,ESB71337349,ES,,,,,,0.0000,,0.00,ES6000U99FPVBS,"https://sellercentral.amazon.es/document/download?v=urn%3aalx%3adoc%3a9d8cab0f-1f96-4462-8642-ace99a371392%3a74e40fe1-8177-43ea-84e3-cb7106f5e631&t=EU_Retail_Forward",false,Pamplona,Navarra,ES,31001,807240000,"alcala de guadaira",sevilla,ES,41500,807240000,,true,,,,,,,,,,,,
ES,122283732812,"23-Mar-2026 UTC",SHIPMENT,FALSE,406-9249107-8358742,"24-Mar-2026 UTC",26140858738039,26140858738039,B079KDKKP4,168754-38,1,"23-Mar-2026 UTC",0.2100,A_GEN_STANDARD,EUR,VAT,Taxable,,Seller,ShipTo,Country,SPAIN,59.80,10.38,49.42,0.00,0.00,0.00,0.00,0.00,0.00,0.00,0.00,0.00,0.00,0.00,0.00,0.00,0.00,0.00,ESB71337349,ES,,,,,,0.0000,,0.00,ES6000YL9FPVBS,"https://sellercentral.amazon.es/document/download?v=urn%3aalx%3adoc%3a9d8cab0f-1f96-4462-8642-ace99a371392%3a00ea9b1e-c1fa-4be1-8cfc-35b5ff6182a5&t=EU_Retail_Forward",false,Pamplona,Navarra,ES,31001,807240000,Zaragoza,Zaragoza,ES,50012,807240000,,true,,,,,,,,,,,,
ES,122283732812,"04-Mar-2026 UTC",SHIPMENT,FALSE,403-6548256-4283507,"05-Mar-2026 UTC",26070269474039,26070269474039,B071CL954H,084024-43,1,"04-Mar-2026 UTC",0.2100,A_GEN_STANDARD,EUR,VAT,Taxable,,Seller,ShipTo,Country,SPAIN,54.99,9.54,45.45,0.00,0.00,0.00,0.00,0.00,0.00,0.00,0.00,0.00,0.00,0.00,0.00,0.00,0.00,0.00,ESB71337349,ES,,,,,,0.0000,,0.00,ES6000RT9FPVBS,"https://sellercentral.amazon.es/document/download?v=urn%3aalx%3adoc%3a9d8cab0f-1f96-4462-8642-ace99a371392%3ae571cf4f-9f87-4efd-a11a-efd5e50ebaf6&t=EU_Retail_Forward",false,Pamplona,Navarra,ES,31001,807240000,Ariany,Mallorca,ES,07529,807240000,,true,,,,,,,,,,,,
ES,122283732812,"02-Mar-2026 UTC",SHIPMENT,FALSE,403-1376822-2854722,"03-Mar-2026 UTC",26063321592039,26063321592039,B071W6NT3F,969056-42,1,"02-Mar-2026 UTC",0.2100,A_GEN_STANDARD,EUR,VAT,Taxable,,Seller,ShipTo,Country,SPAIN,73.99,12.84,61.15,0.00,0.00,0.00,0.00,0.00,0.00,0.00,0.00,0.00,0.00,0.00,0.00,0.00,0.00,0.00,ESB71337349,ES,,,,,,0.0000,,0.00,ES6000R19FPVBS,"https://sellercentral.amazon.es/document/download?v=urn%3aalx%3adoc%3a9d8cab0f-1f96-4462-8642-ace99a371392%3a5591dd04-748a-4ceb-b143-affe90ad2cd0&t=EU_Retail_Forward",false,Pamplona,Navarra,ES,31001,807240000,Barcelona,Barcelona,ES,08015,807240000,,true,,,,,,,,,,,,
ES,122283732812,"06-Mar-2026 UTC",SHIPMENT,FALSE,402-8477329-2270734,"06-Mar-2026 UTC",26075464107039,26075464107039,B07FZ11WDC,939229-40,1,"06-Mar-2026 UTC",0.2100,A_GEN_STANDARD,EUR,VAT,Taxable,,Seller,ShipTo,Country,SPAIN,79.80,13.85,65.95,0.00,0.00,0.00,0.00,0.00,0.00,0.00,0.00,0.00,0.00,0.00,0.00,0.00,0.00,0.00,ESB71337349,ES,,,,,,0.0000,,0.00,ES6000S79FPVBS,"https://sellercentral.amazon.es/document/download?v=urn%3aalx%3adoc%3a9d8cab0f-1f96-4462-8642-ace99a371392%3a627ba0c1-7723-42df-a8e0-3b925a26f8ca&t=EU_Retail_Forward",false,Pamplona,Navarra,ES,31001,807240000,Alovera,Guadalajara,ES,19208,807240000,,true,,,,,,,,,,,,
ES,122283732812,"08-Mar-2026 UTC",SHIPMENT,FALSE,407-9244041-5571503,"09-Mar-2026 UTC",26082079018039,26082079018039,B0B7BRL6JY,145712-39,1,"08-Mar-2026 UTC",0.2100,A_GEN_STANDARD,EUR,VAT,Taxable,,Seller,ShipTo,Country,SPAIN,85.00,14.75,70.25,0.00,0.00,0.00,0.00,0.00,0.00,0.00,0.00,0.00,0.00,0.00,0.00,0.00,0.00,0.00,ESB71337349,ES,,,,,,0.0000,,0.00,ES6000T49FPVBS,"https://sellercentral.amazon.es/document/download?v=urn%3aalx%3adoc%3a9d8cab0f-1f96-4462-8642-ace99a371392%3ac15d206f-a24d-4a07-93d6-ee894e940316&t=EU_Retail_Forward",false,Pamplona,Navarra,ES,31001,807240000,Valladolid,Valladolid,ES,47008,807240000,,true,,,,,,,,,,,,
ES,122283732812,"04-Mar-2026 UTC",SHIPMENT,FALSE,404-1224736-2211564,"04-Mar-2026 UTC",26069813540039,26069813540039,B0CJL4KJLY,004439-37,1,"04-Mar-2026 UTC",0.2100,A_GEN_STANDARD,EUR,VAT,Taxable,,Seller,ShipTo,Country,SPAIN,85.10,14.77,70.33,0.00,0.00,0.00,0.00,0.00,0.00,0.00,0.00,0.00,0.00,0.00,0.00,0.00,0.00,0.00,ESB71337349,ES,,,,,,0.0000,,0.00,ES6000RK9FPVBS,"https://sellercentral.amazon.es/document/download?v=urn%3aalx%3adoc%3a9d8cab0f-1f96-4462-8642-ace99a371392%3a13b12cae-3684-4b2b-a62d-bc5949fb8092&t=EU_Retail_Forward",false,Pamplona,Navarra,ES,31001,807240000,"Serranillos Del Valle",Madrid,ES,28979,807240000,,true,,,,,,,,,,,,
ES,122283732812,"01-Mar-2026 UTC",SHIPMENT,FALSE,405-5142527-7470739,"02-Mar-2026 UTC",26059547022039,26059547022039,B0DTZWR71C,216897-40,1,"01-Mar-2026 UTC",0.2100,A_GEN_STANDARD,EUR,VAT,Taxable,,Seller,ShipTo,Country,SPAIN,80.74,14.01,66.73,0.00,0.00,0.00,0.00,0.00,0.00,0.00,0.00,0.00,0.00,0.00,0.00,0.00,0.00,0.00,ESB71337349,ES,,,,,,0.0000,,0.00,ES6000Q19FPVBS,"https://sellercentral.amazon.es/document/download?v=urn%3aalx%3adoc%3a9d8cab0f-1f96-4462-8642-ace99a371392%3a8345ca17-9267-457b-8460-92355c531a67&t=EU_Retail_Forward",false,Pamplona,Navarra,ES,31001,807240000,Golmés,Lleida,ES,25241,807240000,,true,,,,,,,,,,,,
ES,122283732812,"08-Mar-2026 UTC",SHIPMENT,FALSE,402-5464063-7132362,"08-Mar-2026 UTC",107271873652302,107271873652302,B07DPSG85S,FBA341203-37,1,"08-Mar-2026 UTC",0.2100,A_GEN_STANDARD,EUR,VAT,Taxable,,Seller,ShipTo,Country,SPAIN,83.30,14.46,68.84,0.00,0.00,0.00,0.00,0.00,0.00,0.00,0.00,0.00,0.00,0.00,0.00,0.00,0.00,0.00,ESB71337349,ES,,,,,,0.0000,,0.00,ES6000SL9FPVBS,"https://sellercentral.amazon.es/document/download?v=urn%3aalx%3adoc%3a9d8cab0f-1f96-4462-8642-ace99a371392%3af3e7ab3e-cd0a-4805-9ccc-b651ced053e8&t=EU_Retail_Forward",false,Murcia,Murcia,ES,30156,807240000,Begues,Barcelona,ES,08859,807240000,,true,,,,,,,,,,,,
ES,122283732812,"16-Mar-2026 UTC",SHIPMENT,FALSE,407-6079151-2321934,"17-Mar-2026 UTC",107654159166302,107654159166302,B071W6NT3F,FBA969056-42,1,"16-Mar-2026 UTC",0.2100,A_GEN_STANDARD,EUR,VAT,Taxable,,Seller,ShipTo,Country,SPAIN,75.49,13.10,62.39,0.00,0.00,0.00,0.00,0.00,0.00,0.00,0.00,0.00,0.00,0.00,0.00,0.00,0.00,0.00,ESB71337349,ES,,,,,,0.0000,,0.00,ES6000VU9FPVBS,"https://sellercentral.amazon.es/document/download?v=urn%3aalx%3adoc%3a9d8cab0f-1f96-4462-8642-ace99a371392%3a88c57c73-ef54-4b73-85be-030d76852f6e&t=EU_Retail_Forward",false,Murcia,Murcia,ES,30156,807240000,"Molina De Segura",Murcia,ES,30500,807240000,,true,,,,,,,,,,,,
ES,122283732812,"07-Mar-2026 UTC",SHIPMENT,FALSE,405-7909694-4245123,"09-Mar-2026 UTC",26079891974039,26079891974039,B01M2CDFF0,189768-40,1,"07-Mar-2026 UTC",0.2100,A_GEN_STANDARD,EUR,VAT,Taxable,,Seller,ShipTo,Country,SPAIN,55.75,9.68,46.07,0.00,0.00,0.00,0.00,0.00,0.00,0.00,0.00,0.00,0.00,0.00,0.00,0.00,0.00,0.00,ESB71337349,ES,,,,,,0.0000,,0.00,ES6000SX9FPVBS,"https://sellercentral.amazon.es/document/download?v=urn%3aalx%3adoc%3a9d8cab0f-1f96-4462-8642-ace99a371392%3aa660100b-53e6-4dcb-84fd-e58f343173f5&t=EU_Retail_Forward",false,Pamplona,Navarra,ES,31001,807240000,Gijón,"Gijón, Asturias",ES,33210,807240000,,true,,,,,,,,,,,,
ES,122283732812,"01-Mar-2026 UTC",SHIPMENT,FALSE,408-4215712-9444355,"02-Mar-2026 UTC",26060852219039,26060852219039,B0B9J5GH23,779490-43,1,"01-Mar-2026 UTC",0.2100,A_GEN_STANDARD,EUR,VAT,Taxable,,Seller,ShipTo,Country,SPAIN,92.83,16.11,76.72,0.00,0.00,0.00,0.00,0.00,0.00,0.00,0.00,0.00,0.00,0.00,0.00,0.00,0.00,0.00,ESB71337349,ES,,,,,,0.0000,,0.00,ES6000PX9FPVBS,"https://sellercentral.amazon.es/document/download?v=urn%3aalx%3adoc%3a9d8cab0f-1f96-4462-8642-ace99a371392%3a9c8ead14-28cb-425b-b7a1-910e35bdde6d&t=EU_Retail_Forward",false,Pamplona,Navarra,ES,31001,807240000,Cabra,Cordoba,ES,14940,807240000,,true,,,,,,,,,,,,
ES,122283732812,"11-Mar-2026 UTC",SHIPMENT,FALSE,404-2629853-2680319,"12-Mar-2026 UTC",107419198106302,107419198106302,B0772XFRHR,FBA633372-42,1,"12-Mar-2026 UTC",0.2100,A_GEN_STANDARD,EUR,VAT,Taxable,,Seller,ShipTo,Country,SPAIN,90.10,15.64,74.46,0.00,0.00,0.00,0.00,0.00,0.00,0.00,0.00,0.00,0.00,0.00,0.00,0.00,0.00,0.00,ESB71337349,ES,,,,,,0.0000,,0.00,ES6000UD9FPVBS,"https://sellercentral.amazon.es/document/download?v=urn%3aalx%3adoc%3a9d8cab0f-1f96-4462-8642-ace99a371392%3ab7e48a78-911e-4982-a6b9-e8fcb8fb5c73&t=EU_Retail_Forward",false,Murcia,Murcia,ES,30156,807240000,"El Santiscal",Cadiz,ES,11638,807240000,,true,,,,,,,,,,,,
ES,122283732812,"17-Mar-2026 UTC",SHIPMENT,FALSE,406-3132477-1941965,"17-Mar-2026 UTC",26120541519039,26120541519039,B0772P8XZX,738825-42,1,"17-Mar-2026 UTC",0.2100,A_GEN_STANDARD,EUR,VAT,Taxable,,Seller,ShipTo,Country,SPAIN,83.79,14.54,69.25,0.00,0.00,0.00,0.00,0.00,0.00,0.00,0.00,0.00,0.00,0.00,0.00,0.00,0.00,0.00,ESB71337349,ES,,,,,,0.0000,,0.00,ES6000W99FPVBS,"https://sellercentral.amazon.es/document/download?v=urn%3aalx%3adoc%3a9d8cab0f-1f96-4462-8642-ace99a371392%3a048597c3-fd5f-4b48-9a8e-c917bd260169&t=EU_Retail_Forward",false,Pamplona,Navarra,ES,31001,807240000,Madrid,Madrid,ES,28034,807240000,,true,,,,,,,,,,,,
ES,122283732812,"16-Mar-2026 UTC",SHIPMENT,FALSE,407-8823668-4701100,"16-Mar-2026 UTC",26117763890039,26117763890039,B0CH142VHD,373657-40,1,"16-Mar-2026 UTC",0.2100,A_GEN_STANDARD,EUR,VAT,Taxable,,Seller,ShipTo,Country,SPAIN,88.00,15.27,72.73,0.00,0.00,0.00,0.00,0.00,0.00,0.00,0.00,0.00,0.00,0.00,0.00,0.00,0.00,0.00,ESB71337349,ES,,,,,,0.0000,,0.00,ES6000VR9FPVBS,"https://sellercentral.amazon.es/document/download?v=urn%3aalx%3adoc%3a9d8cab0f-1f96-4462-8642-ace99a371392%3afc56c71e-7495-4e17-9455-d921c7dfd211&t=EU_Retail_Forward",false,Pamplona,Navarra,ES,31001,807240000,"Sant Pere de Riudebitlles",Barcelona,ES,08776,807240000,,true,,,,,,,,,,,,
ES,122283732812,"27-Mar-2026 UTC",SHIPMENT,FALSE,406-3412565-4313915,"27-Mar-2026 UTC",26153055961039,26153055961039,B07VVR6V6N,092880-44,1,"27-Mar-2026 UTC",0.2100,A_GEN_STANDARD,EUR,VAT,Taxable,,Seller,ShipTo,Country,SPAIN,99.35,17.24,82.11,0.00,0.00,0.00,0.00,0.00,0.00,0.00,0.00,0.00,0.00,0.00,0.00,0.00,0.00,0.00,ESB71337349,ES,,,,,,0.0000,,0.00,ES6000ZS9FPVBS,"https://sellercentral.amazon.es/document/download?v=urn%3aalx%3adoc%3a9d8cab0f-1f96-4462-8642-ace99a371392%3a8727b252-c0eb-480b-a1c9-59dbef68dd8f&t=EU_Retail_Forward",false,Pamplona,Navarra,ES,31001,807240000,Sevilla,"Sevilla España",ES,41015,807240000,,true,,,,,,,,,,,,
ES,122283732812,"21-Mar-2026 UTC",SHIPMENT,FALSE,408-3353921-1892336,"22-Mar-2026 UTC",107856538114302,107856538114302,B071W6NT3F,FBA969056-42,2,"22-Mar-2026 UTC",0.2100,A_GEN_STANDARD,EUR,VAT,Taxable,,Seller,ShipTo,Country,SPAIN,154.78,26.86,127.92,0.00,0.00,0.00,3.99,0.70,3.29,0.00,0.00,0.00,0.00,0.00,0.00,0.00,0.00,0.00,ESB71337349,ES,,,,,,0.0000,,0.00,ES6000XT9FPVBS,"https://sellercentral.amazon.es/document/download?v=urn%3aalx%3adoc%3a9d8cab0f-1f96-4462-8642-ace99a371392%3a858399e4-2793-429d-922f-695b4b0a2aa6&t=EU_Retail_Forward",false,Murcia,Murcia,ES,30156,807240000,BADALONA,,ES,08917,807240000,,true,,,,,,,,,,,,
ES,122283732812,"03-Mar-2026 UTC",SHIPMENT,FALSE,404-8808819-1600306,"04-Mar-2026 UTC",26068007320039,26068007320039,B071W6NSBD,969056-44,1,"03-Mar-2026 UTC",0.2100,A_GEN_STANDARD,EUR,VAT,Taxable,,Seller,ShipTo,Country,SPAIN,72.99,12.67,60.32,0.00,0.00,0.00,0.00,0.00,0.00,0.00,0.00,0.00,0.00,0.00,0.00,0.00,0.00,0.00,ESB71337349,ES,,,,,,0.0000,,0.00,ES6000RE9FPVBS,"https://sellercentral.amazon.es/document/download?v=urn%3aalx%3adoc%3a9d8cab0f-1f96-4462-8642-ace99a371392%3a578789d6-8e12-4497-b2ab-bff035e1d0f9&t=EU_Retail_Forward",false,Pamplona,Navarra,ES,31001,807240000,Albal,Valencia,ES,46470,807240000,,true,,,,,,,,,,,,
ES,122283732812,"23-Mar-2026 UTC",SHIPMENT,FALSE,171-4944578-3673120,"24-Mar-2026 UTC",107929659313302,107929659313302,B0772XFRHR,FBA633372-42,1,"24-Mar-2026 UTC",0.2100,A_GEN_STANDARD,EUR,VAT,Taxable,,Seller,ShipTo,Country,SPAIN,89.60,15.55,74.05,0.00,0.00,0.00,0.00,0.00,0.00,0.00,0.00,0.00,0.00,0.00,0.00,0.00,0.00,0.00,ESB71337349,ES,,,,,,0.0000,,0.00,ES6000YS9FPVBS,"https://sellercentral.amazon.es/document/download?v=urn%3aalx%3adoc%3a9d8cab0f-1f96-4462-8642-ace99a371392%3a512abef7-0172-405d-92de-13bf021c5b28&t=EU_Retail_Forward",false,Murcia,Murcia,ES,30156,807240000,Antequera,Málaga,ES,29200,807240000,,true,,,,,,,,,,,,
ES,122283732812,"03-Mar-2026 UTC",SHIPMENT,FALSE,171-9458728-4039545,"04-Mar-2026 UTC",26066832099039,26066832099039,B07V4MWFPT,601060-41,1,"03-Mar-2026 UTC",0.2100,A_GEN_STANDARD,EUR,VAT,Taxable,,Seller,ShipTo,Country,SPAIN,77.88,13.52,64.36,0.00,0.00,0.00,0.00,0.00,0.00,0.00,0.00,0.00,0.00,0.00,0.00,0.00,0.00,0.00,ESB71337349,ES,,,,,,0.0000,,0.00,ES6000R89FPVBS,"https://sellercentral.amazon.es/document/download?v=urn%3aalx%3adoc%3a9d8cab0f-1f96-4462-8642-ace99a371392%3a9195e268-6164-476d-8feb-3d6151c1d5c2&t=EU_Retail_Forward",false,Pamplona,Navarra,ES,31001,807240000,Granada,Loja,ES,18300,807240000,,true,,,,,,,,,,,,
ES,122283732812,"22-Mar-2026 UTC",SHIPMENT,FALSE,171-6313142-1754754,"23-Mar-2026 UTC",26137442026039,26137442026039,B0CPW1WN8C,610612-40,1,"22-Mar-2026 UTC",0.2100,A_GEN_STANDARD,EUR,VAT,Taxable,,Seller,ShipTo,Country,SPAIN,85.55,14.85,70.70,0.00,0.00,0.00,0.00,0.00,0.00,0.00,0.00,0.00,0.00,0.00,0.00,0.00,0.00,0.00,ESB71337349,ES,,,,,,0.0000,,0.00,ES6000Y19FPVBS,"https://sellercentral.amazon.es/document/download?v=urn%3aalx%3adoc%3a9d8cab0f-1f96-4462-8642-ace99a371392%3ab5e7c83c-1906-4c7d-96bc-573bd5d37968&t=EU_Retail_Forward",false,Pamplona,Navarra,ES,31001,807240000,Córdoba,Córdoba,ES,14009,807240000,,true,,,,,,,,,,,,
ES,122283732812,"22-Mar-2026 UTC",SHIPMENT,FALSE,171-2336157-6965912,"23-Mar-2026 UTC",107876547320302,107876547320302,B07DPWWZBS,FBA426046-39,1,"22-Mar-2026 UTC",0.2100,A_GEN_STANDARD,EUR,VAT,Taxable,,Seller,ShipTo,Country,SPAIN,78.85,13.68,65.17,0.00,0.00,0.00,0.00,0.00,0.00,0.00,0.00,0.00,0.00,0.00,0.00,0.00,0.00,0.00,ESB71337349,ES,,,,,,0.0000,,0.00,ES6000XU9FPVBS,"https://sellercentral.amazon.es/document/download?v=urn%3aalx%3adoc%3a9d8cab0f-1f96-4462-8642-ace99a371392%3ad72f6762-cb96-4823-be63-d6d720350dac&t=EU_Retail_Forward",false,Murcia,Murcia,ES,30156,807240000,"Lucena del Cid",Castellon,ES,12120,807240000,,true,,,,,,,,,,,,
ES,122283732812,"08-Mar-2026 UTC",SHIPMENT,FALSE,171-2188918-9642759,"09-Mar-2026 UTC",26082674336039,26082674336039,B07DPXD5BB,787141-38,1,"08-Mar-2026 UTC",0.2100,A_GEN_STANDARD,EUR,VAT,Taxable,,Seller,ShipTo,Country,SPAIN,78.94,13.70,65.24,0.00,0.00,0.00,0.00,0.00,0.00,0.00,0.00,0.00,0.00,0.00,0.00,0.00,0.00,0.00,ESB71337349,ES,,,,,,0.0000,,0.00,ES6000T59FPVBS,"https://sellercentral.amazon.es/document/download?v=urn%3aalx%3adoc%3a9d8cab0f-1f96-4462-8642-ace99a371392%3af5b7a72c-a46e-4f25-98e4-b5b97b3eabe5&t=EU_Retail_Forward",false,Pamplona,Navarra,ES,31001,807240000,Valdemoro,Madrid,ES,28342,807240000,,true,,,,,,,,,,,,
ES,122283732812,"14-Mar-2026 UTC",SHIPMENT,FALSE,408-7718011-6501123,"15-Mar-2026 UTC",107548602511302,107548602511302,B0772QHX2Q,FBA633372-43,1,"14-Mar-2026 UTC",0.2100,A_GEN_STANDARD,EUR,VAT,Taxable,,Seller,ShipTo,Country,SPAIN,95.80,16.63,79.17,0.00,0.00,0.00,1.99,0.35,1.64,-1.99,-0.35,-1.64,0.00,0.00,0.00,0.00,0.00,0.00,ESB71337349,ES,,,,,,0.0000,,0.00,ES6000UR9FPVBS,"https://sellercentral.amazon.es/document/download?v=urn%3aalx%3adoc%3a9d8cab0f-1f96-4462-8642-ace99a371392%3a3bc93bf1-dda7-4b24-874d-89f1f0676154&t=EU_Retail_Forward",false,Illescas,Illescas,ES,45200,807240000,Madrid,Madrid,ES,28050,807240000,,true,,,,,,,,,,,,
ES,122283732812,"01-Mar-2026 UTC",SHIPMENT,FALSE,408-4625070-2615556,"02-Mar-2026 UTC",26058792080039,26058792080039,B00SYILQE4,168754-41,1,"01-Mar-2026 UTC",0.2100,A_GEN_STANDARD,EUR,VAT,Taxable,,Seller,ShipTo,Country,SPAIN,55.84,9.69,46.15,0.00,0.00,0.00,0.00,0.00,0.00,0.00,0.00,0.00,0.00,0.00,0.00,0.00,0.00,0.00,ESB71337349,ES,,,,,,0.0000,,0.00,ES6000PR9FPVBS,"https://sellercentral.amazon.es/document/download?v=urn%3aalx%3adoc%3a9d8cab0f-1f96-4462-8642-ace99a371392%3a8a779375-a35f-4dfa-abcf-0cf9bb6bcdde&t=EU_Retail_Forward",false,Pamplona,Navarra,ES,31001,807240000,TERRASSA,BARCELONA,ES,08224,807240000,,true,,,,,,,,,,,,
ES,122283732812,"02-Mar-2026 UTC",SHIPMENT,FALSE,408-4832451-1511514,"03-Mar-2026 UTC",26063373133039,26063373133039,B0CDCFQJ65,813250-35,1,"02-Mar-2026 UTC",0.2100,A_GEN_STANDARD,EUR,VAT,Taxable,,Seller,ShipTo,Country,SPAIN,97.86,16.98,80.88,0.00,0.00,0.00,0.00,0.00,0.00,0.00,0.00,0.00,0.00,0.00,0.00,0.00,0.00,0.00,ESB71337349,ES,,,,,,0.0000,,0.00,ES6000QG9FPVBS,"https://sellercentral.amazon.es/document/download?v=urn%3aalx%3adoc%3a9d8cab0f-1f96-4462-8642-ace99a371392%3a1f13c94c-6956-4601-9c15-41f3fc408891&t=EU_Retail_Forward",false,Pamplona,Navarra,ES,31001,807240000,PAMPLONA,NAVARRA,ES,31012,807240000,,true,,,,,,,,,,,,
ES,122283732812,"28-Feb-2026 UTC",SHIPMENT,FALSE,408-8043348-4662766,"02-Mar-2026 UTC",106952600324302,106952600324302,B07DPSF5PJ,FBA426046-36,1,"01-Mar-2026 UTC",0.2100,A_GEN_STANDARD,EUR,VAT,Taxable,,Seller,ShipTo,Country,SPAIN,78.75,13.67,65.08,0.00,0.00,0.00,0.00,0.00,0.00,0.00,0.00,0.00,0.00,0.00,0.00,0.00,0.00,0.00,ESB71337349,ES,,,,,,0.0000,,0.00,ES6000PJ9FPVBS,"https://sellercentral.amazon.es/document/download?v=urn%3aalx%3adoc%3a9d8cab0f-1f96-4462-8642-ace99a371392%3a3ecc3455-7df0-4580-960e-886ab310250d&t=EU_Retail_Forward",false,Murcia,Murcia,ES,30156,807240000,"Albalat dels Sorells",Valencia,ES,46135,807240000,,true,,,,,,,,,,,,
ES,122283732812,"16-Mar-2026 UTC",SHIPMENT,FALSE,403-8378009-3832355,"17-Mar-2026 UTC",26119811390039,26119811390039,B00K2WJCZA,271239-40,1,"16-Mar-2026 UTC",0.2100,A_GEN_STANDARD,EUR,VAT,Taxable,,Seller,ShipTo,Country,SPAIN,54.99,9.54,45.45,0.00,0.00,0.00,0.00,0.00,0.00,0.00,0.00,0.00,0.00,0.00,0.00,0.00,0.00,0.00,ESB71337349,ES,,,,,,0.0000,,0.00,ES6000W59FPVBS,"https://sellercentral.amazon.es/document/download?v=urn%3aalx%3adoc%3a9d8cab0f-1f96-4462-8642-ace99a371392%3a8c5cf93d-0200-4e6b-a043-f1057c769128&t=EU_Retail_Forward",false,Pamplona,Navarra,ES,31001,807240000,Librilla,Murcia,ES,30892,807240000,,true,,,,,,,,,,,,
ES,122283732812,"15-Mar-2026 UTC",SHIPMENT,FALSE,171-6318952-5635544,"16-Mar-2026 UTC",26115901288039,26115901288039,B0BRWG3SNN,815873-37,1,"15-Mar-2026 UTC",0.2100,A_GEN_STANDARD,EUR,VAT,Taxable,,Seller,ShipTo,Country,SPAIN,88.00,15.27,72.73,0.00,0.00,0.00,0.00,0.00,0.00,0.00,0.00,0.00,0.00,0.00,0.00,0.00,0.00,0.00,ESB71337349,ES,,,,,,0.0000,,0.00,ES6000VD9FPVBS,"https://sellercentral.amazon.es/document/download?v=urn%3aalx%3adoc%3a9d8cab0f-1f96-4462-8642-ace99a371392%3ae14f9833-e559-4385-bc49-45727598c551&t=EU_Retail_Forward",false,Pamplona,Navarra,ES,31001,807240000,Gandia,Valencia,ES,46730,807240000,,true,,,,,,,,,,,,
ES,122283732812,"05-Mar-2026 UTC",SHIPMENT,FALSE,407-9265392-8899507,"06-Mar-2026 UTC",26074997025039,26074997025039,B0DJRNKM94,751537-44,1,"05-Mar-2026 UTC",0.2100,A_GEN_STANDARD,EUR,VAT,Taxable,,Seller,ShipTo,Country,SPAIN,108.58,18.84,89.74,0.00,0.00,0.00,0.00,0.00,0.00,0.00,0.00,0.00,0.00,0.00,0.00,0.00,0.00,0.00,ESB71337349,ES,B20712642,ES,VAT,,,0.0000,,0.00,ES60000P9FPVBI,"https://sellercentral.amazon.es/document/download?v=urn%3aalx%3adoc%3a9d8cab0f-1f96-4462-8642-ace99a371392%3ad12eb9d4-9cd0-4681-8ec1-15fcd49cddec&t=EU_Retail_Forward",false,Pamplona,Navarra,ES,31001,807240000,"San Sebastián-donostia",Gipuzkoa,ES,20013,807240000,,true,,,,,,,,,,,,
ES,122283732812,"22-Mar-2026 UTC",SHIPMENT,FALSE,404-3019972-0529943,"23-Mar-2026 UTC",26136432710039,26136432710039,B071J8J4W7,173323-43,1,"22-Mar-2026 UTC",0.2100,A_GEN_STANDARD,EUR,VAT,Taxable,,Seller,ShipTo,Country,SPAIN,72.99,12.67,60.32,0.00,0.00,0.00,0.00,0.00,0.00,0.00,0.00,0.00,0.00,0.00,0.00,0.00,0.00,0.00,ESB71337349,ES,,,,,,0.0000,,0.00,ES6000XX9FPVBS,"https://sellercentral.amazon.es/document/download?v=urn%3aalx%3adoc%3a9d8cab0f-1f96-4462-8642-ace99a371392%3a342e4ed2-0d29-4831-85cd-76aec2c4dad7&t=EU_Retail_Forward",false,Pamplona,Navarra,ES,31001,807240000,Sevilla,"España/Sevilla/Mairena del aljarafe",ES,41927,807240000,,true,,,,,,,,,,,,
ES,122283732812,"18-Mar-2026 UTC",SHIPMENT,FALSE,171-6735768-8882702,"18-Mar-2026 UTC",26124440770039,26124440770039,B08QMFFJWN,909559-44,1,"18-Mar-2026 UTC",0.2100,A_GEN_STANDARD,EUR,VAT,Taxable,,Seller,ShipTo,Country,SPAIN,67.71,11.75,55.96,0.00,0.00,0.00,0.00,0.00,0.00,0.00,0.00,0.00,0.00,0.00,0.00,0.00,0.00,0.00,ESB71337349,ES,,,,,,0.0000,,0.00,ES6000WQ9FPVBS,"https://sellercentral.amazon.es/document/download?v=urn%3aalx%3adoc%3a9d8cab0f-1f96-4462-8642-ace99a371392%3a22abc107-953e-4e1b-a0c8-7c5579022293&t=EU_Retail_Forward",false,Pamplona,Navarra,ES,31001,807240000,"POZUELO DE ALARCÓN",Madrid,ES,28223,807240000,,true,,,,,,,,,,,,
ES,122283732812,"23-Mar-2026 UTC",SHIPMENT,FALSE,406-7012913-1941156,"23-Mar-2026 UTC",107913923418302,107913923418302,B0772VF96V,FBA633372-41,1,"23-Mar-2026 UTC",0.2100,A_GEN_STANDARD,EUR,VAT,Taxable,,Seller,ShipTo,Country,SPAIN,87.60,15.20,72.40,0.00,0.00,0.00,0.00,0.00,0.00,0.00,0.00,0.00,0.00,0.00,0.00,0.00,0.00,0.00,ESB71337349,ES,,,,,,0.0000,,0.00,ES6000YH9FPVBS,"https://sellercentral.amazon.es/document/download?v=urn%3aalx%3adoc%3a9d8cab0f-1f96-4462-8642-ace99a371392%3a0c346af9-43f1-487e-826e-05baae7bfa3a&t=EU_Retail_Forward",false,Murcia,Murcia,ES,30156,807240000,Elche,Alicante,ES,03204,807240000,,true,,,,,,,,,,,,
ES,122283732812,"02-Mar-2026 UTC",SHIPMENT,FALSE,408-2365403-9743551,"02-Mar-2026 UTC",26062939872039,26062939872039,B0772WJQNP,633372-44,1,"02-Mar-2026 UTC",0.2100,A_GEN_STANDARD,EUR,VAT,Taxable,,Seller,ShipTo,Country,SPAIN,84.50,14.67,69.83,0.00,0.00,0.00,0.00,0.00,0.00,0.00,0.00,0.00,0.00,0.00,0.00,0.00,0.00,0.00,ESB71337349,ES,ESB60545506,ES,VAT,,,0.0000,,0.00,ES60000K9FPVBI,"https://sellercentral.amazon.es/document/download?v=urn%3aalx%3adoc%3a9d8cab0f-1f96-4462-8642-ace99a371392%3a2d32eb3c-3ce0-406d-b50b-37c9e103165f&t=EU_Retail_Forward",false,Pamplona,Navarra,ES,31001,807240000,"Sant Fruitós De Bages",Barcelona,ES,08272,807240000,,true,,,,,,,,,,,,
ES,122283732812,"06-Mar-2026 UTC",SHIPMENT,FALSE,404-3249995-6653116,"09-Mar-2026 UTC",26077033572039,26077033572039,B06ZZCTQQB,689071-40,1,"06-Mar-2026 UTC",0.2100,A_GEN_STANDARD,EUR,VAT,Taxable,,Seller,ShipTo,Country,SPAIN,53.27,9.25,44.02,0.00,0.00,0.00,0.00,0.00,0.00,0.00,0.00,0.00,0.00,0.00,0.00,0.00,0.00,0.00,ESB71337349,ES,,,,,,0.0000,,0.00,ES6000SP9FPVBS,"https://sellercentral.amazon.es/document/download?v=urn%3aalx%3adoc%3a9d8cab0f-1f96-4462-8642-ace99a371392%3a37df6fe7-dab1-4616-93a4-d8c340e4f9df&t=EU_Retail_Forward",false,Pamplona,Navarra,ES,31001,807240000,Balsareny,Barcelona,ES,08660,807240000,,true,,,,,,,,,,,,
ES,122283732812,"14-Mar-2026 UTC",SHIPMENT,FALSE,408-0991022-3703564,"15-Mar-2026 UTC",107530985880302,107530985880302,B07DPX25YH,FBA554862-38,1,"14-Mar-2026 UTC",0.2100,A_GEN_STANDARD,EUR,VAT,Taxable,,Seller,ShipTo,Country,SPAIN,74.80,12.98,61.82,0.00,0.00,0.00,0.00,0.00,0.00,0.00,0.00,0.00,0.00,0.00,0.00,0.00,0.00,0.00,ESB71337349,ES,,,,,,0.0000,,0.00,ES6000UT9FPVBS,"https://sellercentral.amazon.es/document/download?v=urn%3aalx%3adoc%3a9d8cab0f-1f96-4462-8642-ace99a371392%3ad5ac05af-4022-444e-b94a-815222a93c34&t=EU_Retail_Forward",false,Murcia,Murcia,ES,30156,807240000,TOMARES,SEVILLA,ES,41940,807240000,,true,,,,,,,,,,,,
ES,122283732812,"08-Mar-2026 UTC",SHIPMENT,FALSE,402-8196948-7720346,"09-Mar-2026 UTC",26084884568039,26084884568039,B0BB2L8RXN,918781-41,1,"08-Mar-2026 UTC",0.2100,A_GEN_STANDARD,EUR,VAT,Taxable,,Seller,ShipTo,Country,SPAIN,94.64,16.43,78.21,0.00,0.00,0.00,0.00,0.00,0.00,0.00,0.00,0.00,0.00,0.00,0.00,0.00,0.00,0.00,ESB71337349,ES,,,,,,0.0000,,0.00,ES6000TC9FPVBS,"https://sellercentral.amazon.es/document/download?v=urn%3aalx%3adoc%3a9d8cab0f-1f96-4462-8642-ace99a371392%3a71baf847-fe0d-43eb-9043-2edf0dcb879e&t=EU_Retail_Forward",false,Pamplona,Navarra,ES,31001,807240000,"El Ãlamo",Madrid,ES,28607,807240000,,true,,,,,,,,,,,,
ES,122283732812,"16-Mar-2026 UTC",SHIPMENT,FALSE,404-9423179-9978729,"17-Mar-2026 UTC",26119968743039,26119968743039,B09TNZLX4S,023997-39,1,"16-Mar-2026 UTC",0.2100,A_GEN_STANDARD,EUR,VAT,Taxable,,Seller,ShipTo,Country,SPAIN,143.80,24.96,118.84,0.00,0.00,0.00,0.00,0.00,0.00,0.00,0.00,0.00,0.00,0.00,0.00,0.00,0.00,0.00,ESB71337349,ES,,,,,,0.0000,,0.00,ES6000W49FPVBS,"https://sellercentral.amazon.es/document/download?v=urn%3aalx%3adoc%3a9d8cab0f-1f96-4462-8642-ace99a371392%3a4cdf086a-c79d-4f11-80a2-982d545ce6a8&t=EU_Retail_Forward",false,Pamplona,Navarra,ES,31001,807240000,Granada,Granada,ES,18014,807240000,,true,,,,,,,,,,,,
ES,122283732812,"12-Mar-2026 UTC",SHIPMENT,FALSE,407-5387264-1726734,"12-Mar-2026 UTC",26105370598039,26105370598039,B07DPXGHNC,999945-41,1,"12-Mar-2026 UTC",0.2100,A_GEN_STANDARD,EUR,VAT,Taxable,,Seller,ShipTo,Country,SPAIN,87.90,15.26,72.64,0.00,0.00,0.00,0.00,0.00,0.00,0.00,0.00,0.00,0.00,0.00,0.00,0.00,0.00,0.00,ESB71337349,ES,,,,,,0.0000,,0.00,ES6000U89FPVBS,"https://sellercentral.amazon.es/document/download?v=urn%3aalx%3adoc%3a9d8cab0f-1f96-4462-8642-ace99a371392%3aeaeea245-2fff-4508-b6ac-33a8c25e4871&t=EU_Retail_Forward",false,Pamplona,Navarra,ES,31001,807240000,Sevilla,Sevilla,ES,41001,807240000,,true,,,,,,,,,,,,
ES,122283732812,"03-Mar-2026 UTC",SHIPMENT,FALSE,406-1846415-6491516,"04-Mar-2026 UTC",26067550809039,26067550809039,B0CT5T5TN8,575596-37,1,"03-Mar-2026 UTC",0.2100,A_GEN_STANDARD,EUR,VAT,Taxable,,Seller,ShipTo,Country,SPAIN,106.27,18.44,87.83,0.00,0.00,0.00,0.00,0.00,0.00,0.00,0.00,0.00,0.00,0.00,0.00,0.00,0.00,0.00,ESB71337349,ES,,,,,,0.0000,,0.00,ES6000RC9FPVBS,"https://sellercentral.amazon.es/document/download?v=urn%3aalx%3adoc%3a9d8cab0f-1f96-4462-8642-ace99a371392%3a3ba90329-f499-47e4-bac7-c8f04c820810&t=EU_Retail_Forward",false,Pamplona,Navarra,ES,31001,807240000,"puerto real",cadiz,ES,11510,807240000,,true,,,,,,,,,,,,
ES,122283732812,"18-Mar-2026 UTC",SHIPMENT,FALSE,171-6735768-8882702,"18-Mar-2026 UTC",26124440770039,26124440770039,B08QMRJM6F,909559-43,1,"18-Mar-2026 UTC",0.2100,A_GEN_STANDARD,EUR,VAT,Taxable,,Seller,ShipTo,Country,SPAIN,60.41,10.48,49.93,0.00,0.00,0.00,0.00,0.00,0.00,0.00,0.00,0.00,0.00,0.00,0.00,0.00,0.00,0.00,ESB71337349,ES,,,,,,0.0000,,0.00,ES6000WQ9FPVBS,"https://sellercentral.amazon.es/document/download?v=urn%3aalx%3adoc%3a9d8cab0f-1f96-4462-8642-ace99a371392%3a22abc107-953e-4e1b-a0c8-7c5579022293&t=EU_Retail_Forward",false,Pamplona,Navarra,ES,31001,807240000,"POZUELO DE ALARCÓN",Madrid,ES,28223,807240000,,true,,,,,,,,,,,,
ES,122283732812,"24-Mar-2026 UTC",SHIPMENT,FALSE,407-3011022-0443568,"25-Mar-2026 UTC",26145117232039,26145117232039,B0BG5VMX9K,203421-41,1,"24-Mar-2026 UTC",0.2100,A_GEN_STANDARD,EUR,VAT,Taxable,,Seller,ShipTo,Country,SPAIN,84.99,14.75,70.24,0.00,0.00,0.00,0.00,0.00,0.00,0.00,0.00,0.00,0.00,0.00,0.00,0.00,0.00,0.00,ESB71337349,ES,,,,,,0.0000,,0.00,ES6000YY9FPVBS,"https://sellercentral.amazon.es/document/download?v=urn%3aalx%3adoc%3a9d8cab0f-1f96-4462-8642-ace99a371392%3a2c9f24f5-a865-47bc-b5d2-7c7cc64fc0db&t=EU_Retail_Forward",false,Pamplona,Navarra,ES,31001,807240000,"San Andres del Rabanedo",Leon,ES,24191,807240000,,true,,,,,,,,,,,,
ES,122283732812,"12-Mar-2026 UTC",SHIPMENT,FALSE,405-3363178-0309104,"12-Mar-2026 UTC",26103813318039,26103813318039,B0B69LGXGF,840941-43,1,"12-Mar-2026 UTC",0.2100,A_GEN_STANDARD,EUR,VAT,Taxable,,Seller,ShipTo,Country,SPAIN,75.99,13.19,62.80,0.00,0.00,0.00,0.00,0.00,0.00,0.00,0.00,0.00,0.00,0.00,0.00,0.00,0.00,0.00,ESB71337349,ES,,,,,,0.0000,,0.00,ES6000UB9FPVBS,"https://sellercentral.amazon.es/document/download?v=urn%3aalx%3adoc%3a9d8cab0f-1f96-4462-8642-ace99a371392%3aadde1b1a-fa66-4770-9df8-7ae4c3f63a98&t=EU_Retail_Forward",false,Pamplona,Navarra,ES,31001,807240000,Benicarlo,Castello,ES,12580,807240000,,true,,,,,,,,,,,,
ES,122283732812,"18-Mar-2026 UTC",SHIPMENT,FALSE,406-5862808-7231566,"18-Mar-2026 UTC",107734024321302,107734024321302,B071J8J73L,FBA259505-42,1,"18-Mar-2026 UTC",0.2100,A_GEN_STANDARD,EUR,VAT,Taxable,,Seller,ShipTo,Country,SPAIN,75.49,13.10,62.39,0.00,0.00,0.00,1.99,0.35,1.64,-1.99,-0.35,-1.64,0.00,0.00,0.00,0.00,0.00,0.00,ESB71337349,ES,,,,,,0.0000,,0.00,ES6000WX9FPVBS,"https://sellercentral.amazon.es/document/download?v=urn%3aalx%3adoc%3a9d8cab0f-1f96-4462-8642-ace99a371392%3a0d527f39-fd27-4286-8d54-f167f158b8b0&t=EU_Retail_Forward",false,Illescas,Illescas,ES,45200,807240000,"Las Rozas de Madrid",Madrid,ES,28231,807240000,,true,,,,,,,,,,,,
ES,122283732812,"02-Mar-2026 UTC",SHIPMENT,FALSE,407-9231766-5013961,"03-Mar-2026 UTC",26064252535039,26064252535039,B07V5N2BZJ,601060-44,1,"02-Mar-2026 UTC",0.2100,A_GEN_STANDARD,EUR,VAT,Taxable,,Seller,ShipTo,Country,SPAIN,77.84,13.51,64.33,0.00,0.00,0.00,0.00,0.00,0.00,0.00,0.00,0.00,0.00,0.00,0.00,0.00,0.00,0.00,ESB71337349,ES,,,,,,0.0000,,0.00,ES6000QI9FPVBS,"https://sellercentral.amazon.es/document/download?v=urn%3aalx%3adoc%3a9d8cab0f-1f96-4462-8642-ace99a371392%3a04809b9f-6ea4-40bf-a247-54780ac69680&t=EU_Retail_Forward",false,Pamplona,Navarra,ES,31001,807240000,Iznájar,Cordoba,ES,14978,807240000,,true,,,,,,,,,,,,
ES,122283732812,"03-Mar-2026 UTC",SHIPMENT,FALSE,402-9494099-8842729,"04-Mar-2026 UTC",26067525851039,26067525851039,B08VJDPP79,370185-41,1,"03-Mar-2026 UTC",0.2100,A_GEN_STANDARD,EUR,VAT,Taxable,,Seller,ShipTo,Country,SPAIN,89.90,15.60,74.30,0.00,0.00,0.00,0.00,0.00,0.00,0.00,0.00,0.00,0.00,0.00,0.00,0.00,0.00,0.00,ESB71337349,ES,,,,,,0.0000,,0.00,ES6000R99FPVBS,"https://sellercentral.amazon.es/document/download?v=urn%3aalx%3adoc%3a9d8cab0f-1f96-4462-8642-ace99a371392%3ab5f0c6a4-e76d-4b17-b7d8-43603a152929&t=EU_Retail_Forward",false,Pamplona,Navarra,ES,31001,807240000,Cádiz,Cádiz,ES,11010,807240000,,true,,,,,,,,,,,,
ES,122283732812,"10-Mar-2026 UTC",SHIPMENT,FALSE,407-7569184-5589146,"11-Mar-2026 UTC",26091512023039,26091512023039,B01M2CDFF0,189768-40,1,"10-Mar-2026 UTC",0.2100,A_GEN_STANDARD,EUR,VAT,Taxable,,Seller,ShipTo,Country,SPAIN,56.75,9.85,46.90,0.00,0.00,0.00,0.00,0.00,0.00,0.00,0.00,0.00,0.00,0.00,0.00,0.00,0.00,0.00,ESB71337349,ES,,,,,,0.0000,,0.00,ES6000TV9FPVBS,"https://sellercentral.amazon.es/document/download?v=urn%3aalx%3adoc%3a9d8cab0f-1f96-4462-8642-ace99a371392%3a2bba7bc6-3679-4ae0-b7d0-52d281ac327b&t=EU_Retail_Forward",false,Pamplona,Navarra,ES,31001,807240000,"Santa Coloma de Gramenet",Barcelona,ES,08921,807240000,,true,,,,,,,,,,,,
ES,122283732812,"16-Mar-2026 UTC",SHIPMENT,FALSE,171-6075929-0237120,"17-Mar-2026 UTC",26118779883039,26118779883039,B0CDCNNGW1,232146-43,1,"16-Mar-2026 UTC",0.2100,A_GEN_STANDARD,EUR,VAT,Taxable,,Seller,ShipTo,Country,SPAIN,108.10,18.76,89.34,0.00,0.00,0.00,0.00,0.00,0.00,0.00,0.00,0.00,0.00,0.00,0.00,0.00,0.00,0.00,ESB71337349,ES,,,,,,0.0000,,0.00,ES6000VX9FPVBS,"https://sellercentral.amazon.es/document/download?v=urn%3aalx%3adoc%3a9d8cab0f-1f96-4462-8642-ace99a371392%3ab6525347-0288-413a-b34a-31d8b1732c07&t=EU_Retail_Forward",false,Pamplona,Navarra,ES,31001,807240000,CEUTI,MURCIA,ES,30562,807240000,,true,,,,,,,,,,,,
ES,122283732812,"25-Mar-2026 UTC",SHIPMENT,FALSE,406-5487009-4085167,"25-Mar-2026 UTC",26147184363039,26147184363039,B08ZMDGWDB,205708-36,1,"25-Mar-2026 UTC",0.2100,A_GEN_STANDARD,EUR,VAT,Taxable,,Seller,ShipTo,Country,SPAIN,63.99,11.11,52.88,0.00,0.00,0.00,0.00,0.00,0.00,0.00,0.00,0.00,0.00,0.00,0.00,0.00,0.00,0.00,ESB71337349,ES,,,,,,0.0000,,0.00,ES6000Z59FPVBS,"https://sellercentral.amazon.es/document/download?v=urn%3aalx%3adoc%3a9d8cab0f-1f96-4462-8642-ace99a371392%3a4adbe2d1-c16c-4914-ad24-803e6c966b20&t=EU_Retail_Forward",false,Pamplona,Navarra,ES,31001,807240000,Barcelona,Barcelona,ES,08030,807240000,,true,,,,,,,,,,,,
ES,122283732812,"04-Mar-2026 UTC",SHIPMENT,FALSE,408-0995463-3228316,"04-Mar-2026 UTC",536053765856001,536053765856001,B072JGYSFW,FBA377785-45,1,"04-Mar-2026 UTC",0.2100,A_GEN_STANDARD,EUR,VAT,Taxable,,Seller,ShipTo,Country,SPAIN,83.49,14.49,69.00,0.00,0.00,0.00,0.00,0.00,0.00,0.00,0.00,0.00,0.00,0.00,0.00,0.00,0.00,0.00,ESB71337349,ES,ESW0184081H,ES,VAT,,,0.0000,,0.00,N/A,N/A,false,Illescas,Illescas,ES,45200,807240000,Illescas,Illescas,ES,45200,807240000,,true,,,,,,,,,,,,
ES,122283732812,"22-Mar-2026 UTC",SHIPMENT,FALSE,407-2928063-1357117,"23-Mar-2026 UTC",26138526614039,26138526614039,B0CDCNNGW1,232146-43,1,"22-Mar-2026 UTC",0.2100,A_GEN_STANDARD,EUR,VAT,Taxable,,Seller,ShipTo,Country,SPAIN,108.10,18.76,89.34,0.00,0.00,0.00,0.00,0.00,0.00,0.00,0.00,0.00,0.00,0.00,0.00,0.00,0.00,0.00,ESB71337349,ES,,,,,,0.0000,,0.00,ES6000Y49FPVBS,"https://sellercentral.amazon.es/document/download?v=urn%3aalx%3adoc%3a9d8cab0f-1f96-4462-8642-ace99a371392%3af59fff22-78e6-494f-aad1-5ed576b63f02&t=EU_Retail_Forward",false,Pamplona,Navarra,ES,31001,807240000,Antequera,Málaga,ES,29200,807240000,,true,,,,,,,,,,,,
ES,122283732812,"14-Mar-2026 UTC",SHIPMENT,FALSE,408-1080452-3565915,"16-Mar-2026 UTC",107592300500302,107592300500302,B07FYYDKSR,FBA939229-41,1,"15-Mar-2026 UTC",0.2100,A_GEN_STANDARD,EUR,VAT,Taxable,,Seller,ShipTo,Country,SPAIN,75.56,13.11,62.45,0.00,0.00,0.00,0.00,0.00,0.00,0.00,0.00,0.00,0.00,0.00,0.00,0.00,0.00,0.00,ESB71337349,ES,,,,,,0.0000,,0.00,ES6000VO9FPVBS,"https://sellercentral.amazon.es/document/download?v=urn%3aalx%3adoc%3a9d8cab0f-1f96-4462-8642-ace99a371392%3a33872da3-8ddf-4025-b8db-c4660a8e82d4&t=EU_Retail_Forward",false,Murcia,Murcia,ES,30156,807240000,Madrid,Madrid,ES,28055,807240000,,true,,,,,,,,,,,,
ES,122283732812,"21-Mar-2026 UTC",SHIPMENT,FALSE,405-6713825-7513126,"23-Mar-2026 UTC",26134569742039,26134569742039,B08QMRMWPC,909559-40,1,"21-Mar-2026 UTC",0.2100,A_GEN_STANDARD,EUR,VAT,Taxable,,Seller,ShipTo,Country,SPAIN,67.82,11.77,56.05,0.00,0.00,0.00,0.00,0.00,0.00,0.00,0.00,0.00,0.00,0.00,0.00,0.00,0.00,0.00,ESB71337349,ES,,,,,,0.0000,,0.00,ES6000YC9FPVBS,"https://sellercentral.amazon.es/document/download?v=urn%3aalx%3adoc%3a9d8cab0f-1f96-4462-8642-ace99a371392%3a988976e0-5f8b-43f2-aa3b-b5f4d65cb3cf&t=EU_Retail_Forward",false,Pamplona,Navarra,ES,31001,807240000,"Pedro Abad",Córdoba,ES,14630,807240000,,true,,,,,,,,,,,,
ES,122283732812,"21-Mar-2026 UTC",SHIPMENT,FALSE,403-7592895-2878736,"21-Mar-2026 UTC",26134303299039,26134303299039,B09YRX45CS,082476-38,1,"21-Mar-2026 UTC",0.2100,A_GEN_STANDARD,EUR,VAT,Taxable,,Seller,ShipTo,Country,SPAIN,69.99,12.15,57.84,0.00,0.00,0.00,0.00,0.00,0.00,0.00,0.00,0.00,0.00,0.00,0.00,0.00,0.00,0.00,ESB71337349,ES,,,,,,0.0000,,0.00,ES6000XL9FPVBS,"https://sellercentral.amazon.es/document/download?v=urn%3aalx%3adoc%3a9d8cab0f-1f96-4462-8642-ace99a371392%3a646bac10-f899-40c1-aafa-48b6a49aca98&t=EU_Retail_Forward",false,Pamplona,Navarra,ES,31001,807240000,PINTO,MADRID,ES,28320,807240000,,true,,,,,,,,,,,,
ES,122283732812,"23-Mar-2026 UTC",SHIPMENT,FALSE,408-6609317-9278764,"24-Mar-2026 UTC",545368893973001,545368893973001,B072M2Q16S,FBA047768-43,1,"24-Mar-2026 UTC",0.2100,A_GEN_STANDARD,EUR,VAT,Taxable,,Seller,ShipTo,Country,SPAIN,82.50,14.32,68.18,0.00,0.00,0.00,0.00,0.00,0.00,0.00,0.00,0.00,0.00,0.00,0.00,0.00,0.00,0.00,ESB71337349,ES,ESW0184081H,ES,VAT,,,0.0000,,0.00,N/A,N/A,false,Illescas,Illescas,ES,45200,807240000,Illescas,Illescas,ES,45200,807240000,,true,,,,,,,,,,,,
ES,122283732812,"16-Mar-2026 UTC",SHIPMENT,FALSE,402-0825217-4687503,"17-Mar-2026 UTC",26119047642039,26119047642039,B072JGWYFM,606389-44,1,"16-Mar-2026 UTC",0.2100,A_GEN_STANDARD,EUR,VAT,Taxable,,Seller,ShipTo,Country,SPAIN,72.99,12.67,60.32,0.00,0.00,0.00,0.00,0.00,0.00,0.00,0.00,0.00,0.00,0.00,0.00,0.00,0.00,0.00,ESB71337349,ES,,,,,,0.0000,,0.00,ES6000VY9FPVBS,"https://sellercentral.amazon.es/document/download?v=urn%3aalx%3adoc%3a9d8cab0f-1f96-4462-8642-ace99a371392%3a4175dfe3-892f-4620-bdca-68640cf6b2e9&t=EU_Retail_Forward",false,Pamplona,Navarra,ES,31001,807240000,Totana,Murcia,ES,30850,807240000,,true,,,,,,,,,,,,
ES,122283732812,"07-Mar-2026 UTC",SHIPMENT,FALSE,406-2173877-9911505,"09-Mar-2026 UTC",26078589912039,26078589912039,B0FHT83WK5,189101-38,1,"07-Mar-2026 UTC",0.2100,A_GEN_STANDARD,EUR,VAT,Taxable,,Seller,ShipTo,Country,SPAIN,87.10,15.12,71.98,0.00,0.00,0.00,0.00,0.00,0.00,0.00,0.00,0.00,0.00,0.00,0.00,0.00,0.00,0.00,ESB71337349,ES,,,,,,0.0000,,0.00,ES6000SS9FPVBS,"https://sellercentral.amazon.es/document/download?v=urn%3aalx%3adoc%3a9d8cab0f-1f96-4462-8642-ace99a371392%3a88993471-3fbf-4368-aba5-9a616068317c&t=EU_Retail_Forward",false,Pamplona,Navarra,ES,31001,807240000,Barcelona,Barcelona,ES,08013,807240000,,true,,,,,,,,,,,,
ES,122283732812,"26-Mar-2026 UTC",SHIPMENT,FALSE,404-8122324-5453916,"26-Mar-2026 UTC",108035430528302,108035430528302,B072M2PM4T,FBA969056-43,1,"26-Mar-2026 UTC",0.2100,A_GEN_STANDARD,EUR,VAT,Taxable,,Seller,ShipTo,Country,SPAIN,75.49,13.10,62.39,0.00,0.00,0.00,0.00,0.00,0.00,0.00,0.00,0.00,0.00,0.00,0.00,0.00,0.00,0.00,ESB71337349,ES,,,,,,0.0000,,0.00,ES6000ZG9FPVBS,"https://sellercentral.amazon.es/document/download?v=urn%3aalx%3adoc%3a9d8cab0f-1f96-4462-8642-ace99a371392%3ad8019427-834f-4dd9-a0f1-b5eea442c4c9&t=EU_Retail_Forward",false,Murcia,Murcia,ES,30156,807240000,POLAN,TOLEDO,ES,45161,807240000,,true,,,,,,,,,,,,
ES,122283732812,"13-Mar-2026 UTC",SHIPMENT,FALSE,406-9054576-4794700,"16-Mar-2026 UTC",26109483410039,26109483410039,B0DVC3HDRH,388029-40,1,"13-Mar-2026 UTC",0.2100,A_GEN_STANDARD,EUR,VAT,Taxable,,Seller,ShipTo,Country,SPAIN,77.89,13.52,64.37,0.00,0.00,0.00,0.00,0.00,0.00,0.00,0.00,0.00,0.00,0.00,0.00,0.00,0.00,0.00,ESB71337349,ES,,,,,,0.0000,,0.00,ES6000VP9FPVBS,"https://sellercentral.amazon.es/document/download?v=urn%3aalx%3adoc%3a9d8cab0f-1f96-4462-8642-ace99a371392%3af602641a-c720-400f-a2be-7e84c44fa655&t=EU_Retail_Forward",false,Pamplona,Navarra,ES,31001,807240000,Sabadell,Barcelona,ES,08207,807240000,,true,,,,,,,,,,,,
ES,122283732812,"22-Mar-2026 UTC",SHIPMENT,FALSE,405-3342453-4665920,"23-Mar-2026 UTC",26138495332039,26138495332039,B0F2GTBW8R,594342-38,1,"22-Mar-2026 UTC",0.2100,A_GEN_STANDARD,EUR,VAT,Taxable,,Seller,ShipTo,Country,SPAIN,139.00,24.12,114.88,0.00,0.00,0.00,0.00,0.00,0.00,0.00,0.00,0.00,0.00,0.00,0.00,0.00,0.00,0.00,ESB71337349,ES,,,,,,0.0000,,0.00,ES6000Y39FPVBS,"https://sellercentral.amazon.es/document/download?v=urn%3aalx%3adoc%3a9d8cab0f-1f96-4462-8642-ace99a371392%3aef7de376-9892-463c-bd64-643bd8f5ff1e&t=EU_Retail_Forward",false,Pamplona,Navarra,ES,31001,807240000,"La luisiana",Sevilla,ES,41430,807240000,,true,,,,,,,,,,,,
ES,122283732812,"21-Mar-2026 UTC",SHIPMENT,FALSE,406-5076963-3689119,"23-Mar-2026 UTC",26134175794039,26134175794039,B0B69LGXGF,840941-43,1,"21-Mar-2026 UTC",0.2100,A_GEN_STANDARD,EUR,VAT,Taxable,,Seller,ShipTo,Country,SPAIN,75.99,13.19,62.80,0.00,0.00,0.00,0.00,0.00,0.00,0.00,0.00,0.00,0.00,0.00,0.00,0.00,0.00,0.00,ESB71337349,ES,,,,,,0.0000,,0.00,ES6000Y79FPVBS,"https://sellercentral.amazon.es/document/download?v=urn%3aalx%3adoc%3a9d8cab0f-1f96-4462-8642-ace99a371392%3a9065ec6a-3219-45ab-b721-cc0635f297d4&t=EU_Retail_Forward",false,Pamplona,Navarra,ES,31001,807240000,"La Muela",Zaragoza,ES,50196,807240000,,true,,,,,,,,,,,,
ES,122283732812,"17-Mar-2026 UTC",SHIPMENT,FALSE,404-8298132-7093167,"17-Mar-2026 UTC",26120815859039,26120815859039,B0CJ58KNTC,442597-45,1,"17-Mar-2026 UTC",0.2100,A_GEN_STANDARD,EUR,VAT,Taxable,,Seller,ShipTo,Country,SPAIN,99.90,17.34,82.56,0.00,0.00,0.00,0.00,0.00,0.00,0.00,0.00,0.00,0.00,0.00,0.00,0.00,0.00,0.00,ESB71337349,ES,,,,,,0.0000,,0.00,ES6000WD9FPVBS,"https://sellercentral.amazon.es/document/download?v=urn%3aalx%3adoc%3a9d8cab0f-1f96-4462-8642-ace99a371392%3a779227a2-b4d8-4aa9-a6c9-d67872084f8f&t=EU_Retail_Forward",false,Pamplona,Navarra,ES,31001,807240000,Ordes,"A Coruña",ES,15680,807240000,,true,,,,,,,,,,,,
ES,122283732812,"08-Mar-2026 UTC",SHIPMENT,FALSE,407-8100389-2868364,"09-Mar-2026 UTC",26083945886039,26083945886039,B07BHRXNZW,738825-46,1,"08-Mar-2026 UTC",0.2100,A_GEN_STANDARD,EUR,VAT,Taxable,,Seller,ShipTo,Country,SPAIN,95.90,16.64,79.26,0.00,0.00,0.00,0.00,0.00,0.00,0.00,0.00,0.00,0.00,0.00,0.00,0.00,0.00,0.00,ESB71337349,ES,,,,,,0.0000,,0.00,ES6000T89FPVBS,"https://sellercentral.amazon.es/document/download?v=urn%3aalx%3adoc%3a9d8cab0f-1f96-4462-8642-ace99a371392%3ad1477170-1ff3-45c6-b70d-f3939ed0994e&t=EU_Retail_Forward",false,Pamplona,Navarra,ES,31001,807240000,Sevilla,Sevilla,ES,41020,807240000,,true,,,,,,,,,,,,
ES,122283732812,"10-Mar-2026 UTC",SHIPMENT,FALSE,406-1089154-0829935,"10-Mar-2026 UTC",107374761737302,107374761737302,B072M2Q172,FBA969056-40,1,"10-Mar-2026 UTC",0.2100,A_GEN_STANDARD,EUR,VAT,Taxable,,Seller,ShipTo,Country,SPAIN,75.49,13.10,62.39,0.00,0.00,0.00,0.00,0.00,0.00,0.00,0.00,0.00,0.00,0.00,0.00,0.00,0.00,0.00,ESB71337349,ES,,,,,,0.0000,,0.00,ES6000TS9FPVBS,"https://sellercentral.amazon.es/document/download?v=urn%3aalx%3adoc%3a9d8cab0f-1f96-4462-8642-ace99a371392%3a67293f6c-a752-450e-a3ca-32315aa69bbb&t=EU_Retail_Forward",false,Murcia,Murcia,ES,30156,807240000,"Castellon de la Plana","Castellon de la Plana",ES,12005,807240000,,true,,,,,,,,,,,,
ES,122283732812,"10-Mar-2026 UTC",SHIPMENT,FALSE,408-2508746-5657925,"11-Mar-2026 UTC",26091716367039,26091716367039,B0DWFTXLQD,169147-37,1,"10-Mar-2026 UTC",0.2100,A_GEN_STANDARD,EUR,VAT,Taxable,,Seller,ShipTo,Country,SPAIN,77.99,13.54,64.45,0.00,0.00,0.00,0.00,0.00,0.00,0.00,0.00,0.00,0.00,0.00,0.00,0.00,0.00,0.00,ESB71337349,ES,,,,,,0.0000,,0.00,ES6000TW9FPVBS,"https://sellercentral.amazon.es/document/download?v=urn%3aalx%3adoc%3a9d8cab0f-1f96-4462-8642-ace99a371392%3a4ca9a85c-9b8a-4448-b3e4-ba738ebcc309&t=EU_Retail_Forward",false,Pamplona,Navarra,ES,31001,807240000,"SANTA COLOMA DE GRAMENET",Barcelona,ES,08921,807240000,,true,,,,,,,,,,,,
ES,122283732812,"12-Mar-2026 UTC",SHIPMENT,FALSE,407-5507269-3796362,"12-Mar-2026 UTC",26102486752039,26102486752039,B0CH1387TF,673366-40,1,"12-Mar-2026 UTC",0.2100,A_GEN_STANDARD,EUR,VAT,Taxable,,Seller,ShipTo,Country,SPAIN,82.00,14.23,67.77,0.00,0.00,0.00,0.00,0.00,0.00,0.00,0.00,0.00,0.00,0.00,0.00,0.00,0.00,0.00,ESB71337349,ES,,,,,,0.0000,,0.00,ES6000UA9FPVBS,"https://sellercentral.amazon.es/document/download?v=urn%3aalx%3adoc%3a9d8cab0f-1f96-4462-8642-ace99a371392%3a005688d1-c77d-400d-84fd-c2d2b1f7a8b7&t=EU_Retail_Forward",false,Pamplona,Navarra,ES,31001,807240000,"L'Hospitalet de Llobregat",Barcelona,ES,08906,807240000,,true,,,,,,,,,,,,
ES,122283732812,"17-Mar-2026 UTC",SHIPMENT,FALSE,405-2191659-1855531,"17-Mar-2026 UTC",26120137445039,26120137445039,B0CYJ949WM,490637-42,1,"17-Mar-2026 UTC",0.2100,A_GEN_STANDARD,EUR,VAT,Taxable,,Seller,ShipTo,Country,SPAIN,91.37,15.86,75.51,0.00,0.00,0.00,0.00,0.00,0.00,0.00,0.00,0.00,0.00,0.00,0.00,0.00,0.00,0.00,ESB71337349,ES,,,,,,0.0000,,0.00,ES6000W89FPVBS,"https://sellercentral.amazon.es/document/download?v=urn%3aalx%3adoc%3a9d8cab0f-1f96-4462-8642-ace99a371392%3af85aa4e3-4ec9-4393-ac6f-6761f8738ced&t=EU_Retail_Forward",false,Pamplona,Navarra,ES,31001,807240000,Valencia,Valencia,ES,46021,807240000,,true,,,,,,,,,,,,
ES,122283732812,"16-Mar-2026 UTC",SHIPMENT,FALSE,403-5689349-6568349,"16-Mar-2026 UTC",26116755977039,26116755977039,B082MXGVY2,729421-40,1,"16-Mar-2026 UTC",0.2100,A_GEN_STANDARD,EUR,VAT,Taxable,,Seller,ShipTo,Country,SPAIN,49.89,8.66,41.23,0.00,0.00,0.00,0.00,0.00,0.00,0.00,0.00,0.00,0.00,0.00,0.00,0.00,0.00,0.00,ESB71337349,ES,,,,,,0.0000,,0.00,ES6000VJ9FPVBS,"https://sellercentral.amazon.es/document/download?v=urn%3aalx%3adoc%3a9d8cab0f-1f96-4462-8642-ace99a371392%3a2708aeb9-527c-4443-8318-b7cca22e009c&t=EU_Retail_Forward",false,Pamplona,Navarra,ES,31001,807240000,"Puerto Real",Cadiz,ES,11510,807240000,,true,,,,,,,,,,,,
ES,122283732812,"08-Mar-2026 UTC",SHIPMENT,FALSE,408-8259586-4125134,"09-Mar-2026 UTC",26084275810039,26084275810039,B0CVBDW77S,704667-40,1,"08-Mar-2026 UTC",0.2100,A_GEN_STANDARD,EUR,VAT,Taxable,,Seller,ShipTo,Country,SPAIN,77.41,13.43,63.98,0.00,0.00,0.00,0.00,0.00,0.00,0.00,0.00,0.00,0.00,0.00,0.00,0.00,0.00,0.00,ESB71337349,ES,,,,,,0.0000,,0.00,ES6000T99FPVBS,"https://sellercentral.amazon.es/document/download?v=urn%3aalx%3adoc%3a9d8cab0f-1f96-4462-8642-ace99a371392%3a2d1322d1-1418-41d2-b75a-3401fef4ce70&t=EU_Retail_Forward",false,Pamplona,Navarra,ES,31001,807240000,Madrid,Madrid,ES,28032,807240000,,true,,,,,,,,,,,,
ES,122283732812,"20-Mar-2026 UTC",SHIPMENT,FALSE,406-4062104-1634713,"20-Mar-2026 UTC",26131385755039,26131385755039,B0F636G2B5,611624-43,1,"20-Mar-2026 UTC",0.2100,A_GEN_STANDARD,EUR,VAT,Taxable,,Seller,ShipTo,Country,SPAIN,119.00,20.65,98.35,0.00,0.00,0.00,0.00,0.00,0.00,0.00,0.00,0.00,0.00,0.00,0.00,0.00,0.00,0.00,ESB71337349,ES,,,,,,0.0000,,0.00,ES6000X69FPVBS,"https://sellercentral.amazon.es/document/download?v=urn%3aalx%3adoc%3a9d8cab0f-1f96-4462-8642-ace99a371392%3a594a0705-fede-4668-939a-af55693c92cc&t=EU_Retail_Forward",false,Pamplona,Navarra,ES,31001,807240000,cuenca,,ES,16003,807240000,,true,,,,,,,,,,,,
ES,122283732812,"09-Mar-2026 UTC",SHIPMENT,FALSE,402-7228922-5490756,"09-Mar-2026 UTC",26085038643039,26085038643039,B00WILU4M8,168754-40,1,"09-Mar-2026 UTC",0.2100,A_GEN_STANDARD,EUR,VAT,Taxable,,Seller,ShipTo,Country,SPAIN,55.88,9.70,46.18,0.00,0.00,0.00,0.00,0.00,0.00,0.00,0.00,0.00,0.00,0.00,0.00,0.00,0.00,0.00,ESB71337349,ES,,,,,,0.0000,,0.00,ES6000TD9FPVBS,"https://sellercentral.amazon.es/document/download?v=urn%3aalx%3adoc%3a9d8cab0f-1f96-4462-8642-ace99a371392%3ad36965b5-d956-4f54-8371-a7134a8dea29&t=EU_Retail_Forward",false,Pamplona,Navarra,ES,31001,807240000,"San Leonardo de Yagüe",Soria,ES,42140,807240000,,true,,,,,,,,,,,,
ES,122283732812,"28-Feb-2026 UTC",SHIPMENT,FALSE,408-9112626-2023565,"01-Mar-2026 UTC",106954370583302,106954370583302,B0772R92YD,FBA738825-43,1,"01-Mar-2026 UTC",0.2100,A_GEN_STANDARD,EUR,VAT,Taxable,,Seller,ShipTo,Country,SPAIN,86.99,15.10,71.89,0.00,0.00,0.00,0.00,0.00,0.00,0.00,0.00,0.00,0.00,0.00,0.00,0.00,0.00,0.00,ESB71337349,ES,,,,,,0.0000,,0.00,ES6000PI9FPVBS,"https://sellercentral.amazon.es/document/download?v=urn%3aalx%3adoc%3a9d8cab0f-1f96-4462-8642-ace99a371392%3a9312d742-c5b6-4469-a777-cb235731b943&t=EU_Retail_Forward",false,Murcia,Murcia,ES,30156,807240000,Utrera,Sevilla,ES,41710,807240000,,true,,,,,,,,,,,,
ES,122283732812,"16-Mar-2026 UTC",SHIPMENT,FALSE,406-8295887-6524323,"16-Mar-2026 UTC",26116780023039,26116780023039,B0FGCZBXTH,470310-40,1,"16-Mar-2026 UTC",0.2100,A_GEN_STANDARD,EUR,VAT,Taxable,,Seller,ShipTo,Country,SPAIN,119.95,20.82,99.13,0.00,0.00,0.00,0.00,0.00,0.00,0.00,0.00,0.00,0.00,0.00,0.00,0.00,0.00,0.00,ESB71337349,ES,,,,,,0.0000,,0.00,ES6000VK9FPVBS,"https://sellercentral.amazon.es/document/download?v=urn%3aalx%3adoc%3a9d8cab0f-1f96-4462-8642-ace99a371392%3a43f9e403-16a4-4994-98c2-375bea8b51fd&t=EU_Retail_Forward",false,Pamplona,Navarra,ES,31001,807240000,Igualada,Barcelona,ES,08700,807240000,,true,,,,,,,,,,,,
ES,122283732812,"22-Mar-2026 UTC",SHIPMENT,FALSE,408-5210391-7957166,"23-Mar-2026 UTC",545587233006001,545587233006001,B071W6NT38,FBA047768-45,1,"23-Mar-2026 UTC",0.2100,A_GEN_STANDARD,EUR,VAT,Taxable,,Seller,ShipTo,Country,SPAIN,83.49,14.49,69.00,0.00,0.00,0.00,0.00,0.00,0.00,0.00,0.00,0.00,0.00,0.00,0.00,0.00,0.00,0.00,ESB71337349,ES,ESW0184081H,ES,VAT,,,0.0000,,0.00,N/A,N/A,false,Murcia,Murcia,ES,30156,807240000,Murcia,Murcia,ES,30156,807240000,,true,,,,,,,,,,,,
ES,122283732812,"14-Mar-2026 UTC",SHIPMENT,FALSE,406-1465246-7136314,"16-Mar-2026 UTC",26112473141039,26112473141039,B0DL11VB57,292541-38,1,"14-Mar-2026 UTC",0.2100,A_GEN_STANDARD,EUR,VAT,Taxable,,Seller,ShipTo,Country,SPAIN,79.82,13.85,65.97,0.00,0.00,0.00,0.00,0.00,0.00,0.00,0.00,0.00,0.00,0.00,0.00,0.00,0.00,0.00,ESB71337349,ES,,,,,,0.0000,,0.00,ES6000V59FPVBS,"https://sellercentral.amazon.es/document/download?v=urn%3aalx%3adoc%3a9d8cab0f-1f96-4462-8642-ace99a371392%3a216a7c14-4f00-4839-b9ba-eae748ca6b30&t=EU_Retail_Forward",false,Pamplona,Navarra,ES,31001,807240000,"San Juan de Aznalfarache",Sevilla,ES,41920,807240000,,true,,,,,,,,,,,,
ES,122283732812,"09-Mar-2026 UTC",SHIPMENT,FALSE,403-4827172-5631531,"09-Mar-2026 UTC",26086212640039,26086212640039,B07FZ11WDC,939229-40,1,"09-Mar-2026 UTC",0.2100,A_GEN_STANDARD,EUR,VAT,Taxable,,Seller,ShipTo,Country,SPAIN,79.80,13.85,65.95,0.00,0.00,0.00,0.00,0.00,0.00,0.00,0.00,0.00,0.00,0.00,0.00,0.00,0.00,0.00,ESB71337349,ES,,,,,,0.0000,,0.00,ES6000TG9FPVBS,"https://sellercentral.amazon.es/document/download?v=urn%3aalx%3adoc%3a9d8cab0f-1f96-4462-8642-ace99a371392%3ac241b870-2fab-4c63-9617-46f3c19ae8a8&t=EU_Retail_Forward",false,Pamplona,Navarra,ES,31001,807240000,Toledo,toledo,ES,45005,807240000,,true,,,,,,,,,,,,
ES,122283732812,"07-Mar-2026 UTC",SHIPMENT,FALSE,408-0305971-5845918,"09-Mar-2026 UTC",26079889860039,26079889860039,B08QMZYKGF,674821-40,1,"07-Mar-2026 UTC",0.2100,A_GEN_STANDARD,EUR,VAT,Taxable,,Seller,ShipTo,Country,SPAIN,57.89,10.05,47.84,0.00,0.00,0.00,0.00,0.00,0.00,0.00,0.00,0.00,0.00,0.00,0.00,0.00,0.00,0.00,ESB71337349,ES,,,,,,0.0000,,0.00,ES6000SW9FPVBS,"https://sellercentral.amazon.es/document/download?v=urn%3aalx%3adoc%3a9d8cab0f-1f96-4462-8642-ace99a371392%3aa18f01f0-2fa2-4fae-a5ab-62cdac343312&t=EU_Retail_Forward",false,Pamplona,Navarra,ES,31001,807240000,TERUEL,Teruel,ES,44002,807240000,,true,,,,,,,,,,,,
ES,122283732812,"06-Mar-2026 UTC",SHIPMENT,FALSE,171-3351663-5470740,"06-Mar-2026 UTC",107194178429302,107194178429302,B07DPX7BYZ,FBA633372-45,1,"06-Mar-2026 UTC",0.2100,A_GEN_STANDARD,EUR,VAT,Taxable,,Seller,ShipTo,Country,SPAIN,95.90,16.64,79.26,0.00,0.00,0.00,0.00,0.00,0.00,0.00,0.00,0.00,0.00,0.00,0.00,0.00,0.00,0.00,ESB71337349,ES,,,,,,0.0000,,0.00,ES6000SD9FPVBS,"https://sellercentral.amazon.es/document/download?v=urn%3aalx%3adoc%3a9d8cab0f-1f96-4462-8642-ace99a371392%3a1a254df6-8c27-475e-8c26-dd1cb7f61d09&t=EU_Retail_Forward",false,Murcia,Murcia,ES,30156,807240000,CARTAGENA,MURCIA,ES,30201,807240000,,true,,,,,,,,,,,,
ES,122283732812,"05-Mar-2026 UTC",SHIPMENT,FALSE,404-7064870-2968331,"05-Mar-2026 UTC",26072426607039,26072426607039,B002PAQKI4,238583-42,1,"05-Mar-2026 UTC",0.2100,A_GEN_STANDARD,EUR,VAT,Taxable,,Seller,ShipTo,Country,SPAIN,133.80,23.22,110.58,0.00,0.00,0.00,0.00,0.00,0.00,0.00,0.00,0.00,0.00,0.00,0.00,0.00,0.00,0.00,ESB71337349,ES,ESB61919700,ES,VAT,,,0.0000,,0.00,ES60000O9FPVBI,"https://sellercentral.amazon.es/document/download?v=urn%3aalx%3adoc%3a9d8cab0f-1f96-4462-8642-ace99a371392%3a0508b888-6778-4d85-8e81-ec3e0ab69e51&t=EU_Retail_Forward",false,Pamplona,Navarra,ES,31001,807240000,"Santa Perpètua de Mogoda",barcelona,ES,08130,807240000,,true,,,,,,,,,,,,
ES,122283732812,"13-Mar-2026 UTC",SHIPMENT,FALSE,403-2496939-6802738,"16-Mar-2026 UTC",26109402315039,26109402315039,B0CDCPQGH9,232146-41,1,"13-Mar-2026 UTC",0.2100,A_GEN_STANDARD,EUR,VAT,Taxable,,Seller,ShipTo,Country,SPAIN,109.05,18.93,90.12,0.00,0.00,0.00,0.00,0.00,0.00,0.00,0.00,0.00,0.00,0.00,0.00,0.00,0.00,0.00,ESB71337349,ES,,,,,,0.0000,,0.00,ES6000UX9FPVBS,"https://sellercentral.amazon.es/document/download?v=urn%3aalx%3adoc%3a9d8cab0f-1f96-4462-8642-ace99a371392%3ab162a826-aa21-42c4-852c-abd20c528355&t=EU_Retail_Forward",false,Pamplona,Navarra,ES,31001,807240000,Madrid,Madrid,ES,28036,807240000,,true,,,,,,,,,,,,
ES,122283732812,"06-Mar-2026 UTC",SHIPMENT,FALSE,171-0259585-0217938,"06-Mar-2026 UTC",26076159526039,26076159526039,B0CPJ9KX6L,521465-44,1,"06-Mar-2026 UTC",0.2100,A_GEN_STANDARD,EUR,VAT,Taxable,,Seller,ShipTo,Country,SPAIN,79.20,13.75,65.45,0.00,0.00,0.00,0.00,0.00,0.00,0.00,0.00,0.00,0.00,0.00,0.00,0.00,0.00,0.00,ESB71337349,ES,,,,,,0.0000,,0.00,ES6000SA9FPVBS,"https://sellercentral.amazon.es/document/download?v=urn%3aalx%3adoc%3a9d8cab0f-1f96-4462-8642-ace99a371392%3a778ee00b-0d55-4c56-953d-b32cf5cdf2c6&t=EU_Retail_Forward",false,Pamplona,Navarra,ES,31001,807240000,Caceres,Caceres,ES,10001,807240000,,true,,,,,,,,,,,,
ES,122283732812,"05-Mar-2026 UTC",SHIPMENT,FALSE,403-9097548-4195500,"05-Mar-2026 UTC",26072759382039,26072759382039,B072JGWYDH,173323-41,1,"05-Mar-2026 UTC",0.2100,A_GEN_STANDARD,EUR,VAT,Taxable,,Seller,ShipTo,Country,SPAIN,72.90,12.65,60.25,0.00,0.00,0.00,0.00,0.00,0.00,0.00,0.00,0.00,0.00,0.00,0.00,0.00,0.00,0.00,ESB71337349,ES,,,,,,0.0000,,0.00,ES6000RZ9FPVBS,"https://sellercentral.amazon.es/document/download?v=urn%3aalx%3adoc%3a9d8cab0f-1f96-4462-8642-ace99a371392%3a69711f26-b100-484a-8588-0c6aa0bf81a2&t=EU_Retail_Forward",false,Pamplona,Navarra,ES,31001,807240000,Sevilla,Sevilla,ES,41015,807240000,,true,,,,,,,,,,,,
ES,122283732812,"06-Mar-2026 UTC",SHIPMENT,FALSE,405-6352144-7407546,"06-Mar-2026 UTC",26075418152039,26075418152039,B01BVUTDKA,031950-45,1,"06-Mar-2026 UTC",0.2100,A_GEN_STANDARD,EUR,VAT,Taxable,,Seller,ShipTo,Country,SPAIN,57.80,10.03,47.77,0.00,0.00,0.00,0.00,0.00,0.00,0.00,0.00,0.00,0.00,0.00,0.00,0.00,0.00,0.00,ESB71337349,ES,,,,,,0.0000,,0.00,ES6000S89FPVBS,"https://sellercentral.amazon.es/document/download?v=urn%3aalx%3adoc%3a9d8cab0f-1f96-4462-8642-ace99a371392%3aa6aab8f1-d07d-495a-8941-4405b696f7aa&t=EU_Retail_Forward",false,Pamplona,Navarra,ES,31001,807240000,Illescas,Toledo,ES,45200,807240000,,true,,,,,,,,,,,,
ES,122283732812,"03-Mar-2026 UTC",SHIPMENT,FALSE,171-8015772-5397923,"04-Mar-2026 UTC",26067626529039,26067626529039,B072M2Q16W,606389-41,1,"03-Mar-2026 UTC",0.2100,A_GEN_STANDARD,EUR,VAT,Taxable,,Seller,ShipTo,Country,SPAIN,72.99,12.67,60.32,0.00,0.00,0.00,0.00,0.00,0.00,0.00,0.00,0.00,0.00,0.00,0.00,0.00,0.00,0.00,ESB71337349,ES,,,,,,0.0000,,0.00,ES6000RB9FPVBS,"https://sellercentral.amazon.es/document/download?v=urn%3aalx%3adoc%3a9d8cab0f-1f96-4462-8642-ace99a371392%3a1c248309-5118-45db-a515-ff2bbd97fc4e&t=EU_Retail_Forward",false,Pamplona,Navarra,ES,31001,807240000,Madrid,Madrid,ES,28033,807240000,,true,,,,,,,,,,,,
ES,122283732812,"16-Mar-2026 UTC",SHIPMENT,FALSE,402-4489232-4689165,"17-Mar-2026 UTC",26119368482039,26119368482039,B019QVYR9S,408076-42,1,"16-Mar-2026 UTC",0.2100,A_GEN_STANDARD,EUR,VAT,Taxable,,Seller,ShipTo,Country,SPAIN,55.35,9.61,45.74,0.00,0.00,0.00,0.00,0.00,0.00,0.00,0.00,0.00,0.00,0.00,0.00,0.00,0.00,0.00,ESB71337349,ES,,,,,,0.0000,,0.00,ES6000W19FPVBS,"https://sellercentral.amazon.es/document/download?v=urn%3aalx%3adoc%3a9d8cab0f-1f96-4462-8642-ace99a371392%3a7bfd026d-4045-427d-83bf-3439c503ba37&t=EU_Retail_Forward",false,Pamplona,Navarra,ES,31001,807240000,GIJON,Asturias,ES,33208,807240000,,true,,,,,,,,,,,,
ES,122283732812,"26-Mar-2026 UTC",SHIPMENT,FALSE,406-8339183-0455558,"27-Mar-2026 UTC",26151954549039,26151954549039,B0CPJ9KX6L,521465-44,1,"26-Mar-2026 UTC",0.2100,A_GEN_STANDARD,EUR,VAT,Taxable,,Seller,ShipTo,Country,SPAIN,83.20,14.44,68.76,0.00,0.00,0.00,0.00,0.00,0.00,0.00,0.00,0.00,0.00,0.00,0.00,0.00,0.00,0.00,ESB71337349,ES,,,,,,0.0000,,0.00,ES6000ZP9FPVBS,"https://sellercentral.amazon.es/document/download?v=urn%3aalx%3adoc%3a9d8cab0f-1f96-4462-8642-ace99a371392%3a5d7d7b67-85c4-47ad-8ad1-5c96b4705739&t=EU_Retail_Forward",false,Pamplona,Navarra,ES,31001,807240000,Huelva,Andalucía,ES,21006,807240000,,true,,,,,,,,,,,,
ES,122283732812,"12-Mar-2026 UTC",SHIPMENT,FALSE,406-2148118-7405130,"12-Mar-2026 UTC",26105656333039,26105656333039,B0F2GLCKKS,183342-40,1,"12-Mar-2026 UTC",0.2100,A_GEN_STANDARD,EUR,VAT,Taxable,,Seller,ShipTo,Country,SPAIN,75.99,13.19,62.80,0.00,0.00,0.00,0.00,0.00,0.00,0.00,0.00,0.00,0.00,0.00,0.00,0.00,0.00,0.00,ESB71337349,ES,,,,,,0.0000,,0.00,ES6000UC9FPVBS,"https://sellercentral.amazon.es/document/download?v=urn%3aalx%3adoc%3a9d8cab0f-1f96-4462-8642-ace99a371392%3a4e020a03-362e-4e35-b6bb-a093027e3fa5&t=EU_Retail_Forward",false,Pamplona,Navarra,ES,31001,807240000,LEON,LEON,ES,24009,807240000,,true,,,,,,,,,,,,
ES,122283732812,"03-Mar-2026 UTC",SHIPMENT,FALSE,171-6885664-9842723,"03-Mar-2026 UTC",26066191259039,26066191259039,B0CVYK38QG,985720-37,1,"03-Mar-2026 UTC",0.2100,A_GEN_STANDARD,EUR,VAT,Taxable,,Seller,ShipTo,Country,SPAIN,54.99,9.54,45.45,0.00,0.00,0.00,0.00,0.00,0.00,0.00,0.00,0.00,0.00,0.00,0.00,0.00,0.00,0.00,ESB71337349,ES,,,,,,0.0000,,0.00,ES6000QX9FPVBS,"https://sellercentral.amazon.es/document/download?v=urn%3aalx%3adoc%3a9d8cab0f-1f96-4462-8642-ace99a371392%3a04c4650f-e9bd-4db6-9dae-ce7a02367cbd&t=EU_Retail_Forward",false,Pamplona,Navarra,ES,31001,807240000,Lanjarón,Granada,ES,18420,807240000,,true,,,,,,,,,,,,
ES,122283732812,"13-Mar-2026 UTC",SHIPMENT,FALSE,403-8375119-0344312,"13-Mar-2026 UTC",26108112961039,26108112961039,B0CQBP7Z6T,513627-45,1,"13-Mar-2026 UTC",0.2100,A_GEN_STANDARD,EUR,VAT,Taxable,,Seller,ShipTo,Country,SPAIN,92.34,16.03,76.31,0.00,0.00,0.00,0.00,0.00,0.00,0.00,0.00,0.00,0.00,0.00,0.00,0.00,0.00,0.00,ESB71337349,ES,,,,,,0.0000,,0.00,ES6000UL9FPVBS,"https://sellercentral.amazon.es/document/download?v=urn%3aalx%3adoc%3a9d8cab0f-1f96-4462-8642-ace99a371392%3ac4516eb6-ae6e-4de1-8070-edce1b711af4&t=EU_Retail_Forward",false,Pamplona,Navarra,ES,31001,807240000,SEVILLA,,ES,41010,807240000,,true,,,,,,,,,,,,
ES,122283732812,"21-Mar-2026 UTC",SHIPMENT,FALSE,403-2471555-2080328,"24-Mar-2026 UTC",107894672087302,107894672087302,B07DPSG55B,FBA747828-36,1,"23-Mar-2026 UTC",0.2100,A_GEN_STANDARD,EUR,VAT,Taxable,,Seller,ShipTo,Country,SPAIN,80.00,13.88,66.12,0.00,0.00,0.00,0.00,0.00,0.00,0.00,0.00,0.00,0.00,0.00,0.00,0.00,0.00,0.00,ESB71337349,ES,,,,,,0.0000,,0.00,ES6000YR9FPVBS,"https://sellercentral.amazon.es/document/download?v=urn%3aalx%3adoc%3a9d8cab0f-1f96-4462-8642-ace99a371392%3a3817c610-58e9-4663-a093-08030aef01c9&t=EU_Retail_Forward",false,Murcia,Murcia,ES,30156,807240000,ALAQUAS,VALENCIA,ES,46970,807240000,,true,,,,,,,,,,,,
ES,122283732812,"04-Mar-2026 UTC",SHIPMENT,FALSE,408-4286079-7364357,"05-Mar-2026 UTC",535993361318001,535993361318001,B07DPXD13S,FBA747828-38,1,"05-Mar-2026 UTC",0.2100,A_GEN_STANDARD,EUR,VAT,Taxable,,Seller,ShipTo,Country,SPAIN,83.90,14.56,69.34,0.00,0.00,0.00,0.00,0.00,0.00,0.00,0.00,0.00,0.00,0.00,0.00,0.00,0.00,0.00,ESB71337349,ES,ESW0184081H,ES,VAT,,,0.0000,,0.00,N/A,N/A,false,Murcia,Murcia,ES,30156,807240000,Murcia,Murcia,ES,30156,807240000,,true,,,,,,,,,,,,
ES,122283732812,"03-Mar-2026 UTC",SHIPMENT,FALSE,405-5858319-3758747,"03-Mar-2026 UTC",26066304164039,26066304164039,B0CH13WBB6,673366-39,1,"03-Mar-2026 UTC",0.2100,A_GEN_STANDARD,EUR,VAT,Taxable,,Seller,ShipTo,Country,SPAIN,83.58,14.51,69.07,0.00,0.00,0.00,0.00,0.00,0.00,0.00,0.00,0.00,0.00,0.00,0.00,0.00,0.00,0.00,ESB71337349,ES,,,,,,0.0000,,0.00,ES6000QY9FPVBS,"https://sellercentral.amazon.es/document/download?v=urn%3aalx%3adoc%3a9d8cab0f-1f96-4462-8642-ace99a371392%3a59cebd14-cee5-481a-8d6d-cd9836ae043b&t=EU_Retail_Forward",false,Pamplona,Navarra,ES,31001,807240000,Murcia,Murcia,ES,30005,807240000,,true,,,,,,,,,,,,
ES,122283732812,"06-Mar-2026 UTC",SHIPMENT,FALSE,408-1230289-3890717,"07-Mar-2026 UTC",535991255901001,535991255901001,B072JGYSFW,FBA377785-45,1,"07-Mar-2026 UTC",0.2100,A_GEN_STANDARD,EUR,VAT,Taxable,,Seller,ShipTo,Country,SPAIN,83.49,14.49,69.00,0.00,0.00,0.00,0.00,0.00,0.00,0.00,0.00,0.00,0.00,0.00,0.00,0.00,0.00,0.00,ESB71337349,ES,ESW0184081H,ES,VAT,,,0.0000,,0.00,N/A,N/A,false,Illescas,Illescas,ES,45200,807240000,Illescas,Illescas,ES,45200,807240000,,true,,,,,,,,,,,,
ES,122283732812,"03-Mar-2026 UTC",SHIPMENT,FALSE,407-3663777-2582758,"03-Mar-2026 UTC",26066389752039,26066389752039,B078RRCWFR,904137-41,1,"03-Mar-2026 UTC",0.2100,A_GEN_STANDARD,EUR,VAT,Taxable,,Seller,ShipTo,Country,SPAIN,157.95,27.41,130.54,0.00,0.00,0.00,0.00,0.00,0.00,0.00,0.00,0.00,0.00,0.00,0.00,0.00,0.00,0.00,ESB71337349,ES,,,,,,0.0000,,0.00,ES6000R09FPVBS,"https://sellercentral.amazon.es/document/download?v=urn%3aalx%3adoc%3a9d8cab0f-1f96-4462-8642-ace99a371392%3aee4e9b27-cc96-4e7e-803a-67fd6e09f1af&t=EU_Retail_Forward",false,Pamplona,Navarra,ES,31001,807240000,"Matilla la Seca",Zamora,ES,49590,807240000,,true,,,,,,,,,,,,
ES,122283732812,"09-Mar-2026 UTC",SHIPMENT,FALSE,171-4437835-1177941,"10-Mar-2026 UTC",107310240111302,107310240111302,B072M2Q16S,FBA047768-43,1,"10-Mar-2026 UTC",0.2100,A_GEN_STANDARD,EUR,VAT,Taxable,,Seller,ShipTo,Country,SPAIN,82.50,14.32,68.18,0.00,0.00,0.00,0.00,0.00,0.00,0.00,0.00,0.00,0.00,0.00,0.00,0.00,0.00,0.00,ESB71337349,ES,,,,,,0.0000,,0.00,ES6000TR9FPVBS,"https://sellercentral.amazon.es/document/download?v=urn%3aalx%3adoc%3a9d8cab0f-1f96-4462-8642-ace99a371392%3a40895c84-da4d-469d-a5f7-97005b0b0544&t=EU_Retail_Forward",false,Illescas,Illescas,ES,45200,807240000,Getafe,Madrid,ES,28903,807240000,,true,,,,,,,,,,,,
ES,122283732812,"21-Mar-2026 UTC",SHIPMENT,FALSE,405-9480064-0927507,"21-Mar-2026 UTC",26134104042039,26134104042039,B082MWZTSB,729421-37,1,"21-Mar-2026 UTC",0.2100,A_GEN_STANDARD,EUR,VAT,Taxable,,Seller,ShipTo,Country,SPAIN,51.90,9.01,42.89,0.00,0.00,0.00,0.00,0.00,0.00,0.00,0.00,0.00,0.00,0.00,0.00,0.00,0.00,0.00,ESB71337349,ES,,,,,,0.0000,,0.00,ES6000XM9FPVBS,"https://sellercentral.amazon.es/document/download?v=urn%3aalx%3adoc%3a9d8cab0f-1f96-4462-8642-ace99a371392%3acf42a223-f33b-4c3c-9879-ee9aeaeafde8&t=EU_Retail_Forward",false,Pamplona,Navarra,ES,31001,807240000,"Cala Ratjada","Balears (illes)",ES,07590,807240000,,true,,,,,,,,,,,,
ES,122283732812,"06-Mar-2026 UTC",SHIPMENT,FALSE,403-1738105-3348343,"07-Mar-2026 UTC",107212082471302,107212082471302,B07DPPLZRC,FBA554862-41,1,"06-Mar-2026 UTC",0.2100,A_GEN_STANDARD,EUR,VAT,Taxable,,Seller,ShipTo,Country,SPAIN,78.85,13.68,65.17,0.00,0.00,0.00,0.00,0.00,0.00,0.00,0.00,0.00,0.00,0.00,0.00,0.00,0.00,0.00,ESB71337349,ES,,,,,,0.0000,,0.00,ES6000SF9FPVBS,"https://sellercentral.amazon.es/document/download?v=urn%3aalx%3adoc%3a9d8cab0f-1f96-4462-8642-ace99a371392%3a0986d25b-6e81-4918-97ee-e80d34824277&t=EU_Retail_Forward",false,Murcia,Murcia,ES,30156,807240000,Madrid,Madrid,ES,28051,807240000,,true,,,,,,,,,,,,
ES,122283732812,"04-Mar-2026 UTC",SHIPMENT,FALSE,402-0641044-9867554,"04-Mar-2026 UTC",107116604546302,107116604546302,B071J8J669,FBA047768-41,1,"04-Mar-2026 UTC",0.2100,A_GEN_STANDARD,EUR,VAT,Taxable,,Seller,ShipTo,Country,SPAIN,83.49,14.49,69.00,0.00,0.00,0.00,0.00,0.00,0.00,0.00,0.00,0.00,0.00,0.00,0.00,0.00,0.00,0.00,ESB71337349,ES,,,,,,0.0000,,0.00,ES6000RP9FPVBS,"https://sellercentral.amazon.es/document/download?v=urn%3aalx%3adoc%3a9d8cab0f-1f96-4462-8642-ace99a371392%3acca9d1b4-ff96-412c-b79b-acd3fd005774&t=EU_Retail_Forward",false,Illescas,Illescas,ES,45200,807240000,SALAMANCA,SALAMANCA,ES,37002,807240000,,true,,,,,,,,,,,,
ES,122283732812,"23-Mar-2026 UTC",SHIPMENT,FALSE,407-8190334-1961954,"23-Mar-2026 UTC",107920960551302,107920960551302,B0772XFRHR,FBA633372-42,1,"23-Mar-2026 UTC",0.2100,A_GEN_STANDARD,EUR,VAT,Taxable,,Seller,ShipTo,Country,SPAIN,89.60,15.55,74.05,0.00,0.00,0.00,0.00,0.00,0.00,0.00,0.00,0.00,0.00,0.00,0.00,0.00,0.00,0.00,ESB71337349,ES,,,,,,0.0000,,0.00,ES6000YI9FPVBS,"https://sellercentral.amazon.es/document/download?v=urn%3aalx%3adoc%3a9d8cab0f-1f96-4462-8642-ace99a371392%3a1a06c568-3adf-4495-b606-e3c3eacfd39c&t=EU_Retail_Forward",false,Murcia,Murcia,ES,30156,807240000,Olivares,Pueblo,ES,41804,807240000,,true,,,,,,,,,,,,
ES,122283732812,"20-Mar-2026 UTC",SHIPMENT,FALSE,405-9149335-0011530,"21-Mar-2026 UTC",26132990201039,26132990201039,B0CK57T282,051043-36,1,"21-Mar-2026 UTC",0.2100,A_GEN_STANDARD,EUR,VAT,Taxable,,Seller,ShipTo,Country,SPAIN,64.80,11.25,53.55,0.00,0.00,0.00,0.00,0.00,0.00,0.00,0.00,0.00,0.00,0.00,0.00,0.00,0.00,0.00,ESB71337349,ES,,,,,,0.0000,,0.00,ES6000XH9FPVBS,"https://sellercentral.amazon.es/document/download?v=urn%3aalx%3adoc%3a9d8cab0f-1f96-4462-8642-ace99a371392%3a7e9a9ac3-7e45-4fc1-9ae2-b7b75855dee7&t=EU_Retail_Forward",false,Pamplona,Navarra,ES,31001,807240000,Aracena,Huel,ES,21200,807240000,,true,,,,,,,,,,,,
ES,122283732812,"12-Mar-2026 UTC",SHIPMENT,FALSE,407-8570106-9647562,"12-Mar-2026 UTC",26105003714039,26105003714039,B08RWQ9RCH,488199-44,1,"12-Mar-2026 UTC",0.2100,A_GEN_STANDARD,EUR,VAT,Taxable,,Seller,ShipTo,Country,SPAIN,102.62,17.81,84.81,0.00,0.00,0.00,0.00,0.00,0.00,0.00,0.00,0.00,0.00,0.00,0.00,0.00,0.00,0.00,ESB71337349,ES,,,,,,0.0000,,0.00,ES6000U79FPVBS,"https://sellercentral.amazon.es/document/download?v=urn%3aalx%3adoc%3a9d8cab0f-1f96-4462-8642-ace99a371392%3a1c3f5dc7-1cad-4525-815f-f71a13b4d9c0&t=EU_Retail_Forward",false,Pamplona,Navarra,ES,31001,807240000,"Las Maravillas",Mallorca,ES,07610,807240000,,true,,,,,,,,,,,,
ES,122283732812,"03-Mar-2026 UTC",SHIPMENT,FALSE,402-4212805-0265924,"03-Mar-2026 UTC",26066612295039,26066612295039,B073CZHBWH,629033-44,1,"03-Mar-2026 UTC",0.2100,A_GEN_STANDARD,EUR,VAT,Taxable,,Seller,ShipTo,Country,SPAIN,72.49,12.58,59.91,0.00,0.00,0.00,0.00,0.00,0.00,0.00,0.00,0.00,0.00,0.00,0.00,0.00,0.00,0.00,ESB71337349,ES,,,,,,0.0000,,0.00,ES6000QZ9FPVBS,"https://sellercentral.amazon.es/document/download?v=urn%3aalx%3adoc%3a9d8cab0f-1f96-4462-8642-ace99a371392%3a13973854-f45d-4a85-a6c5-7bb883cf2b6f&t=EU_Retail_Forward",false,Pamplona,Navarra,ES,31001,807240000,HELLIN,ALBACETE,ES,02400,807240000,,true,,,,,,,,,,,,
ES,122283732812,"06-Mar-2026 UTC",SHIPMENT,FALSE,407-4872970-8235532,"06-Mar-2026 UTC",26075495622039,26075495622039,B01M4R05Q9,189768-44,1,"06-Mar-2026 UTC",0.2100,A_GEN_STANDARD,EUR,VAT,Taxable,,Seller,ShipTo,Country,SPAIN,56.23,9.76,46.47,0.00,0.00,0.00,0.00,0.00,0.00,0.00,0.00,0.00,0.00,0.00,0.00,0.00,0.00,0.00,ESB71337349,ES,,,,,,0.0000,,0.00,ES6000S99FPVBS,"https://sellercentral.amazon.es/document/download?v=urn%3aalx%3adoc%3a9d8cab0f-1f96-4462-8642-ace99a371392%3a28a632aa-d2c3-485c-b694-9ab4d1baaf3f&t=EU_Retail_Forward",false,Pamplona,Navarra,ES,31001,807240000,Rubí,Barcelona,ES,08191,807240000,,true,,,,,,,,,,,,
ES,122283732812,"20-Mar-2026 UTC",SHIPMENT,FALSE,405-8761722-8097957,"20-Mar-2026 UTC",26131332811039,26131332811039,B002PAQKI4,238583-42,1,"20-Mar-2026 UTC",0.2100,A_GEN_STANDARD,EUR,VAT,Taxable,,Seller,ShipTo,Country,SPAIN,133.80,23.22,110.58,0.00,0.00,0.00,0.00,0.00,0.00,0.00,0.00,0.00,0.00,0.00,0.00,0.00,0.00,0.00,ESB71337349,ES,,,,,,0.0000,,0.00,ES6000X79FPVBS,"https://sellercentral.amazon.es/document/download?v=urn%3aalx%3adoc%3a9d8cab0f-1f96-4462-8642-ace99a371392%3a0780d22b-8498-4dca-b45d-c6dbf11255c9&t=EU_Retail_Forward",false,Pamplona,Navarra,ES,31001,807240000,elda,alicante,ES,03600,807240000,,true,,,,,,,,,,,,
ES,122283732812,"05-Mar-2026 UTC",SHIPMENT,FALSE,171-5122001-8849948,"05-Mar-2026 UTC",26072119608039,26072119608039,B082MWZTSB,729421-37,1,"05-Mar-2026 UTC",0.2100,A_GEN_STANDARD,EUR,VAT,Taxable,,Seller,ShipTo,Country,SPAIN,51.90,9.01,42.89,0.00,0.00,0.00,0.00,0.00,0.00,0.00,0.00,0.00,0.00,0.00,0.00,0.00,0.00,0.00,ESB71337349,ES,,,,,,0.0000,,0.00,ES6000RW9FPVBS,"https://sellercentral.amazon.es/document/download?v=urn%3aalx%3adoc%3a9d8cab0f-1f96-4462-8642-ace99a371392%3ab18018e3-f0a8-40a1-95a4-b9e3f5e1845b&t=EU_Retail_Forward",false,Pamplona,Navarra,ES,31001,807240000,Bunyola,BALEARES,ES,07193,807240000,,true,,,,,,,,,,,,
ES,122283732812,"28-Feb-2026 UTC",SHIPMENT,FALSE,171-1751891-6633936,"02-Mar-2026 UTC",26054203611039,26054203611039,B07XKBB6JZ,812398-40,1,"28-Feb-2026 UTC",0.2100,A_GEN_STANDARD,EUR,VAT,Taxable,,Seller,ShipTo,Country,SPAIN,44.31,7.69,36.62,0.00,0.00,0.00,0.00,0.00,0.00,0.00,0.00,0.00,0.00,0.00,0.00,0.00,0.00,0.00,ESB71337349,ES,,,,,,0.0000,,0.00,ES6000PZ9FPVBS,"https://sellercentral.amazon.es/document/download?v=urn%3aalx%3adoc%3a9d8cab0f-1f96-4462-8642-ace99a371392%3a802c858f-09e3-403d-bff0-d5d810030a3c&t=EU_Retail_Forward",false,Pamplona,Navarra,ES,31001,807240000,Barakaldo,Bizkaia,ES,48903,807240000,,true,,,,,,,,,,,,
ES,122283732812,"15-Mar-2026 UTC",SHIPMENT,FALSE,403-1312956-0565117,"15-Mar-2026 UTC",107571864809302,107571864809302,B0772R92YC,FBA738825-41,1,"15-Mar-2026 UTC",0.2100,A_GEN_STANDARD,EUR,VAT,Taxable,,Seller,ShipTo,Country,SPAIN,86.49,15.01,71.48,0.00,0.00,0.00,0.00,0.00,0.00,0.00,0.00,0.00,0.00,0.00,0.00,0.00,0.00,0.00,ESB71337349,ES,,,,,,0.0000,,0.00,ES6000UU9FPVBS,"https://sellercentral.amazon.es/document/download?v=urn%3aalx%3adoc%3a9d8cab0f-1f96-4462-8642-ace99a371392%3a24291dd4-87e3-45bc-88bb-b663b97e893c&t=EU_Retail_Forward",false,Illescas,Illescas,ES,45200,807240000,"JEREZ DE LA FRONTERA",ESPAÑA,ES,11405,807240000,,true,,,,,,,,,,,,
ES,122283732812,"03-Mar-2026 UTC",SHIPMENT,FALSE,404-5053491-3225962,"03-Mar-2026 UTC",107086111478302,107086111478302,B071J8J669,FBA047768-41,1,"03-Mar-2026 UTC",0.2100,A_GEN_STANDARD,EUR,VAT,Taxable,,Seller,ShipTo,Country,SPAIN,83.49,14.49,69.00,0.00,0.00,0.00,0.00,0.00,0.00,0.00,0.00,0.00,0.00,0.00,0.00,0.00,0.00,0.00,ESB71337349,ES,,,,,,0.0000,,0.00,ES6000R49FPVBS,"https://sellercentral.amazon.es/document/download?v=urn%3aalx%3adoc%3a9d8cab0f-1f96-4462-8642-ace99a371392%3a7dbdaf4a-b167-48d9-9841-00decf6b0cc1&t=EU_Retail_Forward",false,Murcia,Murcia,ES,30156,807240000,Calafell-Park,Tarragona,ES,43820,807240000,,true,,,,,,,,,,,,
ES,122283732812,"10-Mar-2026 UTC",SHIPMENT,FALSE,406-8452089-0069139,"10-Mar-2026 UTC",26089856126039,26089856126039,B0CF9Y4DQJ,014726-39,1,"10-Mar-2026 UTC",0.2100,A_GEN_STANDARD,EUR,VAT,Taxable,,Seller,ShipTo,Country,SPAIN,76.79,13.33,63.46,0.00,0.00,0.00,0.00,0.00,0.00,0.00,0.00,0.00,0.00,0.00,0.00,0.00,0.00,0.00,ESB71337349,ES,,,,,,0.0000,,0.00,ES6000TP9FPVBS,"https://sellercentral.amazon.es/document/download?v=urn%3aalx%3adoc%3a9d8cab0f-1f96-4462-8642-ace99a371392%3a3c8ab220-141a-4428-928a-0b8720a7790b&t=EU_Retail_Forward",false,Pamplona,Navarra,ES,31001,807240000,"Puente Botero",Murcia,ES,30813,807240000,,true,,,,,,,,,,,,
ES,122283732812,"20-Mar-2026 UTC",SHIPMENT,FALSE,403-7897689-9182704,"21-Mar-2026 UTC",26131747327039,26131747327039,B0FNDV5FP6,033834-40,1,"20-Mar-2026 UTC",0.2100,A_GEN_STANDARD,EUR,VAT,Taxable,,Seller,ShipTo,Country,SPAIN,86.80,15.06,71.74,0.00,0.00,0.00,0.00,0.00,0.00,0.00,0.00,0.00,0.00,0.00,0.00,0.00,0.00,0.00,ESB71337349,ES,,,,,,0.0000,,0.00,ES6000XE9FPVBS,"https://sellercentral.amazon.es/document/download?v=urn%3aalx%3adoc%3a9d8cab0f-1f96-4462-8642-ace99a371392%3a64168d3b-cea7-43f3-b472-9a1ced2e3ecb&t=EU_Retail_Forward",false,Pamplona,Navarra,ES,31001,807240000,Valencia,Valencia,ES,46015,807240000,,true,,,,,,,,,,,,
ES,122283732812,"21-Mar-2026 UTC",SHIPMENT,FALSE,407-5881598-3511520,"21-Mar-2026 UTC",26134444167039,26134444167039,B0FGCZW7PL,470310-39,1,"21-Mar-2026 UTC",0.2100,A_GEN_STANDARD,EUR,VAT,Taxable,,Seller,ShipTo,Country,SPAIN,119.95,20.82,99.13,0.00,0.00,0.00,0.00,0.00,0.00,0.00,0.00,0.00,0.00,0.00,0.00,0.00,0.00,0.00,ESB71337349,ES,,,,,,0.0000,,0.00,ES6000XN9FPVBS,"https://sellercentral.amazon.es/document/download?v=urn%3aalx%3adoc%3a9d8cab0f-1f96-4462-8642-ace99a371392%3afd2618cb-fded-4601-8321-c089797b52ff&t=EU_Retail_Forward",false,Pamplona,Navarra,ES,31001,807240000,"El Prat de Llobregat",BARCELONA,ES,08820,807240000,,true,,,,,,,,,,,,
ES,122283732812,"16-Mar-2026 UTC",SHIPMENT,FALSE,405-3011905-3993166,"17-Mar-2026 UTC",107657196691302,107657196691302,B071W6NT3F,FBA969056-42,1,"16-Mar-2026 UTC",0.2100,A_GEN_STANDARD,EUR,VAT,Taxable,,Seller,ShipTo,Country,SPAIN,75.49,13.10,62.39,0.00,0.00,0.00,0.00,0.00,0.00,0.00,0.00,0.00,0.00,0.00,0.00,0.00,0.00,0.00,ESB71337349,ES,,,,,,0.0000,,0.00,ES6000VV9FPVBS,"https://sellercentral.amazon.es/document/download?v=urn%3aalx%3adoc%3a9d8cab0f-1f96-4462-8642-ace99a371392%3a8a71c27d-6937-43e8-8d59-755d9588f4d3&t=EU_Retail_Forward",false,Murcia,Murcia,ES,30156,807240000,ORIHUELA,ALACANT/ALICANTE,ES,03300,807240000,,true,,,,,,,,,,,,
ES,122283732812,"04-Mar-2026 UTC",SHIPMENT,FALSE,406-2840461-2805959,"04-Mar-2026 UTC",26069684820039,26069684820039,B0CG4Q1Z4J,298310-37,1,"04-Mar-2026 UTC",0.2100,A_GEN_STANDARD,EUR,VAT,Taxable,,Seller,ShipTo,Country,SPAIN,69.79,12.11,57.68,0.00,0.00,0.00,0.00,0.00,0.00,0.00,0.00,0.00,0.00,0.00,0.00,0.00,0.00,0.00,ESB71337349,ES,,,,,,0.0000,,0.00,ES6000RN9FPVBS,"https://sellercentral.amazon.es/document/download?v=urn%3aalx%3adoc%3a9d8cab0f-1f96-4462-8642-ace99a371392%3ad82a21c2-85a7-475f-8c0b-41515f8e9aee&t=EU_Retail_Forward",false,Pamplona,Navarra,ES,31001,807240000,Cabra,Cordoba,ES,14940,807240000,,true,,,,,,,,,,,,
ES,122283732812,"19-Mar-2026 UTC",SHIPMENT,FALSE,408-8959433-2130752,"20-Mar-2026 UTC",541796380098001,541796380098001,B071W6NT3F,FBA969056-42,1,"20-Mar-2026 UTC",0.2100,A_GEN_STANDARD,EUR,VAT,Taxable,,Seller,ShipTo,Country,SPAIN,75.49,13.10,62.39,0.00,0.00,0.00,0.00,0.00,0.00,0.00,0.00,0.00,0.00,0.00,0.00,0.00,0.00,0.00,ESB71337349,ES,ESW0184081H,ES,VAT,,,0.0000,,0.00,N/A,N/A,false,Murcia,Murcia,ES,30156,807240000,Murcia,Murcia,ES,30156,807240000,,true,,,,,,,,,,,,
ES,122283732812,"04-Mar-2026 UTC",SHIPMENT,FALSE,405-4680887-8753918,"04-Mar-2026 UTC",26069413238039,26069413238039,B0BB2LSXQM,918781-42,1,"04-Mar-2026 UTC",0.2100,A_GEN_STANDARD,EUR,VAT,Taxable,,Seller,ShipTo,Country,SPAIN,94.66,16.43,78.23,0.00,0.00,0.00,0.00,0.00,0.00,0.00,0.00,0.00,0.00,0.00,0.00,0.00,0.00,0.00,ESB71337349,ES,,,,,,0.0000,,0.00,ES6000RO9FPVBS,"https://sellercentral.amazon.es/document/download?v=urn%3aalx%3adoc%3a9d8cab0f-1f96-4462-8642-ace99a371392%3ace4f3aac-a1fe-4340-bf1c-4f0b1f89b52d&t=EU_Retail_Forward",false,Pamplona,Navarra,ES,31001,807240000,"Don Benito",Badajoz,ES,06400,807240000,,true,,,,,,,,,,,,
ES,122283732812,"16-Mar-2026 UTC",SHIPMENT,FALSE,403-5725583-5025130,"17-Mar-2026 UTC",26118760199039,26118760199039,B08QMRMWPC,909559-40,1,"16-Mar-2026 UTC",0.2100,A_GEN_STANDARD,EUR,VAT,Taxable,,Seller,ShipTo,Country,SPAIN,66.83,11.60,55.23,0.00,0.00,0.00,0.00,0.00,0.00,0.00,0.00,0.00,0.00,0.00,0.00,0.00,0.00,0.00,ESB71337349,ES,,,,,,0.0000,,0.00,ES6000VW9FPVBS,"https://sellercentral.amazon.es/document/download?v=urn%3aalx%3adoc%3a9d8cab0f-1f96-4462-8642-ace99a371392%3aac03480f-d372-4bf1-847e-332b73a635b8&t=EU_Retail_Forward",false,Pamplona,Navarra,ES,31001,807240000,MÁLAGA,,ES,29590,807240000,,true,,,,,,,,,,,,
ES,122283732812,"08-Mar-2026 UTC",SHIPMENT,FALSE,404-1912872-4133930,"09-Mar-2026 UTC",26084718124039,26084718124039,B0B6F2FQHT,411849-41,1,"08-Mar-2026 UTC",0.2100,A_GEN_STANDARD,EUR,VAT,Taxable,,Seller,ShipTo,Country,SPAIN,87.65,15.21,72.44,0.00,0.00,0.00,0.00,0.00,0.00,0.00,0.00,0.00,0.00,0.00,0.00,0.00,0.00,0.00,ESB71337349,ES,,,,,,0.0000,,0.00,ES6000TA9FPVBS,"https://sellercentral.amazon.es/document/download?v=urn%3aalx%3adoc%3a9d8cab0f-1f96-4462-8642-ace99a371392%3a08e44ece-852c-453a-9305-81092e41273a&t=EU_Retail_Forward",false,Pamplona,Navarra,ES,31001,807240000,Sevilla,España,ES,41008,807240000,,true,,,,,,,,,,,,
ES,122283732812,"04-Mar-2026 UTC",SHIPMENT,FALSE,403-6319168-7133923,"04-Mar-2026 UTC",26069605308039,26069605308039,B079YTWYWL,168754-39,1,"04-Mar-2026 UTC",0.2100,A_GEN_STANDARD,EUR,VAT,Taxable,,Seller,ShipTo,Country,SPAIN,55.83,9.69,46.14,0.00,0.00,0.00,0.00,0.00,0.00,0.00,0.00,0.00,0.00,0.00,0.00,0.00,0.00,0.00,ESB71337349,ES,,,,,,0.0000,,0.00,ES6000RM9FPVBS,"https://sellercentral.amazon.es/document/download?v=urn%3aalx%3adoc%3a9d8cab0f-1f96-4462-8642-ace99a371392%3a07f9fae8-de46-47d5-98b7-39d8dd8c53f4&t=EU_Retail_Forward",false,Pamplona,Navarra,ES,31001,807240000,"Palma del Rio",Cordoba,ES,14700,807240000,,true,,,,,,,,,,,,
ES,122283732812,"09-Mar-2026 UTC",SHIPMENT,FALSE,402-5881345-2329117,"10-Mar-2026 UTC",26088240014039,26088240014039,B07ZK3BB19,867433-40,1,"09-Mar-2026 UTC",0.2100,A_GEN_STANDARD,EUR,VAT,Taxable,,Seller,ShipTo,Country,SPAIN,77.14,13.39,63.75,0.00,0.00,0.00,0.00,0.00,0.00,0.00,0.00,0.00,0.00,0.00,0.00,0.00,0.00,0.00,ESB71337349,ES,,,,,,0.0000,,0.00,ES6000TL9FPVBS,"https://sellercentral.amazon.es/document/download?v=urn%3aalx%3adoc%3a9d8cab0f-1f96-4462-8642-ace99a371392%3a695becba-0281-4223-a2de-09d6cf88953a&t=EU_Retail_Forward",false,Pamplona,Navarra,ES,31001,807240000,Nigran,Pontevedra,ES,36350,807240000,,true,,,,,,,,,,,,
ES,122283732812,"04-Mar-2026 UTC",SHIPMENT,FALSE,406-7587499-0260329,"04-Mar-2026 UTC",26068772194039,26068772194039,B0DH5998G9,005563-43,1,"04-Mar-2026 UTC",0.2100,A_GEN_STANDARD,EUR,VAT,Taxable,,Seller,ShipTo,Country,SPAIN,91.90,15.95,75.95,0.00,0.00,0.00,0.00,0.00,0.00,0.00,0.00,0.00,0.00,0.00,0.00,0.00,0.00,0.00,ESB71337349,ES,,,,,,0.0000,,0.00,ES6000RH9FPVBS,"https://sellercentral.amazon.es/document/download?v=urn%3aalx%3adoc%3a9d8cab0f-1f96-4462-8642-ace99a371392%3a0667ef33-9975-480e-87dc-9acac890305f&t=EU_Retail_Forward",false,Pamplona,Navarra,ES,31001,807240000,Galdakao,Bizkaia,ES,48960,807240000,,true,,,,,,,,,,,,
ES,122283732812,"13-Mar-2026 UTC",SHIPMENT,FALSE,402-2745340-6139513,"13-Mar-2026 UTC",26108496579039,26108496579039,B079KDKKP4,168754-38,1,"13-Mar-2026 UTC",0.2100,A_GEN_STANDARD,EUR,VAT,Taxable,,Seller,ShipTo,Country,SPAIN,55.84,9.69,46.15,0.00,0.00,0.00,0.00,0.00,0.00,0.00,0.00,0.00,0.00,0.00,0.00,0.00,0.00,0.00,ESB71337349,ES,,,,,,0.0000,,0.00,ES6000UN9FPVBS,"https://sellercentral.amazon.es/document/download?v=urn%3aalx%3adoc%3a9d8cab0f-1f96-4462-8642-ace99a371392%3ace999c83-6e18-49ba-ab4c-286f97afb81f&t=EU_Retail_Forward",false,Pamplona,Navarra,ES,31001,807240000,Madrid,Madrid,ES,28018,807240000,,true,,,,,,,,,,,,
ES,122283732812,"04-Mar-2026 UTC",SHIPMENT,FALSE,408-5166341-2998714,"04-Mar-2026 UTC",536094885382001,536094885382001,B07DPXD6PL,FBA426046-41,1,"04-Mar-2026 UTC",0.2100,A_GEN_STANDARD,EUR,VAT,Taxable,,Seller,ShipTo,Country,SPAIN,73.99,12.84,61.15,0.00,0.00,0.00,0.00,0.00,0.00,0.00,0.00,0.00,0.00,0.00,0.00,0.00,0.00,0.00,ESB71337349,ES,ESW0184081H,ES,VAT,,,0.0000,,0.00,N/A,N/A,false,Murcia,Murcia,ES,30156,807240000,Murcia,Murcia,ES,30156,807240000,,true,,,,,,,,,,,,
ES,122283732812,"01-Mar-2026 UTC",SHIPMENT,FALSE,405-8280559-9625149,"02-Mar-2026 UTC",26060794400039,26060794400039,B07FZ11WDC,939229-40,1,"01-Mar-2026 UTC",0.2100,A_GEN_STANDARD,EUR,VAT,Taxable,,Seller,ShipTo,Country,SPAIN,79.80,13.85,65.95,0.00,0.00,0.00,0.00,0.00,0.00,0.00,0.00,0.00,0.00,0.00,0.00,0.00,0.00,0.00,ESB71337349,ES,,,,,,0.0000,,0.00,ES6000PY9FPVBS,"https://sellercentral.amazon.es/document/download?v=urn%3aalx%3adoc%3a9d8cab0f-1f96-4462-8642-ace99a371392%3ac55fe02a-8259-440d-97b6-42f2bf73f808&t=EU_Retail_Forward",false,Pamplona,Navarra,ES,31001,807240000,Madrid,Madrid,ES,28055,807240000,,true,,,,,,,,,,,,
ES,122283732812,"13-Mar-2026 UTC",SHIPMENT,FALSE,402-5804069-7901948,"13-Mar-2026 UTC",26107526148039,26107526148039,B09G31WQQG,523989-44,1,"13-Mar-2026 UTC",0.2100,A_GEN_STANDARD,EUR,VAT,Taxable,,Seller,ShipTo,Country,SPAIN,85.99,14.92,71.07,0.00,0.00,0.00,0.00,0.00,0.00,0.00,0.00,0.00,0.00,0.00,0.00,0.00,0.00,0.00,ESB71337349,ES,,,,,,0.0000,,0.00,ES6000UI9FPVBS,"https://sellercentral.amazon.es/document/download?v=urn%3aalx%3adoc%3a9d8cab0f-1f96-4462-8642-ace99a371392%3ab933b2a4-a0c4-4d18-9c11-5167bde3acc1&t=EU_Retail_Forward",false,Pamplona,Navarra,ES,31001,807240000,Barcelona,Catalunya,ES,08036,807240000,,true,,,,,,,,,,,,
ES,122283732812,"23-Mar-2026 UTC",SHIPMENT,FALSE,408-5753487-1537904,"23-Mar-2026 UTC",26140378344039,26140378344039,B0DTZTQJVP,216897-41,1,"23-Mar-2026 UTC",0.2100,A_GEN_STANDARD,EUR,VAT,Taxable,,Seller,ShipTo,Country,SPAIN,75.99,13.19,62.80,0.00,0.00,0.00,0.00,0.00,0.00,0.00,0.00,0.00,0.00,0.00,0.00,0.00,0.00,0.00,ESB71337349,ES,,,,,,0.0000,,0.00,ES6000YF9FPVBS,"https://sellercentral.amazon.es/document/download?v=urn%3aalx%3adoc%3a9d8cab0f-1f96-4462-8642-ace99a371392%3a8f8f3839-c5dc-470a-8caa-01c027b38daa&t=EU_Retail_Forward",false,Pamplona,Navarra,ES,31001,807240000,Gijón,Asturias,ES,33207,807240000,,true,,,,,,,,,,,,
ES,122283732812,"19-Mar-2026 UTC",SHIPMENT,FALSE,402-6160149-1777905,"20-Mar-2026 UTC",107763337057302,107763337057302,B072Q1L4CS,FBA969056-45,1,"20-Mar-2026 UTC",0.2100,A_GEN_STANDARD,EUR,VAT,Taxable,,Seller,ShipTo,Country,SPAIN,75.49,13.10,62.39,0.00,0.00,0.00,0.00,0.00,0.00,0.00,0.00,0.00,0.00,0.00,0.00,0.00,0.00,0.00,ESB71337349,ES,,,,,,0.0000,,0.00,ES6000WZ9FPVBS,"https://sellercentral.amazon.es/document/download?v=urn%3aalx%3adoc%3a9d8cab0f-1f96-4462-8642-ace99a371392%3ac75af8c3-1a54-4b17-b097-730c13776755&t=EU_Retail_Forward",false,Murcia,Murcia,ES,30156,807240000,Barcelona,Barcelona,ES,08029,807240000,,true,,,,,,,,,,,,
ES,122283732812,"13-Mar-2026 UTC",SHIPMENT,FALSE,403-0341235-9341120,"16-Mar-2026 UTC",107506639973302,107506639973302,B07DPSG55B,FBA747828-36,1,"13-Mar-2026 UTC",0.2100,A_GEN_STANDARD,EUR,VAT,Taxable,,Seller,ShipTo,Country,SPAIN,80.00,13.88,66.12,0.00,0.00,0.00,0.00,0.00,0.00,0.00,0.00,0.00,0.00,0.00,0.00,0.00,0.00,0.00,ESB71337349,ES,,,,,,0.0000,,0.00,ES6000VM9FPVBS,"https://sellercentral.amazon.es/document/download?v=urn%3aalx%3adoc%3a9d8cab0f-1f96-4462-8642-ace99a371392%3a5bb36948-722f-471f-807a-4886aca8b6d4&t=EU_Retail_Forward",false,Murcia,Murcia,ES,30156,807240000,VITORIA,VITORIA,ES,01005,807240000,,true,,,,,,,,,,,,
ES,122283732812,"05-Mar-2026 UTC",SHIPMENT,FALSE,406-2139927-3154715,"06-Mar-2026 UTC",26074405763039,26074405763039,B09FKJ3YTQ,475764-41,1,"05-Mar-2026 UTC",0.2100,A_GEN_STANDARD,EUR,VAT,Taxable,,Seller,ShipTo,Country,SPAIN,95.10,16.50,78.60,0.00,0.00,0.00,0.00,0.00,0.00,0.00,0.00,0.00,0.00,0.00,0.00,0.00,0.00,0.00,ESB71337349,ES,,,,,,0.0000,,0.00,ES6000S69FPVBS,"https://sellercentral.amazon.es/document/download?v=urn%3aalx%3adoc%3a9d8cab0f-1f96-4462-8642-ace99a371392%3a1b54872d-b045-476b-9a93-df021939fbf0&t=EU_Retail_Forward",false,Pamplona,Navarra,ES,31001,807240000,MADRID,MADRID,ES,28001,807240000,,true,,,,,,,,,,,,
ES,122283732812,"03-Mar-2026 UTC",SHIPMENT,FALSE,406-8463653-0967509,"04-Mar-2026 UTC",26068059588039,26068059588039,B0BJQJX8PB,209504-37,1,"03-Mar-2026 UTC",0.2100,A_GEN_STANDARD,EUR,VAT,Taxable,,Seller,ShipTo,Country,SPAIN,99.99,17.35,82.64,0.00,0.00,0.00,0.00,0.00,0.00,0.00,0.00,0.00,0.00,0.00,0.00,0.00,0.00,0.00,ESB71337349,ES,,,,,,0.0000,,0.00,ES6000RF9FPVBS,"https://sellercentral.amazon.es/document/download?v=urn%3aalx%3adoc%3a9d8cab0f-1f96-4462-8642-ace99a371392%3aaa882267-9ae8-4e46-8727-1bb6f0a911bd&t=EU_Retail_Forward",false,Pamplona,Navarra,ES,31001,807240000,Barcelona,Barcelona,ES,08031,807240000,,true,,,,,,,,,,,,
ES,122283732812,"24-Mar-2026 UTC",SHIPMENT,FALSE,171-5407650-3076365,"25-Mar-2026 UTC",26144739421039,26144739421039,B06Y2F6581,629033-42,1,"24-Mar-2026 UTC",0.2100,A_GEN_STANDARD,EUR,VAT,Taxable,,Seller,ShipTo,Country,SPAIN,72.49,12.58,59.91,0.00,0.00,0.00,0.00,0.00,0.00,0.00,0.00,0.00,0.00,0.00,0.00,0.00,0.00,0.00,ESB71337349,ES,,,,,,0.0000,,0.00,ES6000YW9FPVBS,"https://sellercentral.amazon.es/document/download?v=urn%3aalx%3adoc%3a9d8cab0f-1f96-4462-8642-ace99a371392%3a67045b84-954c-4e8f-835c-344df790b1e2&t=EU_Retail_Forward",false,Pamplona,Navarra,ES,31001,807240000,Malaga,Malaga,ES,29007,807240000,,true,,,,,,,,,,,,
ES,122283732812,"02-Mar-2026 UTC",SHIPMENT,FALSE,402-6579834-8271541,"02-Mar-2026 UTC",26062447721039,26062447721039,B077KCF4SZ,168754-44,1,"02-Mar-2026 UTC",0.2100,A_GEN_STANDARD,EUR,VAT,Taxable,,Seller,ShipTo,Country,SPAIN,55.99,9.72,46.27,0.00,0.00,0.00,0.00,0.00,0.00,0.00,0.00,0.00,0.00,0.00,0.00,0.00,0.00,0.00,ESB71337349,ES,ESB16276222,ES,VAT,,,0.0000,,0.00,ES60000J9FPVBI,"https://sellercentral.amazon.es/document/download?v=urn%3aalx%3adoc%3a9d8cab0f-1f96-4462-8642-ace99a371392%3a5074b180-4e33-4010-b6da-37dc77feb5c9&t=EU_Retail_Forward",false,Pamplona,Navarra,ES,31001,807240000,"villamayor de santiago",cuenca,ES,16415,807240000,,true,,,,,,,,,,,,
ES,122283732812,"20-Mar-2026 UTC",SHIPMENT,FALSE,402-5004812-7021935,"21-Mar-2026 UTC",26131702293039,26131702293039,B0DZ9656QW,002098-37,1,"20-Mar-2026 UTC",0.2100,A_GEN_STANDARD,EUR,VAT,Taxable,,Seller,ShipTo,Country,SPAIN,133.90,23.24,110.66,0.00,0.00,0.00,0.00,0.00,0.00,0.00,0.00,0.00,0.00,0.00,0.00,0.00,0.00,0.00,ESB71337349,ES,,,,,,0.0000,,0.00,ES6000XD9FPVBS,"https://sellercentral.amazon.es/document/download?v=urn%3aalx%3adoc%3a9d8cab0f-1f96-4462-8642-ace99a371392%3aba3e831f-3ac1-4793-905c-543b0ce4928f&t=EU_Retail_Forward",false,Pamplona,Navarra,ES,31001,807240000,Úbeda,Jaén,ES,23400,807240000,,true,,,,,,,,,,,,
ES,122283732812,"22-Mar-2026 UTC",SHIPMENT,FALSE,171-1058014-1745121,"22-Mar-2026 UTC",107858671024302,107858671024302,B0772QHX2Q,FBA633372-43,1,"22-Mar-2026 UTC",0.2100,A_GEN_STANDARD,EUR,VAT,Taxable,,Seller,ShipTo,Country,SPAIN,86.49,15.01,71.48,0.00,0.00,0.00,0.00,0.00,0.00,0.00,0.00,0.00,0.00,0.00,0.00,0.00,0.00,0.00,ESB71337349,ES,,,,,,0.0000,,0.00,ES6000XR9FPVBS,"https://sellercentral.amazon.es/document/download?v=urn%3aalx%3adoc%3a9d8cab0f-1f96-4462-8642-ace99a371392%3a0c64cd18-10d2-47ce-8104-433e0a9efcbf&t=EU_Retail_Forward",false,Illescas,Illescas,ES,45200,807240000,SEVILLA,,ES,41014,807240000,,true,,,,,,,,,,,,
ES,122283732812,"09-Mar-2026 UTC",SHIPMENT,FALSE,403-6765520-5034748,"10-Mar-2026 UTC",26088155314039,26088155314039,B0D9TQYM9Q,405683-41,1,"09-Mar-2026 UTC",0.2100,A_GEN_STANDARD,EUR,VAT,Taxable,,Seller,ShipTo,Country,SPAIN,80.49,13.97,66.52,0.00,0.00,0.00,0.00,0.00,0.00,0.00,0.00,0.00,0.00,0.00,0.00,0.00,0.00,0.00,ESB71337349,ES,,,,,,0.0000,,0.00,ES6000TK9FPVBS,"https://sellercentral.amazon.es/document/download?v=urn%3aalx%3adoc%3a9d8cab0f-1f96-4462-8642-ace99a371392%3ab1f8734a-1a43-4451-8d7f-535abb3c6240&t=EU_Retail_Forward",false,Pamplona,Navarra,ES,31001,807240000,"La Piñera","Principado De Asturias",ES,33174,807240000,,true,,,,,,,,,,,,
ES,122283732812,"03-Mar-2026 UTC",SHIPMENT,FALSE,402-0683644-0033169,"03-Mar-2026 UTC",26065377225039,26065377225039,B07VWX3854,092880-43,1,"03-Mar-2026 UTC",0.2100,A_GEN_STANDARD,EUR,VAT,Taxable,,Seller,ShipTo,Country,SPAIN,93.75,16.27,77.48,0.00,0.00,0.00,0.00,0.00,0.00,0.00,0.00,0.00,0.00,0.00,0.00,0.00,0.00,0.00,ESB71337349,ES,,,,,,0.0000,,0.00,ES6000QP9FPVBS,"https://sellercentral.amazon.es/document/download?v=urn%3aalx%3adoc%3a9d8cab0f-1f96-4462-8642-ace99a371392%3adc10c088-da6f-4de7-b18c-70b029f14cde&t=EU_Retail_Forward",false,Pamplona,Navarra,ES,31001,807240000,"El vendrell",tarragona,ES,43700,807240000,,true,,,,,,,,,,,,
ES,122283732812,"20-Mar-2026 UTC",SHIPMENT,FALSE,402-6792354-5069160,"20-Mar-2026 UTC",107795263750302,107795263750302,B07DPXTGM5,FBA747828-41,1,"20-Mar-2026 UTC",0.2100,A_GEN_STANDARD,EUR,VAT,Taxable,,Seller,ShipTo,Country,SPAIN,80.00,13.88,66.12,0.00,0.00,0.00,0.00,0.00,0.00,0.00,0.00,0.00,0.00,0.00,0.00,0.00,0.00,0.00,ESB71337349,ES,,,,,,0.0000,,0.00,ES6000X99FPVBS,"https://sellercentral.amazon.es/document/download?v=urn%3aalx%3adoc%3a9d8cab0f-1f96-4462-8642-ace99a371392%3a682bd122-aedf-4561-8f9e-abdf67a93b74&t=EU_Retail_Forward",false,Murcia,Murcia,ES,30156,807240000,Honrubia,Cuenca,ES,16730,807240000,,true,,,,,,,,,,,,
ES,122283732812,"05-Mar-2026 UTC",SHIPMENT,FALSE,404-4392862-7607569,"05-Mar-2026 UTC",26073017952039,26073017952039,B0CK55PZJL,051043-37,1,"05-Mar-2026 UTC",0.2100,A_GEN_STANDARD,EUR,VAT,Taxable,,Seller,ShipTo,Country,SPAIN,64.80,11.25,53.55,0.00,0.00,0.00,0.00,0.00,0.00,0.00,0.00,0.00,0.00,0.00,0.00,0.00,0.00,0.00,ESB71337349,ES,,,,,,0.0000,,0.00,ES6000S09FPVBS,"https://sellercentral.amazon.es/document/download?v=urn%3aalx%3adoc%3a9d8cab0f-1f96-4462-8642-ace99a371392%3a0950714e-0c85-427c-9c93-52e1268370b5&t=EU_Retail_Forward",false,Pamplona,Navarra,ES,31001,807240000,Arroyomolinos,Madrid,ES,28939,807240000,,true,,,,,,,,,,,,
ES,122283732812,"26-Mar-2026 UTC",SHIPMENT,FALSE,402-4077530-5397151,"26-Mar-2026 UTC",108036482286302,108036482286302,B072JGYSFW,FBA377785-45,1,"26-Mar-2026 UTC",0.2100,A_GEN_STANDARD,EUR,VAT,Taxable,,Seller,ShipTo,Country,SPAIN,83.84,14.55,69.29,0.00,0.00,0.00,0.00,0.00,0.00,0.00,0.00,0.00,0.00,0.00,0.00,0.00,0.00,0.00,ESB71337349,ES,,,,,,0.0000,,0.00,ES6000ZK9FPVBS,"https://sellercentral.amazon.es/document/download?v=urn%3aalx%3adoc%3a9d8cab0f-1f96-4462-8642-ace99a371392%3a6a1e8a35-dfaa-429f-9b5e-4b02a163f1c4&t=EU_Retail_Forward",false,Illescas,Illescas,ES,45200,807240000,TORREVIEJA,,ES,03182,807240000,,true,,,,,,,,,,,,
ES,122283732812,"23-Mar-2026 UTC",SHIPMENT,FALSE,404-1751726-6029958,"24-Mar-2026 UTC",26142413845039,26142413845039,B0FHT9TNK5,189101-39,1,"23-Mar-2026 UTC",0.2100,A_GEN_STANDARD,EUR,VAT,Taxable,,Seller,ShipTo,Country,SPAIN,90.90,15.78,75.12,0.00,0.00,0.00,0.00,0.00,0.00,0.00,0.00,0.00,0.00,0.00,0.00,0.00,0.00,0.00,ESB71337349,ES,,,,,,0.0000,,0.00,ES6000YM9FPVBS,"https://sellercentral.amazon.es/document/download?v=urn%3aalx%3adoc%3a9d8cab0f-1f96-4462-8642-ace99a371392%3a12afe84f-62e6-429a-b42a-20a36a6566da&t=EU_Retail_Forward",false,Pamplona,Navarra,ES,31001,807240000,Badalona,Barcelona,ES,08913,807240000,,true,,,,,,,,,,,,
ES,122283732812,"06-Mar-2026 UTC",SHIPMENT,FALSE,403-7858303-2693918,"09-Mar-2026 UTC",26077560903039,26077560903039,B074Q2Y9C4,216279-39,1,"06-Mar-2026 UTC",0.2100,A_GEN_STANDARD,EUR,VAT,Taxable,,Seller,ShipTo,Country,SPAIN,84.94,14.74,70.20,0.00,0.00,0.00,0.00,0.00,0.00,0.00,0.00,0.00,0.00,0.00,0.00,0.00,0.00,0.00,ESB71337349,ES,,,,,,0.0000,,0.00,ES6000SR9FPVBS,"https://sellercentral.amazon.es/document/download?v=urn%3aalx%3adoc%3a9d8cab0f-1f96-4462-8642-ace99a371392%3a3630a53e-450d-4499-99d0-6dbb9c7dfbe7&t=EU_Retail_Forward",false,Pamplona,Navarra,ES,31001,807240000,Lleida,Lleida,ES,25006,807240000,,true,,,,,,,,,,,,
ES,122283732812,"03-Mar-2026 UTC",SHIPMENT,FALSE,408-1225450-1408356,"03-Mar-2026 UTC",26066125138039,26066125138039,B0CKRZ661Z,211764-41,1,"03-Mar-2026 UTC",0.2100,A_GEN_STANDARD,EUR,VAT,Taxable,,Seller,ShipTo,Country,SPAIN,83.90,14.56,69.34,0.00,0.00,0.00,0.00,0.00,0.00,0.00,0.00,0.00,0.00,0.00,0.00,0.00,0.00,0.00,ESB71337349,ES,,,,,,0.0000,,0.00,ES6000QU9FPVBS,"https://sellercentral.amazon.es/document/download?v=urn%3aalx%3adoc%3a9d8cab0f-1f96-4462-8642-ace99a371392%3a43d0f486-1ab5-4386-902c-dd60a16b7b7d&t=EU_Retail_Forward",false,Pamplona,Navarra,ES,31001,807240000,Malaga,Malaga,ES,29007,807240000,,true,,,,,,,,,,,,
ES,122283732812,"21-Mar-2026 UTC",SHIPMENT,FALSE,404-0812437-8555519,"21-Mar-2026 UTC",26134048457039,26134048457039,B0B73XYV3G,082476-39,1,"21-Mar-2026 UTC",0.2100,A_GEN_STANDARD,EUR,VAT,Taxable,,Seller,ShipTo,Country,SPAIN,69.99,12.15,57.84,0.00,0.00,0.00,0.00,0.00,0.00,0.00,0.00,0.00,0.00,0.00,0.00,0.00,0.00,0.00,ESB71337349,ES,,,,,,0.0000,,0.00,ES6000XK9FPVBS,"https://sellercentral.amazon.es/document/download?v=urn%3aalx%3adoc%3a9d8cab0f-1f96-4462-8642-ace99a371392%3a33032577-1af6-446f-8890-987944c81397&t=EU_Retail_Forward",false,Pamplona,Navarra,ES,31001,807240000,AVILA,Ávila,ES,05004,807240000,,true,,,,,,,,,,,,
ES,122283732812,"02-Mar-2026 UTC",SHIPMENT,FALSE,402-4244913-5413946,"03-Mar-2026 UTC",107026602845302,107026602845302,B072Q1L4CQ,FBA969056-41,1,"02-Mar-2026 UTC",0.2100,A_GEN_STANDARD,EUR,VAT,Taxable,,Seller,ShipTo,Country,SPAIN,75.49,13.10,62.39,0.00,0.00,0.00,0.00,0.00,0.00,0.00,0.00,0.00,0.00,0.00,0.00,0.00,0.00,0.00,ESB71337349,ES,,,,,,0.0000,,0.00,ES6000QE9FPVBS,"https://sellercentral.amazon.es/document/download?v=urn%3aalx%3adoc%3a9d8cab0f-1f96-4462-8642-ace99a371392%3a43478ab3-d706-400e-b8b4-5c258cb95864&t=EU_Retail_Forward",false,Murcia,Murcia,ES,30156,807240000,LEIOA,,ES,48940,807240000,,true,,,,,,,,,,,,
ES,122283732812,"26-Mar-2026 UTC",SHIPMENT,FALSE,405-0246061-5991553,"26-Mar-2026 UTC",26149355157039,26149355157039,B01CDIYD9K,755558-39,1,"26-Mar-2026 UTC",0.2100,A_GEN_STANDARD,EUR,VAT,Taxable,,Seller,ShipTo,Country,SPAIN,39.80,6.91,32.89,0.00,0.00,0.00,0.00,0.00,0.00,0.00,0.00,0.00,0.00,0.00,0.00,0.00,0.00,0.00,ESB71337349,ES,,,,,,0.0000,,0.00,ES6000ZC9FPVBS,"https://sellercentral.amazon.es/document/download?v=urn%3aalx%3adoc%3a9d8cab0f-1f96-4462-8642-ace99a371392%3a9d054b7f-ef79-46a2-baf3-1824144ff3cb&t=EU_Retail_Forward",false,Pamplona,Navarra,ES,31001,807240000,"La Carolina",Jaén,ES,23200,807240000,,true,,,,,,,,,,,,
ES,122283732812,"08-Mar-2026 UTC",SHIPMENT,FALSE,408-7197645-3277961,"08-Mar-2026 UTC",107256606741302,107256606741302,B0CF9YQHQ8,FBA014726-40,1,"08-Mar-2026 UTC",0.2100,A_GEN_STANDARD,EUR,VAT,Taxable,,Seller,ShipTo,Country,SPAIN,80.04,13.89,66.15,0.00,0.00,0.00,0.00,0.00,0.00,0.00,0.00,0.00,0.00,0.00,0.00,0.00,0.00,0.00,ESB71337349,ES,,,,,,0.0000,,0.00,ES6000SK9FPVBS,"https://sellercentral.amazon.es/document/download?v=urn%3aalx%3adoc%3a9d8cab0f-1f96-4462-8642-ace99a371392%3a9b4e1f53-e6e1-4445-bd34-d50d3db4ed23&t=EU_Retail_Forward",false,Illescas,Illescas,ES,45200,807240000,PALMA,,ES,07005,807240000,,true,,,,,,,,,,,,
ES,122283732812,"13-Mar-2026 UTC",SHIPMENT,FALSE,405-6530333-1308346,"13-Mar-2026 UTC",26107718056039,26107718056039,B0CBBG3CSG,977981-40,1,"13-Mar-2026 UTC",0.2100,A_GEN_STANDARD,EUR,VAT,Taxable,,Seller,ShipTo,Country,SPAIN,65.01,11.28,53.73,0.00,0.00,0.00,0.00,0.00,0.00,0.00,0.00,0.00,0.00,0.00,0.00,0.00,0.00,0.00,ESB71337349,ES,,,,,,0.0000,,0.00,ES6000UJ9FPVBS,"https://sellercentral.amazon.es/document/download?v=urn%3aalx%3adoc%3a9d8cab0f-1f96-4462-8642-ace99a371392%3a4a49ed97-602a-4b63-b03b-ddb1c4554a17&t=EU_Retail_Forward",false,Pamplona,Navarra,ES,31001,807240000,Leganés,Madrid,ES,28916,807240000,,true,,,,,,,,,,,,
ES,122283732812,"09-Mar-2026 UTC",SHIPMENT,FALSE,171-1179330-9259505,"09-Mar-2026 UTC",26086178932039,26086178932039,B0DC3MY8W9,825287-38,1,"09-Mar-2026 UTC",0.2100,A_GEN_STANDARD,EUR,VAT,Taxable,,Seller,ShipTo,Country,SPAIN,81.90,14.21,67.69,0.00,0.00,0.00,0.00,0.00,0.00,0.00,0.00,0.00,0.00,0.00,0.00,0.00,0.00,0.00,ESB71337349,ES,,,,,,0.0000,,0.00,ES6000TF9FPVBS,"https://sellercentral.amazon.es/document/download?v=urn%3aalx%3adoc%3a9d8cab0f-1f96-4462-8642-ace99a371392%3a798287b2-747c-4352-834c-cc4b681c6e81&t=EU_Retail_Forward",false,Pamplona,Navarra,ES,31001,807240000,TORRENT,València,ES,46900,807240000,,true,,,,,,,,,,,,
ES,122283732812,"21-Mar-2026 UTC",SHIPMENT,FALSE,405-7062499-5052331,"24-Mar-2026 UTC",107907397558302,107907397558302,B072M2PM4T,FBA969056-43,1,"24-Mar-2026 UTC",0.2100,A_GEN_STANDARD,EUR,VAT,Taxable,,Seller,ShipTo,Country,SPAIN,75.49,13.10,62.39,0.00,0.00,0.00,0.00,0.00,0.00,0.00,0.00,0.00,0.00,0.00,0.00,0.00,0.00,0.00,ESB71337349,ES,,,,,,0.0000,,0.00,ES6000YU9FPVBS,"https://sellercentral.amazon.es/document/download?v=urn%3aalx%3adoc%3a9d8cab0f-1f96-4462-8642-ace99a371392%3a04eeecc3-aea5-4c57-ab63-e7c660e2e181&t=EU_Retail_Forward",false,Murcia,Murcia,ES,30156,807240000,"La Flota",Murcia,ES,30008,807240000,,true,,,,,,,,,,,,
ES,122283732812,"07-Mar-2026 UTC",SHIPMENT,FALSE,403-4892279-3042729,"09-Mar-2026 UTC",26081146300039,26081146300039,B0CKTVFLY3,403367-41,1,"07-Mar-2026 UTC",0.2100,A_GEN_STANDARD,EUR,VAT,Taxable,,Seller,ShipTo,Country,SPAIN,87.10,15.12,71.98,0.00,0.00,0.00,0.00,0.00,0.00,0.00,0.00,0.00,0.00,0.00,0.00,0.00,0.00,0.00,ESB71337349,ES,,,,,,0.0000,,0.00,ES6000T29FPVBS,"https://sellercentral.amazon.es/document/download?v=urn%3aalx%3adoc%3a9d8cab0f-1f96-4462-8642-ace99a371392%3ac35a93c8-5e7c-4b9a-b425-725cfbea46cb&t=EU_Retail_Forward",false,Pamplona,Navarra,ES,31001,807240000,sevilla,Constantina,ES,41450,807240000,,true,,,,,,,,,,,,
ES,122283732812,"03-Mar-2026 UTC",SHIPMENT,FALSE,408-3900710-9449956,"04-Mar-2026 UTC",26066892363039,26066892363039,B0CPW276HQ,027338-38,1,"03-Mar-2026 UTC",0.2100,A_GEN_STANDARD,EUR,VAT,Taxable,,Seller,ShipTo,Country,SPAIN,84.94,14.74,70.20,0.00,0.00,0.00,0.00,0.00,0.00,0.00,0.00,0.00,0.00,0.00,0.00,0.00,0.00,0.00,ESB71337349,ES,,,,,,0.0000,,0.00,ES6000R69FPVBS,"https://sellercentral.amazon.es/document/download?v=urn%3aalx%3adoc%3a9d8cab0f-1f96-4462-8642-ace99a371392%3a0d1cb0fb-cac9-4456-9dca-7aaa79a22b22&t=EU_Retail_Forward",false,Pamplona,Navarra,ES,31001,807240000,Guadalajara,Guadalajara,ES,19003,807240000,,true,,,,,,,,,,,,
ES,122283732812,"22-Mar-2026 UTC",SHIPMENT,FALSE,405-4812599-2248356,"23-Mar-2026 UTC",26138405413039,26138405413039,B09FKKK72Q,475764-42,1,"22-Mar-2026 UTC",0.2100,A_GEN_STANDARD,EUR,VAT,Taxable,,Seller,ShipTo,Country,SPAIN,96.20,16.70,79.50,0.00,0.00,0.00,0.00,0.00,0.00,0.00,0.00,0.00,0.00,0.00,0.00,0.00,0.00,0.00,ESB71337349,ES,,,,,,0.0000,,0.00,ES6000YB9FPVBS,"https://sellercentral.amazon.es/document/download?v=urn%3aalx%3adoc%3a9d8cab0f-1f96-4462-8642-ace99a371392%3aa10f18b2-9851-49a1-8778-e0f1ea11d8ad&t=EU_Retail_Forward",false,Pamplona,Navarra,ES,31001,807240000,Villena,Alicante,ES,03400,807240000,,true,,,,,,,,,,,,
ES,122283732812,"26-Mar-2026 UTC",SHIPMENT,FALSE,407-8380945-5953953,"27-Mar-2026 UTC",108046581987302,108046581987302,B0772QHX2Q,FBA633372-43,1,"26-Mar-2026 UTC",0.2100,A_GEN_STANDARD,EUR,VAT,Taxable,,Seller,ShipTo,Country,SPAIN,86.49,15.01,71.48,0.00,0.00,0.00,1.99,0.35,1.64,-1.99,-0.35,-1.64,0.00,0.00,0.00,0.00,0.00,0.00,ESB71337349,ES,,,,,,0.0000,,0.00,ES6000ZL9FPVBS,"https://sellercentral.amazon.es/document/download?v=urn%3aalx%3adoc%3a9d8cab0f-1f96-4462-8642-ace99a371392%3ac7f8344a-4150-42d1-949a-7d4b53c57c84&t=EU_Retail_Forward",false,Illescas,Illescas,ES,45200,807240000,Alcobendas,Madrid,ES,28100,807240000,,true,,,,,,,,,,,,
ES,122283732812,"26-Mar-2026 UTC",SHIPMENT,FALSE,407-9537629-2998727,"28-Mar-2026 UTC",108052824731302,108052824731302,B07DPXJHB8,FBA426046-38,1,"28-Mar-2026 UTC",0.2100,A_GEN_STANDARD,EUR,VAT,Taxable,,Seller,ShipTo,Country,SPAIN,77.90,13.52,64.38,0.00,0.00,0.00,0.00,0.00,0.00,0.00,0.00,0.00,0.00,0.00,0.00,0.00,0.00,0.00,ESB71337349,ES,,,,,,0.0000,,0.00,ES6001029FPVBS,"https://sellercentral.amazon.es/document/download?v=urn%3aalx%3adoc%3a9d8cab0f-1f96-4462-8642-ace99a371392%3a7ad185b1-f589-499d-94e7-b30804fc907d&t=EU_Retail_Forward",false,Murcia,Murcia,ES,30156,807240000,MALAGA,MALAGA,ES,29014,807240000,,true,,,,,,,,,,,,
ES,122283732812,"17-Mar-2026 UTC",SHIPMENT,FALSE,404-9730623-6498719,"17-Mar-2026 UTC",26120797748039,26120797748039,B08QM8H8JN,674821-44,1,"17-Mar-2026 UTC",0.2100,A_GEN_STANDARD,EUR,VAT,Taxable,,Seller,ShipTo,Country,SPAIN,58.02,10.07,47.95,0.00,0.00,0.00,0.00,0.00,0.00,0.00,0.00,0.00,0.00,0.00,0.00,0.00,0.00,0.00,ESB71337349,ES,,,,,,0.0000,,0.00,ES6000WC9FPVBS,"https://sellercentral.amazon.es/document/download?v=urn%3aalx%3adoc%3a9d8cab0f-1f96-4462-8642-ace99a371392%3a9c8b2f78-9882-44ae-a034-3707e77651da&t=EU_Retail_Forward",false,Pamplona,Navarra,ES,31001,807240000,Bilbao,,ES,48010,807240000,,true,,,,,,,,,,,,
ES,122283732812,"05-Mar-2026 UTC",SHIPMENT,FALSE,402-2324950-4128335,"05-Mar-2026 UTC",26072617770039,26072617770039,B077K7KHGT,168754-42,1,"05-Mar-2026 UTC",0.2100,A_GEN_STANDARD,EUR,VAT,Taxable,,Seller,ShipTo,Country,SPAIN,55.99,9.72,46.27,0.00,0.00,0.00,0.00,0.00,0.00,0.00,0.00,0.00,0.00,0.00,0.00,0.00,0.00,0.00,ESB71337349,ES,,,,,,0.0000,,0.00,ES6000RX9FPVBS,"https://sellercentral.amazon.es/document/download?v=urn%3aalx%3adoc%3a9d8cab0f-1f96-4462-8642-ace99a371392%3afbb147a2-c200-43cd-b3aa-bfd461d855f2&t=EU_Retail_Forward",false,Pamplona,Navarra,ES,31001,807240000,coslada,madrid,ES,28821,807240000,,true,,,,,,,,,,,,
ES,122283732812,"15-Mar-2026 UTC",SHIPMENT,FALSE,402-4775816-0373148,"16-Mar-2026 UTC",26113668053039,26113668053039,B07KZZM232,778608-41,1,"15-Mar-2026 UTC",0.2100,A_GEN_STANDARD,EUR,VAT,Taxable,,Seller,ShipTo,Country,SPAIN,79.90,13.87,66.03,0.00,0.00,0.00,0.00,0.00,0.00,0.00,0.00,0.00,0.00,0.00,0.00,0.00,0.00,0.00,ESB71337349,ES,,,,,,0.0000,,0.00,ES6000V89FPVBS,"https://sellercentral.amazon.es/document/download?v=urn%3aalx%3adoc%3a9d8cab0f-1f96-4462-8642-ace99a371392%3aefbff204-72c6-428a-af98-8821291b3a50&t=EU_Retail_Forward",false,Pamplona,Navarra,ES,31001,807240000,Madrid,"Comunidad de Madrid",ES,28001,807240000,,true,,,,,,,,,,,,
ES,122283732812,"01-Mar-2026 UTC",SHIPMENT,FALSE,408-5387646-6585949,"02-Mar-2026 UTC",106990475092302,106990475092302,B07DPXD4YL,FBA426046-40,1,"02-Mar-2026 UTC",0.2100,A_GEN_STANDARD,EUR,VAT,Taxable,,Seller,ShipTo,Country,SPAIN,76.80,13.33,63.47,0.00,0.00,0.00,0.00,0.00,0.00,0.00,0.00,0.00,0.00,0.00,0.00,0.00,0.00,0.00,ESB71337349,ES,,,,,,0.0000,,0.00,ES6000QC9FPVBS,"https://sellercentral.amazon.es/document/download?v=urn%3aalx%3adoc%3a9d8cab0f-1f96-4462-8642-ace99a371392%3adf93f7a0-2dc4-4481-8183-e93f465f2ebb&t=EU_Retail_Forward",false,Murcia,Murcia,ES,30156,807240000,Estepona,Malaga,ES,29680,807240000,,true,,,,,,,,,,,,
ES,122283732812,"13-Mar-2026 UTC",SHIPMENT,FALSE,404-0016746-4469971,"13-Mar-2026 UTC",107489782586302,107489782586302,B07DPPLZRC,FBA554862-41,1,"13-Mar-2026 UTC",0.2100,A_GEN_STANDARD,EUR,VAT,Taxable,,Seller,ShipTo,Country,SPAIN,80.89,14.04,66.85,0.00,0.00,0.00,0.00,0.00,0.00,0.00,0.00,0.00,0.00,0.00,0.00,0.00,0.00,0.00,ESB71337349,ES,,,,,,0.0000,,0.00,ES6000UO9FPVBS,"https://sellercentral.amazon.es/document/download?v=urn%3aalx%3adoc%3a9d8cab0f-1f96-4462-8642-ace99a371392%3ac92e33cb-c49b-4bd7-b8f9-216cf0c4e2c3&t=EU_Retail_Forward",false,Murcia,Murcia,ES,30156,807240000,Tarragona,Tarragona,ES,43002,807240000,,true,,,,,,,,,,,,
ES,122283732812,"28-Feb-2026 UTC",SHIPMENT,FALSE,408-9489407-6971526,"02-Mar-2026 UTC",26054844208039,26054844208039,B004YOYW1G,790176-36,1,"28-Feb-2026 UTC",0.2100,A_GEN_STANDARD,EUR,VAT,Taxable,,Seller,ShipTo,Country,SPAIN,139.80,24.26,115.54,0.00,0.00,0.00,0.00,0.00,0.00,0.00,0.00,0.00,0.00,0.00,0.00,0.00,0.00,0.00,ESB71337349,ES,,,,,,0.0000,,0.00,ES6000Q29FPVBS,"https://sellercentral.amazon.es/document/download?v=urn%3aalx%3adoc%3a9d8cab0f-1f96-4462-8642-ace99a371392%3a789012e8-1a1b-4f8f-be00-da5824d0e49d&t=EU_Retail_Forward",false,Pamplona,Navarra,ES,31001,807240000,Valencia,Valencia,ES,46008,807240000,,true,,,,,,,,,,,,
ES,122283732812,"26-Mar-2026 UTC",SHIPMENT,FALSE,408-0186679-8265948,"27-Mar-2026 UTC",26151806911039,26151806911039,B0D92MDXW6,491009-37,1,"26-Mar-2026 UTC",0.2100,A_GEN_STANDARD,EUR,VAT,Taxable,,Seller,ShipTo,Country,SPAIN,93.90,16.30,77.60,0.00,0.00,0.00,0.00,0.00,0.00,0.00,0.00,0.00,0.00,0.00,0.00,0.00,0.00,0.00,ESB71337349,ES,,,,,,0.0000,,0.00,ES6000ZQ9FPVBS,"https://sellercentral.amazon.es/document/download?v=urn%3aalx%3adoc%3a9d8cab0f-1f96-4462-8642-ace99a371392%3ac3aeb29b-103d-44d2-8519-c38e99e69dd8&t=EU_Retail_Forward",false,Pamplona,Navarra,ES,31001,807240000,Girona,Girona,ES,17003,807240000,,true,,,,,,,,,,,,
ES,122283732812,"13-Mar-2026 UTC",SHIPMENT,FALSE,406-2154939-4256318,"16-Mar-2026 UTC",26108750187039,26108750187039,B0DT8Y8YMC,070010-27,1,"13-Mar-2026 UTC",0.2100,A_GEN_STANDARD,EUR,VAT,Taxable,,Seller,ShipTo,Country,SPAIN,60.00,10.41,49.59,0.00,0.00,0.00,0.00,0.00,0.00,0.00,0.00,0.00,0.00,0.00,0.00,0.00,0.00,0.00,ESB71337349,ES,,,,,,0.0000,,0.00,ES6000UW9FPVBS,"https://sellercentral.amazon.es/document/download?v=urn%3aalx%3adoc%3a9d8cab0f-1f96-4462-8642-ace99a371392%3a81e4e91a-cd2e-4c07-b38e-b2df0c500524&t=EU_Retail_Forward",false,Pamplona,Navarra,ES,31001,807240000,"Santa olalla del cala",Huelva,ES,21260,807240000,,true,,,,,,,,,,,,
ES,122283732812,"15-Mar-2026 UTC",SHIPMENT,FALSE,405-7863707-5399524,"15-Mar-2026 UTC",107570815976302,107570815976302,B07DPWWZBS,FBA426046-39,1,"15-Mar-2026 UTC",0.2100,A_GEN_STANDARD,EUR,VAT,Taxable,,Seller,ShipTo,Country,SPAIN,78.85,13.68,65.17,0.00,0.00,0.00,0.00,0.00,0.00,0.00,0.00,0.00,0.00,0.00,0.00,0.00,0.00,0.00,ESB71337349,ES,,,,,,0.0000,,0.00,ES6000US9FPVBS,"https://sellercentral.amazon.es/document/download?v=urn%3aalx%3adoc%3a9d8cab0f-1f96-4462-8642-ace99a371392%3ac1acf2a1-f35b-48b8-b5d0-d5c431972741&t=EU_Retail_Forward",false,Illescas,Illescas,ES,45200,807240000,Sabadell,,ES,08204,807240000,,true,,,,,,,,,,,,
ES,122283732812,"10-Mar-2026 UTC",SHIPMENT,FALSE,405-3422220-5646761,"11-Mar-2026 UTC",26092038561039,26092038561039,B0CBQQ66VR,988107-40,1,"10-Mar-2026 UTC",0.2100,A_GEN_STANDARD,EUR,VAT,Taxable,,Seller,ShipTo,Country,SPAIN,90.99,15.79,75.20,0.00,0.00,0.00,0.00,0.00,0.00,0.00,0.00,0.00,0.00,0.00,0.00,0.00,0.00,0.00,ESB71337349,ES,,,,,,0.0000,,0.00,ES6000TZ9FPVBS,"https://sellercentral.amazon.es/document/download?v=urn%3aalx%3adoc%3a9d8cab0f-1f96-4462-8642-ace99a371392%3a195459ea-96b7-4399-811e-2836f8c40d2c&t=EU_Retail_Forward",false,Pamplona,Navarra,ES,31001,807240000,barcelona,barcelona,ES,08027,807240000,,true,,,,,,,,,,,,
ES,122283732812,"18-Mar-2026 UTC",SHIPMENT,FALSE,408-6730348-4221949,"20-Mar-2026 UTC",541695094084001,541695094084001,B072M2PM4T,FBA969056-43,1,"20-Mar-2026 UTC",0.2100,A_GEN_STANDARD,EUR,VAT,Taxable,,Seller,ShipTo,Country,SPAIN,75.49,13.10,62.39,0.00,0.00,0.00,0.00,0.00,0.00,0.00,0.00,0.00,0.00,0.00,0.00,0.00,0.00,0.00,ESB71337349,ES,ESW0184081H,ES,VAT,,,0.0000,,0.00,N/A,N/A,false,Murcia,Murcia,ES,30156,807240000,Murcia,Murcia,ES,30156,807240000,,true,,,,,,,,,,,,
ES,122283732812,"28-Feb-2026 UTC",SHIPMENT,FALSE,404-0631012-6872344,"02-Mar-2026 UTC",26054947713039,26054947713039,B09CLDFN3S,018999-38,1,"28-Feb-2026 UTC",0.2100,A_GEN_STANDARD,EUR,VAT,Taxable,,Seller,ShipTo,Country,SPAIN,86.80,15.06,71.74,0.00,0.00,0.00,0.00,0.00,0.00,0.00,0.00,0.00,0.00,0.00,0.00,0.00,0.00,0.00,ESB71337349,ES,,,,,,0.0000,,0.00,ES6000PN9FPVBS,"https://sellercentral.amazon.es/document/download?v=urn%3aalx%3adoc%3a9d8cab0f-1f96-4462-8642-ace99a371392%3a3c7f738e-a810-400b-8412-a929675e10bb&t=EU_Retail_Forward",false,Pamplona,Navarra,ES,31001,807240000,ALBORAYA,Valencia,ES,46120,807240000,,true,,,,,,,,,,,,
ES,122283732812,"14-Mar-2026 UTC",SHIPMENT,FALSE,404-9177395-8221153,"16-Mar-2026 UTC",107521559375302,107521559375302,B07DPXJHB8,FBA426046-38,1,"15-Mar-2026 UTC",0.2100,A_GEN_STANDARD,EUR,VAT,Taxable,,Seller,ShipTo,Country,SPAIN,78.85,13.68,65.17,0.00,0.00,0.00,0.00,0.00,0.00,0.00,0.00,0.00,0.00,0.00,0.00,0.00,0.00,0.00,ESB71337349,ES,,,,,,0.0000,,0.00,ES6000UV9FPVBS,"https://sellercentral.amazon.es/document/download?v=urn%3aalx%3adoc%3a9d8cab0f-1f96-4462-8642-ace99a371392%3ae8b3ccae-c6c9-4f95-8852-28dc134da28e&t=EU_Retail_Forward",false,Illescas,Illescas,ES,45200,807240000,Calahorra,"La Rioja",ES,26500,807240000,,true,,,,,,,,,,,,
ES,122283732812,"14-Mar-2026 UTC",SHIPMENT,FALSE,406-3337190-0998728,"16-Mar-2026 UTC",26110025495039,26110025495039,B09FKKJGDJ,475764-44,1,"14-Mar-2026 UTC",0.2100,A_GEN_STANDARD,EUR,VAT,Taxable,,Seller,ShipTo,Country,SPAIN,95.10,16.50,78.60,0.00,0.00,0.00,0.00,0.00,0.00,0.00,0.00,0.00,0.00,0.00,0.00,0.00,0.00,0.00,ESB71337349,ES,,,,,,0.0000,,0.00,ES6000UY9FPVBS,"https://sellercentral.amazon.es/document/download?v=urn%3aalx%3adoc%3a9d8cab0f-1f96-4462-8642-ace99a371392%3ae08e985c-7f34-4451-9f8a-7589858eedb5&t=EU_Retail_Forward",false,Pamplona,Navarra,ES,31001,807240000,TOLEDO,TOLEDO,ES,45005,807240000,,true,,,,,,,,,,,,
ES,122283732812,"08-Mar-2026 UTC",SHIPMENT,FALSE,405-2873465-9898707,"09-Mar-2026 UTC",26084641342039,26084641342039,B098KHVXNB,223174-42,1,"08-Mar-2026 UTC",0.2100,A_GEN_STANDARD,EUR,VAT,Taxable,,Seller,ShipTo,Country,SPAIN,95.90,16.64,79.26,0.00,0.00,0.00,0.00,0.00,0.00,0.00,0.00,0.00,0.00,0.00,0.00,0.00,0.00,0.00,ESB71337349,ES,,,,,,0.0000,,0.00,ES6000TB9FPVBS,"https://sellercentral.amazon.es/document/download?v=urn%3aalx%3adoc%3a9d8cab0f-1f96-4462-8642-ace99a371392%3a709ba33f-e158-43eb-a489-ef42348e269b&t=EU_Retail_Forward",false,Pamplona,Navarra,ES,31001,807240000,"San Vicente de Barakaldo",VIZCAYA,ES,48902,807240000,,true,,,,,,,,,,,,
ES,122283732812,"02-Mar-2026 UTC",SHIPMENT,FALSE,406-2976435-0060341,"03-Mar-2026 UTC",107038619171302,107038619171302,B072Q1L4CQ,FBA969056-41,1,"02-Mar-2026 UTC",0.2100,A_GEN_STANDARD,EUR,VAT,Taxable,,Seller,ShipTo,Country,SPAIN,75.49,13.10,62.39,0.00,0.00,0.00,0.00,0.00,0.00,0.00,0.00,0.00,0.00,0.00,0.00,0.00,0.00,0.00,ESB71337349,ES,,,,,,0.0000,,0.00,ES6000QD9FPVBS,"https://sellercentral.amazon.es/document/download?v=urn%3aalx%3adoc%3a9d8cab0f-1f96-4462-8642-ace99a371392%3a297376d0-a2c9-47b1-aca6-17f5719b1617&t=EU_Retail_Forward",false,Murcia,Murcia,ES,30156,807240000,Carmona,"Sevilla Andalucia",ES,41410,807240000,,true,,,,,,,,,,,,
ES,122283732812,"06-Mar-2026 UTC",SHIPMENT,FALSE,405-1288692-8523500,"06-Mar-2026 UTC",107210252142302,107210252142302,B07DPX25YH,FBA554862-38,1,"06-Mar-2026 UTC",0.2100,A_GEN_STANDARD,EUR,VAT,Taxable,,Seller,ShipTo,Country,SPAIN,74.80,12.98,61.82,0.00,0.00,0.00,0.00,0.00,0.00,0.00,0.00,0.00,0.00,0.00,0.00,0.00,0.00,0.00,ESB71337349,ES,,,,,,0.0000,,0.00,ES6000SC9FPVBS,"https://sellercentral.amazon.es/document/download?v=urn%3aalx%3adoc%3a9d8cab0f-1f96-4462-8642-ace99a371392%3a6743abc6-514e-44b6-bb1f-f08dcf542424&t=EU_Retail_Forward",false,Murcia,Murcia,ES,30156,807240000,Sevilla,Sevilla,ES,41011,807240000,,true,,,,,,,,,,,,
ES,122283732812,"09-Mar-2026 UTC",SHIPMENT,FALSE,407-1656158-9333147,"10-Mar-2026 UTC",26086864478039,26086864478039,B073D1GFZD,629033-43,1,"09-Mar-2026 UTC",0.2100,A_GEN_STANDARD,EUR,VAT,Taxable,,Seller,ShipTo,Country,SPAIN,72.41,12.57,59.84,0.00,0.00,0.00,0.00,0.00,0.00,0.00,0.00,0.00,0.00,0.00,0.00,0.00,0.00,0.00,ESB71337349,ES,,,,,,0.0000,,0.00,ES6000TO9FPVBS,"https://sellercentral.amazon.es/document/download?v=urn%3aalx%3adoc%3a9d8cab0f-1f96-4462-8642-ace99a371392%3a2723635d-7000-4537-b9cf-8b9634909c40&t=EU_Retail_Forward",false,Pamplona,Navarra,ES,31001,807240000,guadalajara,Guadalajara,ES,19001,807240000,,true,,,,,,,,,,,,
ES,122283732812,"24-Mar-2026 UTC",SHIPMENT,FALSE,405-6455001-4572304,"24-Mar-2026 UTC",107945096162302,107945096162302,B07DPXD6PL,FBA426046-41,1,"24-Mar-2026 UTC",0.2100,A_GEN_STANDARD,EUR,VAT,Taxable,,Seller,ShipTo,Country,SPAIN,73.99,12.84,61.15,0.00,0.00,0.00,0.00,0.00,0.00,0.00,0.00,0.00,0.00,0.00,0.00,0.00,0.00,0.00,ESB71337349,ES,,,,,,0.0000,,0.00,ES6000YT9FPVBS,"https://sellercentral.amazon.es/document/download?v=urn%3aalx%3adoc%3a9d8cab0f-1f96-4462-8642-ace99a371392%3a4fef26ae-cce1-47b3-bbcf-e72f81de9019&t=EU_Retail_Forward",false,Murcia,Murcia,ES,30156,807240000,Madrid,madrid,ES,28027,807240000,,true,,,,,,,,,,,,
ES,122283732812,"25-Mar-2026 UTC",SHIPMENT,FALSE,405-1485059-4686704,"25-Mar-2026 UTC",26146186981039,26146186981039,B0BTPWNTZL,753772-39,1,"25-Mar-2026 UTC",0.2100,A_GEN_STANDARD,EUR,VAT,Taxable,,Seller,ShipTo,Country,SPAIN,56.99,9.89,47.10,0.00,0.00,0.00,0.00,0.00,0.00,0.00,0.00,0.00,0.00,0.00,0.00,0.00,0.00,0.00,ESB71337349,ES,,,,,,0.0000,,0.00,ES6000Z09FPVBS,"https://sellercentral.amazon.es/document/download?v=urn%3aalx%3adoc%3a9d8cab0f-1f96-4462-8642-ace99a371392%3ae547f962-f64f-4791-89ef-211a4769d5eb&t=EU_Retail_Forward",false,Pamplona,Navarra,ES,31001,807240000,Madrid,Madrid,ES,28016,807240000,,true,,,,,,,,,,,,
ES,122283732812,"22-Mar-2026 UTC",SHIPMENT,FALSE,171-7387774-3797131,"23-Mar-2026 UTC",26136983006039,26136983006039,B09G326C8S,523989-41,1,"22-Mar-2026 UTC",0.2100,A_GEN_STANDARD,EUR,VAT,Taxable,,Seller,ShipTo,Country,SPAIN,85.49,14.84,70.65,0.00,0.00,0.00,0.00,0.00,0.00,0.00,0.00,0.00,0.00,0.00,0.00,0.00,0.00,0.00,ESB71337349,ES,,,,,,0.0000,,0.00,ES6000Y09FPVBS,"https://sellercentral.amazon.es/document/download?v=urn%3aalx%3adoc%3a9d8cab0f-1f96-4462-8642-ace99a371392%3a8306509c-93c7-4bd9-ba17-bdbc74ab27a6&t=EU_Retail_Forward",false,Pamplona,Navarra,ES,31001,807240000,"Castro del Río",CORDOBA,ES,14840,807240000,,true,,,,,,,,,,,,
ES,122283732812,"23-Mar-2026 UTC",SHIPMENT,FALSE,405-9091740-5426722,"23-Mar-2026 UTC",107909972636302,107909972636302,B072M2PM4T,FBA969056-43,1,"23-Mar-2026 UTC",0.2100,A_GEN_STANDARD,EUR,VAT,Taxable,,Seller,ShipTo,Country,SPAIN,75.49,13.10,62.39,0.00,0.00,0.00,0.00,0.00,0.00,0.00,0.00,0.00,0.00,0.00,0.00,0.00,0.00,0.00,ESB71337349,ES,,,,,,0.0000,,0.00,ES6000YG9FPVBS,"https://sellercentral.amazon.es/document/download?v=urn%3aalx%3adoc%3a9d8cab0f-1f96-4462-8642-ace99a371392%3a09f8d19a-e27a-40a2-8a66-6333bb1af834&t=EU_Retail_Forward",false,Murcia,Murcia,ES,30156,807240000,"Vilanova I La Geltru",Barcelona,ES,08800,807240000,,true,,,,,,,,,,,,
ES,122283732812,"25-Mar-2026 UTC",SHIPMENT,FALSE,407-5699612-5449115,"25-Mar-2026 UTC",26146210043039,26146210043039,B0CPW47W19,610612-39,1,"25-Mar-2026 UTC",0.2100,A_GEN_STANDARD,EUR,VAT,Taxable,,Seller,ShipTo,Country,SPAIN,85.65,14.86,70.79,0.00,0.00,0.00,0.00,0.00,0.00,0.00,0.00,0.00,0.00,0.00,0.00,0.00,0.00,0.00,ESB71337349,ES,,,,,,0.0000,,0.00,ES6000Z29FPVBS,"https://sellercentral.amazon.es/document/download?v=urn%3aalx%3adoc%3a9d8cab0f-1f96-4462-8642-ace99a371392%3a5eb8b099-4a8b-44ef-9737-47a65274da58&t=EU_Retail_Forward",false,Pamplona,Navarra,ES,31001,807240000,Sevilla,Sevilla,ES,41009,807240000,,true,,,,,,,,,,,,
ES,122283732812,"02-Mar-2026 UTC",SHIPMENT,FALSE,407-8498254-7080327,"03-Mar-2026 UTC",26064711509039,26064711509039,B0CQBP4GHB,513627-40,1,"02-Mar-2026 UTC",0.2100,A_GEN_STANDARD,EUR,VAT,Taxable,,Seller,ShipTo,Country,SPAIN,88.00,15.27,72.73,0.00,0.00,0.00,0.00,0.00,0.00,0.00,0.00,0.00,0.00,0.00,0.00,0.00,0.00,0.00,ESB71337349,ES,,,,,,0.0000,,0.00,ES6000QL9FPVBS,"https://sellercentral.amazon.es/document/download?v=urn%3aalx%3adoc%3a9d8cab0f-1f96-4462-8642-ace99a371392%3afa589bd2-3f5d-49e4-a60a-63a8c57d2a0d&t=EU_Retail_Forward",false,Pamplona,Navarra,ES,31001,807240000,Alicante,Alicante,ES,03013,807240000,,true,,,,,,,,,,,,
ES,122283732812,"16-Mar-2026 UTC",SHIPMENT,FALSE,171-9956453-2837102,"16-Mar-2026 UTC",26118000990039,26118000990039,B082MXFRXK,729421-36,1,"16-Mar-2026 UTC",0.2100,A_GEN_STANDARD,EUR,VAT,Taxable,,Seller,ShipTo,Country,SPAIN,51.90,9.01,42.89,0.00,0.00,0.00,0.00,0.00,0.00,0.00,0.00,0.00,0.00,0.00,0.00,0.00,0.00,0.00,ESB71337349,ES,,,,,,0.0000,,0.00,ES6000VS9FPVBS,"https://sellercentral.amazon.es/document/download?v=urn%3aalx%3adoc%3a9d8cab0f-1f96-4462-8642-ace99a371392%3a810e468c-341e-49d5-86c9-5c345e57238f&t=EU_Retail_Forward",false,Pamplona,Navarra,ES,31001,807240000,ALGARROBO,Málaga,ES,29750,807240000,,true,,,,,,,,,,,,
ES,122283732812,"12-Mar-2026 UTC",SHIPMENT,FALSE,408-0255404-6648372,"13-Mar-2026 UTC",26106019985039,26106019985039,B01BVUTABC,031950-42,1,"12-Mar-2026 UTC",0.2100,A_GEN_STANDARD,EUR,VAT,Taxable,,Seller,ShipTo,Country,SPAIN,51.99,9.02,42.97,0.00,0.00,0.00,0.00,0.00,0.00,0.00,0.00,0.00,0.00,0.00,0.00,0.00,0.00,0.00,ESB71337349,ES,,,,,,0.0000,,0.00,ES6000UH9FPVBS,"https://sellercentral.amazon.es/document/download?v=urn%3aalx%3adoc%3a9d8cab0f-1f96-4462-8642-ace99a371392%3a6c9fb08b-8444-4d0a-b8c2-5f5d313006d3&t=EU_Retail_Forward",false,Pamplona,Navarra,ES,31001,807240000,pechina,Almeria,ES,04250,807240000,,true,,,,,,,,,,,,
ES,122283732812,"01-Mar-2026 UTC",SHIPMENT,FALSE,402-4129796-0585902,"02-Mar-2026 UTC",26059822714039,26059822714039,B0F63CLKHY,611624-42,1,"01-Mar-2026 UTC",0.2100,A_GEN_STANDARD,EUR,VAT,Taxable,,Seller,ShipTo,Country,SPAIN,95.19,16.52,78.67,0.00,0.00,0.00,0.00,0.00,0.00,0.00,0.00,0.00,0.00,0.00,0.00,0.00,0.00,0.00,ESB71337349,ES,,,,,,0.0000,,0.00,ES6000PV9FPVBS,"https://sellercentral.amazon.es/document/download?v=urn%3aalx%3adoc%3a9d8cab0f-1f96-4462-8642-ace99a371392%3a1ed708c0-5f2b-426d-abb1-79b9acd65540&t=EU_Retail_Forward",false,Pamplona,Navarra,ES,31001,807240000,Puertollano,"Ciudad Real",ES,13500,807240000,,true,,,,,,,,,,,,
ES,122283732812,"13-Mar-2026 UTC",SHIPMENT,FALSE,402-9474404-2788357,"14-Mar-2026 UTC",107511527231302,107511527231302,B0772VRXB3,FBA738825-40,1,"13-Mar-2026 UTC",0.2100,A_GEN_STANDARD,EUR,VAT,Taxable,,Seller,ShipTo,Country,SPAIN,95.90,16.64,79.26,0.00,0.00,0.00,0.00,0.00,0.00,0.00,0.00,0.00,0.00,0.00,0.00,0.00,0.00,0.00,ESB71337349,ES,,,,,,0.0000,,0.00,ES6000UQ9FPVBS,"https://sellercentral.amazon.es/document/download?v=urn%3aalx%3adoc%3a9d8cab0f-1f96-4462-8642-ace99a371392%3ae28b7c91-849f-4558-b132-2c3fc910d23e&t=EU_Retail_Forward",false,Murcia,Murcia,ES,30156,807240000,Madrid,Madrid,ES,28027,807240000,,true,,,,,,,,,,,,
ES,122283732812,"07-Mar-2026 UTC",SHIPMENT,FALSE,402-5247759-2902710,"09-Mar-2026 UTC",26080964789039,26080964789039,B0BG63GT7R,203421-44,1,"07-Mar-2026 UTC",0.2100,A_GEN_STANDARD,EUR,VAT,Taxable,,Seller,ShipTo,Country,SPAIN,92.99,16.14,76.85,0.00,0.00,0.00,0.00,0.00,0.00,0.00,0.00,0.00,0.00,0.00,0.00,0.00,0.00,0.00,ESB71337349,ES,,,,,,0.0000,,0.00,ES6000T09FPVBS,"https://sellercentral.amazon.es/document/download?v=urn%3aalx%3adoc%3a9d8cab0f-1f96-4462-8642-ace99a371392%3a9a70bd2e-6d87-4830-93b6-9512f1159b23&t=EU_Retail_Forward",false,Pamplona,Navarra,ES,31001,807240000,Sevilla,Sevilla,ES,41010,807240000,,true,,,,,,,,,,,,
ES,122283732812,"17-Mar-2026 UTC",SHIPMENT,FALSE,171-4904107-2097927,"17-Mar-2026 UTC",26121962592039,26121962592039,B0DVC3HDRH,388029-40,1,"17-Mar-2026 UTC",0.2100,A_GEN_STANDARD,EUR,VAT,Taxable,,Seller,ShipTo,Country,SPAIN,77.89,13.52,64.37,0.00,0.00,0.00,0.00,0.00,0.00,0.00,0.00,0.00,0.00,0.00,0.00,0.00,0.00,0.00,ESB71337349,ES,,,,,,0.0000,,0.00,ES6000WG9FPVBS,"https://sellercentral.amazon.es/document/download?v=urn%3aalx%3adoc%3a9d8cab0f-1f96-4462-8642-ace99a371392%3a735d0bdc-5398-4eff-adc0-83ff4ffbe5b3&t=EU_Retail_Forward",false,Pamplona,Navarra,ES,31001,807240000,"Alhama de murcia",Murcia,ES,30840,807240000,,true,,,,,,,,,,,,
ES,122283732812,"27-Mar-2026 UTC",SHIPMENT,FALSE,403-5165399-1217914,"27-Mar-2026 UTC",26152526808039,26152526808039,B071W6NS96,193518-45,1,"27-Mar-2026 UTC",0.2100,A_GEN_STANDARD,EUR,VAT,Taxable,,Seller,ShipTo,Country,SPAIN,72.99,12.67,60.32,0.00,0.00,0.00,0.00,0.00,0.00,0.00,0.00,0.00,0.00,0.00,0.00,0.00,0.00,0.00,ESB71337349,ES,,,,,,0.0000,,0.00,ES6000ZN9FPVBS,"https://sellercentral.amazon.es/document/download?v=urn%3aalx%3adoc%3a9d8cab0f-1f96-4462-8642-ace99a371392%3a61944255-034b-4f53-8da7-11669f068ffa&t=EU_Retail_Forward",false,Pamplona,Navarra,ES,31001,807240000,Pamplona-iruña,Navarra,ES,31005,807240000,,true,,,,,,,,,,,,
ES,122283732812,"07-Mar-2026 UTC",SHIPMENT,FALSE,405-2989822-1220352,"09-Mar-2026 UTC",26079785692039,26079785692039,B0CJ5CFKN9,442597-43,1,"07-Mar-2026 UTC",0.2100,A_GEN_STANDARD,EUR,VAT,Taxable,,Seller,ShipTo,Country,SPAIN,99.90,17.34,82.56,0.00,0.00,0.00,0.00,0.00,0.00,0.00,0.00,0.00,0.00,0.00,0.00,0.00,0.00,0.00,ESB71337349,ES,,,,,,0.0000,,0.00,ES6000SV9FPVBS,"https://sellercentral.amazon.es/document/download?v=urn%3aalx%3adoc%3a9d8cab0f-1f96-4462-8642-ace99a371392%3a33bd59b5-e3d9-4781-8a26-ffee5603d87b&t=EU_Retail_Forward",false,Pamplona,Navarra,ES,31001,807240000,Madrid,Madrid,ES,28012,807240000,,true,,,,,,,,,,,,
ES,122283732812,"03-Mar-2026 UTC",SHIPMENT,FALSE,405-2210535-7540305,"03-Mar-2026 UTC",26065144531039,26065144531039,B092LHYV43,191937-39,1,"03-Mar-2026 UTC",0.2100,A_GEN_STANDARD,EUR,VAT,Taxable,,Seller,ShipTo,Country,SPAIN,139.99,24.30,115.69,0.00,0.00,0.00,0.00,0.00,0.00,0.00,0.00,0.00,0.00,0.00,0.00,0.00,0.00,0.00,ESB71337349,ES,,,,,,0.0000,,0.00,ES6000QN9FPVBS,"https://sellercentral.amazon.es/document/download?v=urn%3aalx%3adoc%3a9d8cab0f-1f96-4462-8642-ace99a371392%3a69d484a4-dc03-484a-b906-051d72f625be&t=EU_Retail_Forward",false,Pamplona,Navarra,ES,31001,807240000,Teulada,Alicante,ES,03725,807240000,,true,,,,,,,,,,,,
ES,122283732812,"14-Mar-2026 UTC",SHIPMENT,FALSE,402-9651430-5445117,"16-Mar-2026 UTC",26112644190039,26112644190039,B0C8CLST9P,671823-39,1,"14-Mar-2026 UTC",0.2100,A_GEN_STANDARD,EUR,VAT,Taxable,,Seller,ShipTo,Country,SPAIN,99.99,17.35,82.64,0.00,0.00,0.00,0.00,0.00,0.00,0.00,0.00,0.00,0.00,0.00,0.00,0.00,0.00,0.00,ESB71337349,ES,,,,,,0.0000,,0.00,ES6000V49FPVBS,"https://sellercentral.amazon.es/document/download?v=urn%3aalx%3adoc%3a9d8cab0f-1f96-4462-8642-ace99a371392%3ab0043a80-64fd-44c0-b664-c7ca8e79b35e&t=EU_Retail_Forward",false,Pamplona,Navarra,ES,31001,807240000,Algeciras,Cadiz,ES,11204,807240000,,true,,,,,,,,,,,,
ES,122283732812,"14-Mar-2026 UTC",SHIPMENT,FALSE,405-0707190-4700310,"16-Mar-2026 UTC",26110130719039,26110130719039,B07DPXNTPS,554862-39,1,"14-Mar-2026 UTC",0.2100,A_GEN_STANDARD,EUR,VAT,Taxable,,Seller,ShipTo,Country,SPAIN,74.99,13.01,61.98,0.00,0.00,0.00,0.00,0.00,0.00,0.00,0.00,0.00,0.00,0.00,0.00,0.00,0.00,0.00,ESB71337349,ES,,,,,,0.0000,,0.00,ES6000UZ9FPVBS,"https://sellercentral.amazon.es/document/download?v=urn%3aalx%3adoc%3a9d8cab0f-1f96-4462-8642-ace99a371392%3accb8815a-eeda-44ff-a2e3-92b2225dc96a&t=EU_Retail_Forward",false,Pamplona,Navarra,ES,31001,807240000,"Maçanet de la Selva",Girona,ES,17412,807240000,,true,,,,,,,,,,,,
ES,122283732812,"22-Mar-2026 UTC",SHIPMENT,FALSE,403-3209731-3527535,"23-Mar-2026 UTC",26138784514039,26138784514039,B0F5P211G5,464415-38,1,"22-Mar-2026 UTC",0.2100,A_GEN_STANDARD,EUR,VAT,Taxable,,Seller,ShipTo,Country,SPAIN,119.95,20.82,99.13,0.00,0.00,0.00,0.00,0.00,0.00,0.00,0.00,0.00,0.00,0.00,0.00,0.00,0.00,0.00,ESB71337349,ES,,,,,,0.0000,,0.00,ES6000Y59FPVBS,"https://sellercentral.amazon.es/document/download?v=urn%3aalx%3adoc%3a9d8cab0f-1f96-4462-8642-ace99a371392%3a1741f064-2466-4ca3-bf4b-4fbd5efe42a3&t=EU_Retail_Forward",false,Pamplona,Navarra,ES,31001,807240000,"Medina de rioseco",Valladolid,ES,47800,807240000,,true,,,,,,,,,,,,
ES,122283732812,"11-Mar-2026 UTC",SHIPMENT,FALSE,402-6001527-8349142,"11-Mar-2026 UTC",26102531798039,26102531798039,B01BVUTBF2,031950-43,1,"11-Mar-2026 UTC",0.2100,A_GEN_STANDARD,EUR,VAT,Taxable,,Seller,ShipTo,Country,SPAIN,53.95,9.36,44.59,0.00,0.00,0.00,0.00,0.00,0.00,0.00,0.00,0.00,0.00,0.00,0.00,0.00,0.00,0.00,ESB71337349,ES,,,,,,0.0000,,0.00,ES6000U19FPVBS,"https://sellercentral.amazon.es/document/download?v=urn%3aalx%3adoc%3a9d8cab0f-1f96-4462-8642-ace99a371392%3ab38b8932-b0a1-41bb-a47e-af6dc96750b0&t=EU_Retail_Forward",false,Pamplona,Navarra,ES,31001,807240000,"CALDES DE MALAVELLA",GIRONA,ES,17455,807240000,,true,,,,,,,,,,,,
ES,122283732812,"18-Mar-2026 UTC",SHIPMENT,FALSE,405-2035897-3189954,"18-Mar-2026 UTC",26124936666039,26124936666039,B0DYL2JZ8G,305747-41,1,"18-Mar-2026 UTC",0.2100,A_GEN_STANDARD,EUR,VAT,Taxable,,Seller,ShipTo,Country,SPAIN,92.90,16.12,76.78,0.00,0.00,0.00,0.00,0.00,0.00,0.00,0.00,0.00,0.00,0.00,0.00,0.00,0.00,0.00,ESB71337349,ES,,,,,,0.0000,,0.00,ES6000WS9FPVBS,"https://sellercentral.amazon.es/document/download?v=urn%3aalx%3adoc%3a9d8cab0f-1f96-4462-8642-ace99a371392%3abd228745-053f-4ba4-9756-c4d397e20319&t=EU_Retail_Forward",false,Pamplona,Navarra,ES,31001,807240000,"SANT CUGAT DEL VALLES",BARCELONA,ES,08197,807240000,,true,,,,,,,,,,,,
ES,122283732812,"07-Mar-2026 UTC",SHIPMENT,FALSE,407-2429947-7637919,"09-Mar-2026 UTC",26081052459039,26081052459039,B0DQ8XXV2M,898493-37,1,"07-Mar-2026 UTC",0.2100,A_GEN_STANDARD,EUR,VAT,Taxable,,Seller,ShipTo,Country,SPAIN,109.85,19.06,90.79,0.00,0.00,0.00,0.00,0.00,0.00,0.00,0.00,0.00,0.00,0.00,0.00,0.00,0.00,0.00,ESB71337349,ES,,,,,,0.0000,,0.00,ES6000SZ9FPVBS,"https://sellercentral.amazon.es/document/download?v=urn%3aalx%3adoc%3a9d8cab0f-1f96-4462-8642-ace99a371392%3a45adcd9f-2688-4bf8-8cd3-b1688831aef4&t=EU_Retail_Forward",false,Pamplona,Navarra,ES,31001,807240000,"San Vicente del Raspeig",Alicante,ES,03690,807240000,,true,,,,,,,,,,,,
ES,122283732812,"20-Mar-2026 UTC",SHIPMENT,FALSE,406-2211990-0222760,"20-Mar-2026 UTC",26131293901039,26131293901039,B0D9TQ47YK,405683-40,1,"20-Mar-2026 UTC",0.2100,A_GEN_STANDARD,EUR,VAT,Taxable,,Seller,ShipTo,Country,SPAIN,90.90,15.78,75.12,0.00,0.00,0.00,0.00,0.00,0.00,0.00,0.00,0.00,0.00,0.00,0.00,0.00,0.00,0.00,ESB71337349,ES,,,,,,0.0000,,0.00,ES6000X49FPVBS,"https://sellercentral.amazon.es/document/download?v=urn%3aalx%3adoc%3a9d8cab0f-1f96-4462-8642-ace99a371392%3a55cb247d-bc3d-4e40-893c-6131d9138245&t=EU_Retail_Forward",false,Pamplona,Navarra,ES,31001,807240000,SANTURTZI,BIZKAIA,ES,48980,807240000,,true,,,,,,,,,,,,
ES,122283732812,"03-Mar-2026 UTC",SHIPMENT,FALSE,402-0752323-8231530,"03-Mar-2026 UTC",26065881239039,26065881239039,B074Q41TKC,216279-41,1,"03-Mar-2026 UTC",0.2100,A_GEN_STANDARD,EUR,VAT,Taxable,,Seller,ShipTo,Country,SPAIN,84.94,14.74,70.20,0.00,0.00,0.00,0.00,0.00,0.00,0.00,0.00,0.00,0.00,0.00,0.00,0.00,0.00,0.00,ESB71337349,ES,,,,,,0.0000,,0.00,ES6000QS9FPVBS,"https://sellercentral.amazon.es/document/download?v=urn%3aalx%3adoc%3a9d8cab0f-1f96-4462-8642-ace99a371392%3a30919db3-df94-4155-8651-9cc6d3a6bbd9&t=EU_Retail_Forward",false,Pamplona,Navarra,ES,31001,807240000,Aspe,Alicante,ES,03680,807240000,,true,,,,,,,,,,,,
ES,122283732812,"08-Mar-2026 UTC",SHIPMENT,FALSE,408-3513629-9037102,"09-Mar-2026 UTC",26082609624039,26082609624039,B07V2J4PX9,601060-42,1,"08-Mar-2026 UTC",0.2100,A_GEN_STANDARD,EUR,VAT,Taxable,,Seller,ShipTo,Country,SPAIN,77.79,13.50,64.29,0.00,0.00,0.00,0.00,0.00,0.00,0.00,0.00,0.00,0.00,0.00,0.00,0.00,0.00,0.00,ESB71337349,ES,,,,,,0.0000,,0.00,ES6000T69FPVBS,"https://sellercentral.amazon.es/document/download?v=urn%3aalx%3adoc%3a9d8cab0f-1f96-4462-8642-ace99a371392%3a5c7ef3ce-0fd4-4866-a4f8-e23c98df72b3&t=EU_Retail_Forward",false,Pamplona,Navarra,ES,31001,807240000,Badajoz,Badajoz,ES,06011,807240000,,true,,,,,,,,,,,,
ES,122283732812,"26-Mar-2026 UTC",SHIPMENT,FALSE,403-7571223-5847519,"27-Mar-2026 UTC",26152145077039,26152145077039,B0CPW23H46,610612-41,1,"27-Mar-2026 UTC",0.2100,A_GEN_STANDARD,EUR,VAT,Taxable,,Seller,ShipTo,Country,SPAIN,85.65,14.86,70.79,0.00,0.00,0.00,0.00,0.00,0.00,0.00,0.00,0.00,0.00,0.00,0.00,0.00,0.00,0.00,ESB71337349,ES,,,,,,0.0000,,0.00,ES6000ZO9FPVBS,"https://sellercentral.amazon.es/document/download?v=urn%3aalx%3adoc%3a9d8cab0f-1f96-4462-8642-ace99a371392%3a0c52c1f9-0b18-4e28-b4d4-2f3cb90e1686&t=EU_Retail_Forward",false,Pamplona,Navarra,ES,31001,807240000,CAUDETE,ALBACETE,ES,02660,807240000,,true,,,,,,,,,,,,
ES,122283732812,"18-Mar-2026 UTC",SHIPMENT,FALSE,407-3577000-6878735,"18-Mar-2026 UTC",26123801852039,26123801852039,B0BCNWTW27,209925-40,1,"18-Mar-2026 UTC",0.2100,A_GEN_STANDARD,EUR,VAT,Taxable,,Seller,ShipTo,Country,SPAIN,104.89,18.20,86.69,0.00,0.00,0.00,0.00,0.00,0.00,0.00,0.00,0.00,0.00,0.00,0.00,0.00,0.00,0.00,ESB71337349,ES,,,,,,0.0000,,0.00,ES6000WN9FPVBS,"https://sellercentral.amazon.es/document/download?v=urn%3aalx%3adoc%3a9d8cab0f-1f96-4462-8642-ace99a371392%3ab1189b22-3861-4f44-8091-0be9af8c9aca&t=EU_Retail_Forward",false,Pamplona,Navarra,ES,31001,807240000,Torrevieja,Alicante,ES,03182,807240000,,true,,,,,,,,,,,,
ES,122283732812,"15-Mar-2026 UTC",SHIPMENT,FALSE,405-8864435-7720362,"16-Mar-2026 UTC",26116430601039,26116430601039,B002PAQKI4,238583-42,1,"15-Mar-2026 UTC",0.2100,A_GEN_STANDARD,EUR,VAT,Taxable,,Seller,ShipTo,Country,SPAIN,133.80,23.22,110.58,0.00,0.00,0.00,0.00,0.00,0.00,0.00,0.00,0.00,0.00,0.00,0.00,0.00,0.00,0.00,ESB71337349,ES,,,,,,0.0000,,0.00,ES6000VH9FPVBS,"https://sellercentral.amazon.es/document/download?v=urn%3aalx%3adoc%3a9d8cab0f-1f96-4462-8642-ace99a371392%3ad6e24c2d-7576-455f-9488-d8ab03c4059c&t=EU_Retail_Forward",false,Pamplona,Navarra,ES,31001,807240000,Manresa,BARCELONA,ES,08243,807240000,,true,,,,,,,,,,,,
ES,122283732812,"25-Mar-2026 UTC",SHIPMENT,FALSE,406-4380549-2199518,"26-Mar-2026 UTC",107988948145302,107988948145302,B072M2R4W6,FBA377785-41,1,"25-Mar-2026 UTC",0.2100,A_GEN_STANDARD,EUR,VAT,Taxable,,Seller,ShipTo,Country,SPAIN,79.99,13.88,66.11,0.00,0.00,0.00,0.00,0.00,0.00,0.00,0.00,0.00,0.00,0.00,0.00,0.00,0.00,0.00,ESB71337349,ES,,,,,,0.0000,,0.00,ES6000Z99FPVBS,"https://sellercentral.amazon.es/document/download?v=urn%3aalx%3adoc%3a9d8cab0f-1f96-4462-8642-ace99a371392%3afb80ca4f-ff13-475a-b09a-f71154cb99e4&t=EU_Retail_Forward",false,Illescas,Illescas,ES,45200,807240000,"Las navas del marqués",Avila,ES,05230,807240000,,true,,,,,,,,,,,,
ES,122283732812,"25-Mar-2026 UTC",SHIPMENT,FALSE,404-3477778-3916349,"25-Mar-2026 UTC",26146797835039,26146797835039,B0DWFTXLQD,169147-37,1,"25-Mar-2026 UTC",0.2100,A_GEN_STANDARD,EUR,VAT,Taxable,,Seller,ShipTo,Country,SPAIN,77.99,13.54,64.45,0.00,0.00,0.00,0.00,0.00,0.00,0.00,0.00,0.00,0.00,0.00,0.00,0.00,0.00,0.00,ESB71337349,ES,,,,,,0.0000,,0.00,ES6000Z49FPVBS,"https://sellercentral.amazon.es/document/download?v=urn%3aalx%3adoc%3a9d8cab0f-1f96-4462-8642-ace99a371392%3a6b565fac-4df5-4fc8-820d-5edcf7efa93b&t=EU_Retail_Forward",false,Pamplona,Navarra,ES,31001,807240000,"Vilafranca del Penedès",Barcelona,ES,08720,807240000,,true,,,,,,,,,,,,
ES,122283732812,"15-Mar-2026 UTC",SHIPMENT,FALSE,171-1616727-3592301,"16-Mar-2026 UTC",26116342343039,26116342343039,B08QMZYKGF,674821-40,1,"15-Mar-2026 UTC",0.2100,A_GEN_STANDARD,EUR,VAT,Taxable,,Seller,ShipTo,Country,SPAIN,57.89,10.05,47.84,0.00,0.00,0.00,0.00,0.00,0.00,0.00,0.00,0.00,0.00,0.00,0.00,0.00,0.00,0.00,ESB71337349,ES,,,,,,0.0000,,0.00,ES6000VE9FPVBS,"https://sellercentral.amazon.es/document/download?v=urn%3aalx%3adoc%3a9d8cab0f-1f96-4462-8642-ace99a371392%3ae4621ed9-eed1-463d-9bca-d108ea80c0e0&t=EU_Retail_Forward",false,Pamplona,Navarra,ES,31001,807240000,Valdecilla,Cantabria,ES,39724,807240000,,true,,,,,,,,,,,,
ES,122283732812,"23-Mar-2026 UTC",SHIPMENT,FALSE,407-6254907-9910760,"24-Mar-2026 UTC",26141990669039,26141990669039,B0DXBTVN4Q,938584-41,1,"23-Mar-2026 UTC",0.2100,A_GEN_STANDARD,EUR,VAT,Taxable,,Seller,ShipTo,Country,SPAIN,90.99,15.79,75.20,0.00,0.00,0.00,0.00,0.00,0.00,0.00,0.00,0.00,0.00,0.00,0.00,0.00,0.00,0.00,ESB71337349,ES,,,,,,0.0000,,0.00,ES6000YJ9FPVBS,"https://sellercentral.amazon.es/document/download?v=urn%3aalx%3adoc%3a9d8cab0f-1f96-4462-8642-ace99a371392%3aab4b68d5-4cd0-4c2a-ae71-d69949eaefe5&t=EU_Retail_Forward",false,Pamplona,Navarra,ES,31001,807240000,"Barrio Nuevo",Cádiz,ES,11149,807240000,,true,,,,,,,,,,,,
ES,122283732812,"16-Mar-2026 UTC",SHIPMENT,FALSE,402-6966189-9748340,"17-Mar-2026 UTC",26120111072039,26120111072039,B00DJ20RKE,222317-38,1,"16-Mar-2026 UTC",0.2100,A_GEN_STANDARD,EUR,VAT,Taxable,,Seller,ShipTo,Country,SPAIN,54.99,9.54,45.45,0.00,0.00,0.00,0.00,0.00,0.00,0.00,0.00,0.00,0.00,0.00,0.00,0.00,0.00,0.00,ESB71337349,ES,,,,,,0.0000,,0.00,ES6000W69FPVBS,"https://sellercentral.amazon.es/document/download?v=urn%3aalx%3adoc%3a9d8cab0f-1f96-4462-8642-ace99a371392%3abe24b13d-4671-4155-8ec6-36f14f1eb430&t=EU_Retail_Forward",false,Pamplona,Navarra,ES,31001,807240000,MADRID,MADRID,ES,28008,807240000,,true,,,,,,,,,,,,
ES,122283732812,"02-Mar-2026 UTC",SHIPMENT,FALSE,404-9855392-2398751,"02-Mar-2026 UTC",26061937532039,26061937532039,B09RSSWG33,850345-42,1,"02-Mar-2026 UTC",0.2100,A_GEN_STANDARD,EUR,VAT,Taxable,,Seller,ShipTo,Country,SPAIN,120.00,20.83,99.17,0.00,0.00,0.00,0.00,0.00,0.00,0.00,0.00,0.00,0.00,0.00,0.00,0.00,0.00,0.00,ESB71337349,ES,,,,,,0.0000,,0.00,ES6000Q49FPVBS,"https://sellercentral.amazon.es/document/download?v=urn%3aalx%3adoc%3a9d8cab0f-1f96-4462-8642-ace99a371392%3a87e34b42-f65b-40c7-b287-79a64afb6dc7&t=EU_Retail_Forward",false,Pamplona,Navarra,ES,31001,807240000,Sevilla,Sevilla,ES,41009,807240000,,true,,,,,,,,,,,,
ES,122283732812,"02-Mar-2026 UTC",SHIPMENT,FALSE,408-8762039-0006753,"02-Mar-2026 UTC",26062140215039,26062140215039,B0DH59HVP4,005563-42,1,"02-Mar-2026 UTC",0.2100,A_GEN_STANDARD,EUR,VAT,Taxable,,Seller,ShipTo,Country,SPAIN,91.90,15.95,75.95,0.00,0.00,0.00,0.00,0.00,0.00,0.00,0.00,0.00,0.00,0.00,0.00,0.00,0.00,0.00,ESB71337349,ES,,,,,,0.0000,,0.00,ES6000Q69FPVBS,"https://sellercentral.amazon.es/document/download?v=urn%3aalx%3adoc%3a9d8cab0f-1f96-4462-8642-ace99a371392%3af1a7a9b7-35dd-4fa3-af33-42687f15fcbc&t=EU_Retail_Forward",false,Pamplona,Navarra,ES,31001,807240000,"Piedras blancas",Asturias,ES,33450,807240000,,true,,,,,,,,,,,,
ES,122283732812,"17-Mar-2026 UTC",SHIPMENT,FALSE,403-9116122-8667535,"17-Mar-2026 UTC",26120707420039,26120707420039,B019QVYR9S,408076-42,1,"17-Mar-2026 UTC",0.2100,A_GEN_STANDARD,EUR,VAT,Taxable,,Seller,ShipTo,Country,SPAIN,55.35,9.61,45.74,0.00,0.00,0.00,0.00,0.00,0.00,0.00,0.00,0.00,0.00,0.00,0.00,0.00,0.00,0.00,ESB71337349,ES,,,,,,0.0000,,0.00,ES6000WA9FPVBS,"https://sellercentral.amazon.es/document/download?v=urn%3aalx%3adoc%3a9d8cab0f-1f96-4462-8642-ace99a371392%3a16fd7b71-8606-49da-92d5-ce557fcb7702&t=EU_Retail_Forward",false,Pamplona,Navarra,ES,31001,807240000,"Palos de la frontera",Huelva,ES,21810,807240000,,true,,,,,,,,,,,,
ES,122283732812,"20-Mar-2026 UTC",SHIPMENT,FALSE,171-1275887-1591527,"21-Mar-2026 UTC",107785305063302,107785305063302,B071W6NT3F,FBA969056-42,1,"21-Mar-2026 UTC",0.2100,A_GEN_STANDARD,EUR,VAT,Taxable,,Seller,ShipTo,Country,SPAIN,77.39,13.43,63.96,0.00,0.00,0.00,0.00,0.00,0.00,0.00,0.00,0.00,0.00,0.00,0.00,0.00,0.00,0.00,ESB71337349,ES,,,,,,0.0000,,0.00,ES6000XC9FPVBS,"https://sellercentral.amazon.es/document/download?v=urn%3aalx%3adoc%3a9d8cab0f-1f96-4462-8642-ace99a371392%3af163bfd1-c610-4b01-b397-73b2779044d6&t=EU_Retail_Forward",false,Murcia,Murcia,ES,30156,807240000,"HOSPITALET DE LLOBREGAT, L'",,ES,08901,807240000,,true,,,,,,,,,,,,
ES,122283732812,"09-Mar-2026 UTC",SHIPMENT,FALSE,402-8063265-6035539,"10-Mar-2026 UTC",26087107287039,26087107287039,B01M4R05Q9,189768-44,1,"09-Mar-2026 UTC",0.2100,A_GEN_STANDARD,EUR,VAT,Taxable,,Seller,ShipTo,Country,SPAIN,55.98,9.72,46.26,0.00,0.00,0.00,0.00,0.00,0.00,0.00,0.00,0.00,0.00,0.00,0.00,0.00,0.00,0.00,ESB71337349,ES,,,,,,0.0000,,0.00,ES6000TI9FPVBS,"https://sellercentral.amazon.es/document/download?v=urn%3aalx%3adoc%3a9d8cab0f-1f96-4462-8642-ace99a371392%3a359fc5f1-b06a-4ebc-bed0-3bee63842448&t=EU_Retail_Forward",false,Pamplona,Navarra,ES,31001,807240000,BADALONA,Barcelona,ES,08914,807240000,,true,,,,,,,,,,,,
ES,122283732812,"18-Mar-2026 UTC",SHIPMENT,FALSE,403-0014584-6854730,"18-Mar-2026 UTC",26125102327039,26125102327039,B07DPSJFRH,999945-38,1,"18-Mar-2026 UTC",0.2100,A_GEN_STANDARD,EUR,VAT,Taxable,,Seller,ShipTo,Country,SPAIN,77.99,13.54,64.45,0.00,0.00,0.00,0.00,0.00,0.00,0.00,0.00,0.00,0.00,0.00,0.00,0.00,0.00,0.00,ESB71337349,ES,,,,,,0.0000,,0.00,ES6000WT9FPVBS,"https://sellercentral.amazon.es/document/download?v=urn%3aalx%3adoc%3a9d8cab0f-1f96-4462-8642-ace99a371392%3a6641bd3e-06e7-444d-b2af-6d1367d8b172&t=EU_Retail_Forward",false,Pamplona,Navarra,ES,31001,807240000,Palma,Baleares,ES,07009,807240000,,true,,,,,,,,,,,,
ES,122283732812,"18-Mar-2026 UTC",SHIPMENT,FALSE,404-2860799-6659567,"18-Mar-2026 UTC",26125125928039,26125125928039,B0993LDG51,390377-44,1,"18-Mar-2026 UTC",0.2100,A_GEN_STANDARD,EUR,VAT,Taxable,,Seller,ShipTo,Country,SPAIN,100.68,17.47,83.21,0.00,0.00,0.00,0.00,0.00,0.00,0.00,0.00,0.00,0.00,0.00,0.00,0.00,0.00,0.00,ESB71337349,ES,,,,,,0.0000,,0.00,ES6000WU9FPVBS,"https://sellercentral.amazon.es/document/download?v=urn%3aalx%3adoc%3a9d8cab0f-1f96-4462-8642-ace99a371392%3ac347f273-7086-4724-8092-a4c9adc1dfdb&t=EU_Retail_Forward",false,Pamplona,Navarra,ES,31001,807240000,Martorell,Barcelona,ES,08760,807240000,,true,,,,,,,,,,,,
ES,122283732812,"03-Mar-2026 UTC",SHIPMENT,FALSE,408-9169517-5161156,"04-Mar-2026 UTC",535455707404001,535455707404001,B07DPXD6QW,FBA341203-38,1,"04-Mar-2026 UTC",0.2100,A_GEN_STANDARD,EUR,VAT,Taxable,,Seller,ShipTo,Country,SPAIN,77.99,13.54,64.45,0.00,0.00,0.00,0.00,0.00,0.00,0.00,0.00,0.00,0.00,0.00,0.00,0.00,0.00,0.00,ESB71337349,ES,ESW0184081H,ES,VAT,,,0.0000,,0.00,N/A,N/A,false,Murcia,Murcia,ES,30156,807240000,Murcia,Murcia,ES,30156,807240000,,true,,,,,,,,,,,,
ES,122283732812,"01-Mar-2026 UTC",SHIPMENT,FALSE,407-4835139-0818712,"02-Mar-2026 UTC",26053927605039,26053927605039,B09G2YTT5T,523989-42,1,"01-Mar-2026 UTC",0.2100,A_GEN_STANDARD,EUR,VAT,Taxable,,Seller,ShipTo,Country,SPAIN,86.79,15.06,71.73,0.00,0.00,0.00,0.00,0.00,0.00,0.00,0.00,0.00,0.00,0.00,0.00,0.00,0.00,0.00,ESB71337349,ES,,,,,,0.0000,,0.00,ES6000PP9FPVBS,"https://sellercentral.amazon.es/document/download?v=urn%3aalx%3adoc%3a9d8cab0f-1f96-4462-8642-ace99a371392%3a0dc48112-5af1-488e-8055-3a371a8956ed&t=EU_Retail_Forward",false,Pamplona,Navarra,ES,31001,807240000,TARRAGONA,TARRAGONA,ES,43005,807240000,,true,,,,,,,,,,,,
ES,122283732812,"14-Mar-2026 UTC",SHIPMENT,FALSE,407-4969159-2956342,"16-Mar-2026 UTC",26111011957039,26111011957039,B074Q2Y9C4,216279-39,1,"14-Mar-2026 UTC",0.2100,A_GEN_STANDARD,EUR,VAT,Taxable,,Seller,ShipTo,Country,SPAIN,93.09,16.16,76.93,0.00,0.00,0.00,0.00,0.00,0.00,0.00,0.00,0.00,0.00,0.00,0.00,0.00,0.00,0.00,ESB71337349,ES,,,,,,0.0000,,0.00,ES6000V09FPVBS,"https://sellercentral.amazon.es/document/download?v=urn%3aalx%3adoc%3a9d8cab0f-1f96-4462-8642-ace99a371392%3a7473bae8-5115-4353-9714-93059f8f32d8&t=EU_Retail_Forward",false,Pamplona,Navarra,ES,31001,807240000,Cáceres,,ES,10005,807240000,,true,,,,,,,,,,,,
ES,122283732812,"04-Mar-2026 UTC",SHIPMENT,FALSE,403-3409363-4171569,"04-Mar-2026 UTC",26069754559039,26069754559039,B00DJ214LU,222317-46,1,"04-Mar-2026 UTC",0.2100,A_GEN_STANDARD,EUR,VAT,Taxable,,Seller,ShipTo,Country,SPAIN,54.99,9.54,45.45,0.00,0.00,0.00,0.00,0.00,0.00,0.00,0.00,0.00,0.00,0.00,0.00,0.00,0.00,0.00,ESB71337349,ES,,,,,,0.0000,,0.00,ES6000RL9FPVBS,"https://sellercentral.amazon.es/document/download?v=urn%3aalx%3adoc%3a9d8cab0f-1f96-4462-8642-ace99a371392%3a63fbce28-e6b0-447d-b873-59747b4bafe0&t=EU_Retail_Forward",false,Pamplona,Navarra,ES,31001,807240000,Sevilla,Sevilla,ES,41009,807240000,,true,,,,,,,,,,,,
ES,122283732812,"10-Mar-2026 UTC",SHIPMENT,FALSE,403-1672944-6647516,"11-Mar-2026 UTC",26092086151039,26092086151039,B07DPXNTPS,554862-39,1,"10-Mar-2026 UTC",0.2100,A_GEN_STANDARD,EUR,VAT,Taxable,,Seller,ShipTo,Country,SPAIN,74.99,13.01,61.98,0.00,0.00,0.00,0.00,0.00,0.00,0.00,0.00,0.00,0.00,0.00,0.00,0.00,0.00,0.00,ESB71337349,ES,,,,,,0.0000,,0.00,ES6000U09FPVBS,"https://sellercentral.amazon.es/document/download?v=urn%3aalx%3adoc%3a9d8cab0f-1f96-4462-8642-ace99a371392%3a2143c290-469d-48af-8d7d-c7f655a6dee0&t=EU_Retail_Forward",false,Pamplona,Navarra,ES,31001,807240000,Córdoba,Córdoba,ES,14006,807240000,,true,,,,,,,,,,,,
ES,122283732812,"02-Mar-2026 UTC",SHIPMENT,FALSE,404-0126033-5522712,"02-Mar-2026 UTC",26062726612039,26062726612039,B01CDIYD9K,755558-39,1,"02-Mar-2026 UTC",0.2100,A_GEN_STANDARD,EUR,VAT,Taxable,,Seller,ShipTo,Country,SPAIN,36.90,6.40,30.50,0.00,0.00,0.00,0.00,0.00,0.00,0.00,0.00,0.00,0.00,0.00,0.00,0.00,0.00,0.00,ESB71337349,ES,,,,,,0.0000,,0.00,ES6000QA9FPVBS,"https://sellercentral.amazon.es/document/download?v=urn%3aalx%3adoc%3a9d8cab0f-1f96-4462-8642-ace99a371392%3ae2e45832-4764-447a-89cf-b7e2ce522920&t=EU_Retail_Forward",false,Pamplona,Navarra,ES,31001,807240000,"Molina de segura",Murcia,ES,30506,807240000,,true,,,,,,,,,,,,
ES,122283732812,"14-Mar-2026 UTC",SHIPMENT,FALSE,171-0199206-6218773,"16-Mar-2026 UTC",26112122085039,26112122085039,B07DPXD4YL,426046-40,1,"14-Mar-2026 UTC",0.2100,A_GEN_STANDARD,EUR,VAT,Taxable,,Seller,ShipTo,Country,SPAIN,76.80,13.33,63.47,0.00,0.00,0.00,0.00,0.00,0.00,0.00,0.00,0.00,0.00,0.00,0.00,0.00,0.00,0.00,ESB71337349,ES,,,,,,0.0000,,0.00,ES6000V29FPVBS,"https://sellercentral.amazon.es/document/download?v=urn%3aalx%3adoc%3a9d8cab0f-1f96-4462-8642-ace99a371392%3acbeb8d9e-abfb-4f63-b4aa-a60c226649c4&t=EU_Retail_Forward",false,Pamplona,Navarra,ES,31001,807240000,Madrid,Madrid,ES,28002,807240000,,true,,,,,,,,,,,,
ES,122283732812,"28-Feb-2026 UTC",SHIPMENT,FALSE,171-5302387-3281927,"02-Mar-2026 UTC",26057669773039,26057669773039,B07VWX3D3J,854790-43,1,"28-Feb-2026 UTC",0.2100,A_GEN_STANDARD,EUR,VAT,Taxable,,Seller,ShipTo,Country,SPAIN,93.79,16.28,77.51,0.00,0.00,0.00,0.00,0.00,0.00,0.00,0.00,0.00,0.00,0.00,0.00,0.00,0.00,0.00,ESB71337349,ES,,,,,,0.0000,,0.00,ES6000PM9FPVBS,"https://sellercentral.amazon.es/document/download?v=urn%3aalx%3adoc%3a9d8cab0f-1f96-4462-8642-ace99a371392%3a9bd0f858-4ac2-421d-8319-6a4018e40321&t=EU_Retail_Forward",false,Pamplona,Navarra,ES,31001,807240000,ALTEA,alicante,ES,03590,807240000,,true,,,,,,,,,,,,
ES,122283732812,"02-Mar-2026 UTC",SHIPMENT,FALSE,406-8814306-4716336,"02-Mar-2026 UTC",26062223789039,26062223789039,B07V4MWFPT,601060-41,1,"02-Mar-2026 UTC",0.2100,A_GEN_STANDARD,EUR,VAT,Taxable,,Seller,ShipTo,Country,SPAIN,77.88,13.52,64.36,0.00,0.00,0.00,0.00,0.00,0.00,0.00,0.00,0.00,0.00,0.00,0.00,0.00,0.00,0.00,ESB71337349,ES,,,,,,0.0000,,0.00,ES6000Q79FPVBS,"https://sellercentral.amazon.es/document/download?v=urn%3aalx%3adoc%3a9d8cab0f-1f96-4462-8642-ace99a371392%3a01bec83e-5100-42c3-a139-124729bba286&t=EU_Retail_Forward",false,Pamplona,Navarra,ES,31001,807240000,"Cañete la Real",Málaga,ES,29340,807240000,,true,,,,,,,,,,,,
ES,122283732812,"02-Mar-2026 UTC",SHIPMENT,FALSE,406-3744250-2516311,"02-Mar-2026 UTC",26061702916039,26061702916039,B0F2J4CV93,605821-37,1,"02-Mar-2026 UTC",0.2100,A_GEN_STANDARD,EUR,VAT,Taxable,,Seller,ShipTo,Country,SPAIN,68.90,11.96,56.94,0.00,0.00,0.00,0.00,0.00,0.00,0.00,0.00,0.00,0.00,0.00,0.00,0.00,0.00,0.00,ESB71337349,ES,,,,,,0.0000,,0.00,ES6000Q59FPVBS,"https://sellercentral.amazon.es/document/download?v=urn%3aalx%3adoc%3a9d8cab0f-1f96-4462-8642-ace99a371392%3a0d3151fb-d66e-4b60-b2f0-e2c98dc1ffe8&t=EU_Retail_Forward",false,Pamplona,Navarra,ES,31001,807240000,Málaga,Malaga,ES,29004,807240000,,true,,,,,,,,,,,,
ES,122283732812,"19-Mar-2026 UTC",SHIPMENT,FALSE,402-1476795-0714744,"20-Mar-2026 UTC",26129493889039,26129493889039,B01BQB3AH6,189768-42,1,"19-Mar-2026 UTC",0.2100,A_GEN_STANDARD,EUR,VAT,Taxable,,Seller,ShipTo,Country,SPAIN,54.85,9.52,45.33,0.00,0.00,0.00,0.00,0.00,0.00,0.00,0.00,0.00,0.00,0.00,0.00,0.00,0.00,0.00,ESB71337349,ES,,,,,,0.0000,,0.00,ES6000X29FPVBS,"https://sellercentral.amazon.es/document/download?v=urn%3aalx%3adoc%3a9d8cab0f-1f96-4462-8642-ace99a371392%3a5b53c64a-8111-460e-a019-9c69dc884aa0&t=EU_Retail_Forward",false,Pamplona,Navarra,ES,31001,807240000,"El Boalo",Madrid,ES,28413,807240000,,true,,,,,,,,,,,,
ES,122283732812,"25-Mar-2026 UTC",SHIPMENT,FALSE,408-6211353-2582750,"25-Mar-2026 UTC",107993918662302,107993918662302,B07DPXJHB8,FBA426046-38,1,"25-Mar-2026 UTC",0.2100,A_GEN_STANDARD,EUR,VAT,Taxable,,Seller,ShipTo,Country,SPAIN,77.90,13.52,64.38,0.00,0.00,0.00,0.00,0.00,0.00,0.00,0.00,0.00,0.00,0.00,0.00,0.00,0.00,0.00,ESB71337349,ES,,,,,,0.0000,,0.00,ES6000Z89FPVBS,"https://sellercentral.amazon.es/document/download?v=urn%3aalx%3adoc%3a9d8cab0f-1f96-4462-8642-ace99a371392%3a1a649dbb-07d5-4e30-b9e9-9e4401e4f95c&t=EU_Retail_Forward",false,Murcia,Murcia,ES,30156,807240000,Òdena,Barcelona,ES,08711,807240000,,true,,,,,,,,,,,,
ES,122283732812,"10-Mar-2026 UTC",SHIPMENT,FALSE,402-2455284-5071562,"11-Mar-2026 UTC",26091729965039,26091729965039,B0B698T67K,716643-36,1,"10-Mar-2026 UTC",0.2100,A_GEN_STANDARD,EUR,VAT,Taxable,,Seller,ShipTo,Country,SPAIN,56.99,9.89,47.10,0.00,0.00,0.00,0.00,0.00,0.00,0.00,0.00,0.00,0.00,0.00,0.00,0.00,0.00,0.00,ESB71337349,ES,,,,,,0.0000,,0.00,ES6000TY9FPVBS,"https://sellercentral.amazon.es/document/download?v=urn%3aalx%3adoc%3a9d8cab0f-1f96-4462-8642-ace99a371392%3a070ec3d1-0f4c-4612-b298-5e33e88b1ac1&t=EU_Retail_Forward",false,Pamplona,Navarra,ES,31001,807240000,"Alcalá de Henares",Madrid,ES,28806,807240000,,true,,,,,,,,,,,,
ES,122283732812,"11-Mar-2026 UTC",SHIPMENT,FALSE,403-9566470-3897129,"12-Mar-2026 UTC",26103048130039,26103048130039,B072JGWYDJ,173323-44,1,"11-Mar-2026 UTC",0.2100,A_GEN_STANDARD,EUR,VAT,Taxable,,Seller,ShipTo,Country,SPAIN,74.99,13.01,61.98,0.00,0.00,0.00,0.00,0.00,0.00,0.00,0.00,0.00,0.00,0.00,0.00,0.00,0.00,0.00,ESB71337349,ES,,,,,,0.0000,,0.00,ES6000U59FPVBS,"https://sellercentral.amazon.es/document/download?v=urn%3aalx%3adoc%3a9d8cab0f-1f96-4462-8642-ace99a371392%3add356d9b-859d-4bef-b3d1-8da8e22ec767&t=EU_Retail_Forward",false,Pamplona,Navarra,ES,31001,807240000,Madrid,Fuenlabrada,ES,28943,807240000,,true,,,,,,,,,,,,
ES,122283732812,"04-Mar-2026 UTC",SHIPMENT,FALSE,406-3778573-1832364,"04-Mar-2026 UTC",26068725096039,26068725096039,B072JGXR5J,173323-45,1,"04-Mar-2026 UTC",0.2100,A_GEN_STANDARD,EUR,VAT,Taxable,,Seller,ShipTo,Country,SPAIN,73.36,12.73,60.63,0.00,0.00,0.00,0.00,0.00,0.00,0.00,0.00,0.00,0.00,0.00,0.00,0.00,0.00,0.00,ESB71337349,ES,,,,,,0.0000,,0.00,ES6000RG9FPVBS,"https://sellercentral.amazon.es/document/download?v=urn%3aalx%3adoc%3a9d8cab0f-1f96-4462-8642-ace99a371392%3ae61692cf-541f-435a-acc8-3788ba1938a6&t=EU_Retail_Forward",false,Pamplona,Navarra,ES,31001,807240000,Rota,Cádiz,ES,11520,807240000,,true,,,,,,,,,,,,
ES,122283732812,"05-Mar-2026 UTC",SHIPMENT,FALSE,408-9172112-6690742,"06-Mar-2026 UTC",536382479927001,536382479927001,B071W6NSBD,FBA969056-44,1,"06-Mar-2026 UTC",0.2100,A_GEN_STANDARD,EUR,VAT,Taxable,,Seller,ShipTo,Country,SPAIN,75.49,13.10,62.39,0.00,0.00,0.00,0.00,0.00,0.00,0.00,0.00,0.00,0.00,0.00,0.00,0.00,0.00,0.00,ESB71337349,ES,ESW0184081H,ES,VAT,,,0.0000,,0.00,N/A,N/A,false,Murcia,Murcia,ES,30156,807240000,Murcia,Murcia,ES,30156,807240000,,true,,,,,,,,,,,,
ES,122283732812,"30-Mar-2026 UTC",SHIPMENT,FALSE,403-1393100-8689966,"30-Mar-2026 UTC",26161810521039,26161810521039,B08QMF5B39,674821-41,1,"30-Mar-2026 UTC",0.2100,A_GEN_STANDARD,EUR,VAT,Taxable,,Seller,ShipTo,Country,SPAIN,60.40,10.48,49.92,0.00,0.00,0.00,0.00,0.00,0.00,0.00,0.00,0.00,0.00,0.00,0.00,0.00,0.00,0.00,ESB71337349,ES,,,,,,0.0000,,0.00,ES60010P9FPVBS,"https://sellercentral.amazon.es/document/download?v=urn%3aalx%3adoc%3a9d8cab0f-1f96-4462-8642-ace99a371392%3a7531891d-d867-4f2f-a900-600922048e40&t=EU_Retail_Forward",false,Pamplona,Navarra,ES,31001,807240000,Barcelona,Barcelona,ES,08014,807240000,,true,,,,,,,,,,,,
ES,122283732812,"28-Mar-2026 UTC",SHIPMENT,FALSE,405-4881850-1269126,"30-Mar-2026 UTC",26157669763039,26157669763039,B0CVBBMY5G,704667-44,1,"28-Mar-2026 UTC",0.2100,A_GEN_STANDARD,EUR,VAT,Taxable,,Seller,ShipTo,Country,SPAIN,79.99,13.88,66.11,0.00,0.00,0.00,0.00,0.00,0.00,0.00,0.00,0.00,0.00,0.00,0.00,0.00,0.00,0.00,ESB71337349,ES,,,,,,0.0000,,0.00,ES60010D9FPVBS,"https://sellercentral.amazon.es/document/download?v=urn%3aalx%3adoc%3a9d8cab0f-1f96-4462-8642-ace99a371392%3a7f9a3706-abf2-4da6-bb88-aec42c304bb3&t=EU_Retail_Forward",false,Pamplona,Navarra,ES,31001,807240000,Torremolinos,Málaga,ES,29620,807240000,,true,,,,,,,,,,,,
ES,122283732812,"06-Mar-2026 UTC",RETURN,FALSE,402-6762285-4265142,"11-Mar-2026 UTC",107209050177302,"amzn1:crow:May2CKcKScGXqoBzPJ8Auw",B07DPXNTQX,FBA747828-37,1,"06-Mar-2026 UTC",0.2100,A_GEN_STANDARD,EUR,VAT,Taxable,,Seller,ShipTo,Country,SPAIN,-83.90,-14.56,-69.34,0.00,0.00,0.00,0.00,0.00,0.00,0.00,0.00,0.00,0.00,0.00,0.00,0.00,0.00,0.00,ESB71337349,ES,,,,,,0.0000,,0.00,ES6000959FPVBX,"https://sellercentral.amazon.es/document/download?v=urn%3aalx%3adoc%3a9d8cab0f-1f96-4462-8642-ace99a371392%3a1aaa25ba-b243-49bb-abe7-23fa98ac111b&t=EU_Retail_Reversal",false,Murcia,Murcia,ES,30156,807240000,"Mota del Marques",Valladolid,ES,47120,807240000,ES,true,,,,,,,,,,,,
ES,122283732812,"29-Mar-2026 UTC",SHIPMENT,FALSE,403-1848442-8674749,"29-Mar-2026 UTC",108145482671302,108145482671302,B0772TC3MD,FBA633372-40,1,"29-Mar-2026 UTC",0.2100,A_GEN_STANDARD,EUR,VAT,Taxable,,Seller,ShipTo,Country,SPAIN,86.49,15.01,71.48,0.00,0.00,0.00,0.00,0.00,0.00,0.00,0.00,0.00,0.00,0.00,0.00,0.00,0.00,0.00,ESB71337349,ES,,,,,,0.0000,,0.00,ES6001059FPVBS,"https://sellercentral.amazon.es/document/download?v=urn%3aalx%3adoc%3a9d8cab0f-1f96-4462-8642-ace99a371392%3ac1c3fe7c-9f79-4934-9d3d-f6f72c4123fe&t=EU_Retail_Forward",false,Murcia,Murcia,ES,30156,807240000,Montilla,Cordoba,ES,14550,807240000,,true,,,,,,,,,,,,
ES,122283732812,"31-Mar-2026 UTC",SHIPMENT,FALSE,406-9335019-2706707,"31-Mar-2026 UTC",26166035064039,26166035064039,B07V2J4PX9,601060-42,1,"31-Mar-2026 UTC",0.2100,A_GEN_STANDARD,EUR,VAT,Taxable,,Seller,ShipTo,Country,SPAIN,77.79,13.50,64.29,0.00,0.00,0.00,0.00,0.00,0.00,0.00,0.00,0.00,0.00,0.00,0.00,0.00,0.00,0.00,ESB71337349,ES,,,,,,0.0000,,0.00,ES6001159FPVBS,"https://sellercentral.amazon.es/document/download?v=urn%3aalx%3adoc%3a9d8cab0f-1f96-4462-8642-ace99a371392%3a0841c8d4-1f8f-4af0-92d0-a7c1300a36f6&t=EU_Retail_Forward",false,Pamplona,Navarra,ES,31001,807240000,"Huércal de Almería",Almeria,ES,04230,807240000,,true,,,,,,,,,,,,
ES,122283732812,"13-Mar-2026 UTC",RETURN,FALSE,402-9474404-2788357,"18-Mar-2026 UTC",107511527231302,"amzn1:crow:Y0p4w230QSKEd+nuPtgyaw",B0772VRXB3,FBA738825-40,1,"13-Mar-2026 UTC",0.2100,A_GEN_STANDARD,EUR,VAT,Taxable,,Seller,ShipTo,Country,SPAIN,-95.90,-16.64,-79.26,0.00,0.00,0.00,0.00,0.00,0.00,0.00,0.00,0.00,0.00,0.00,0.00,0.00,0.00,0.00,ESB71337349,ES,,,,,,0.0000,,0.00,ES60009L9FPVBX,"https://sellercentral.amazon.es/document/download?v=urn%3aalx%3adoc%3a9d8cab0f-1f96-4462-8642-ace99a371392%3a48309e22-3fa4-444f-8ff0-d557df841595&t=EU_Retail_Reversal",false,Murcia,Murcia,ES,30156,807240000,Madrid,Madrid,ES,28027,807240000,ES,true,,,,,,,,,,,,
ES,122283732812,"31-Mar-2026 UTC",SHIPMENT,FALSE,406-3662794-7725132,"31-Mar-2026 UTC",26166768718039,26166768718039,B08BG5L2XS,114575-44.5,1,"31-Mar-2026 UTC",0.2100,A_GEN_STANDARD,EUR,VAT,Taxable,,Seller,ShipTo,Country,SPAIN,75.99,13.19,62.80,0.00,0.00,0.00,0.00,0.00,0.00,0.00,0.00,0.00,0.00,0.00,0.00,0.00,0.00,0.00,ESB71337349,ES,,,,,,0.0000,,0.00,ES60011A9FPVBS,"https://sellercentral.amazon.es/document/download?v=urn%3aalx%3adoc%3a9d8cab0f-1f96-4462-8642-ace99a371392%3a63ade634-4f40-416c-9568-23e84363d4cb&t=EU_Retail_Forward",false,Pamplona,Navarra,ES,31001,807240000,"ALHAMA DE MURCIA",Murcia,ES,30840,807240000,,true,,,,,,,,,,,,
ES,122283732812,"07-Mar-2026 UTC",REFUND,FALSE,405-2989822-1220352,"16-Mar-2026 UTC",26079785692039,"amzn1:crow:e4w8CXAzTQOQ+LifczPpDA",B0CJ5CFKN9,442597-43,1,"07-Mar-2026 UTC",0.2100,A_GEN_STANDARD,EUR,VAT,Taxable,,Seller,ShipTo,Country,SPAIN,-99.90,-17.34,-82.56,0.00,0.00,0.00,0.00,0.00,0.00,0.00,0.00,0.00,0.00,0.00,0.00,0.00,0.00,0.00,ESB71337349,ES,,,,,,0.0000,,0.00,ES60009E9FPVBX,"https://sellercentral.amazon.es/document/download?v=urn%3aalx%3adoc%3a9d8cab0f-1f96-4462-8642-ace99a371392%3a7a0b6003-1b99-43e0-9e2f-96b53da7aba0&t=EU_Retail_Reversal",false,Pamplona,Navarra,ES,31001,807240000,Madrid,Madrid,ES,28012,807240000,,true,,,,,,,,,,,,
ES,122283732812,"23-Feb-2026 UTC",REFUND,FALSE,405-2081668-0606738,"02-Mar-2026 UTC",26034533639039,"amzn1:crow:qOGDEyTESVaN6FSxkLMWmA",B07VWX3BQC,854790-44,1,"23-Feb-2026 UTC",0.2100,A_GEN_STANDARD,EUR,VAT,Taxable,,Seller,ShipTo,Country,SPAIN,-93.79,-16.28,-77.51,0.00,0.00,0.00,0.00,0.00,0.00,0.00,0.00,0.00,0.00,0.00,0.00,0.00,0.00,0.00,ESB71337349,ES,,,,,,0.0000,,0.00,ES60008B9FPVBX,"https://sellercentral.amazon.es/document/download?v=urn%3aalx%3adoc%3a9d8cab0f-1f96-4462-8642-ace99a371392%3a58ad4cb3-5c1a-4801-b275-2218e4792745&t=EU_Retail_Reversal",false,Pamplona,Navarra,ES,31001,807240000,MADRID,Madrid,ES,28042,807240000,,true,,,,,,,,,,,,
ES,122283732812,"29-Mar-2026 UTC",SHIPMENT,FALSE,408-7649607-3635501,"30-Mar-2026 UTC",26159505388039,26159505388039,B0BRWGY9SD,815873-41,1,"29-Mar-2026 UTC",0.2100,A_GEN_STANDARD,EUR,VAT,Taxable,,Seller,ShipTo,Country,SPAIN,88.00,15.27,72.73,0.00,0.00,0.00,0.00,0.00,0.00,0.00,0.00,0.00,0.00,0.00,0.00,0.00,0.00,0.00,ESB71337349,ES,,,,,,0.0000,,0.00,ES60010J9FPVBS,"https://sellercentral.amazon.es/document/download?v=urn%3aalx%3adoc%3a9d8cab0f-1f96-4462-8642-ace99a371392%3ab2d6f4f8-4c94-4879-b50b-0d3ad62a49e4&t=EU_Retail_Forward",false,Pamplona,Navarra,ES,31001,807240000,Cáceres,Caceres,ES,10005,807240000,,true,,,,,,,,,,,,
ES,122283732812,"20-Mar-2026 UTC",RETURN,FALSE,406-4062104-1634713,"23-Mar-2026 UTC",26131385755039,"amzn1:crow:L8WJaAtIRZmdbPxNH2gqdA",B0F636G2B5,611624-43,1,"20-Mar-2026 UTC",0.2100,A_GEN_STANDARD,EUR,VAT,Taxable,,Seller,ShipTo,Country,SPAIN,-119.00,-20.65,-98.35,0.00,0.00,0.00,0.00,0.00,0.00,0.00,0.00,0.00,0.00,0.00,0.00,0.00,0.00,0.00,ESB71337349,ES,,,,,,0.0000,,0.00,ES60009U9FPVBX,"https://sellercentral.amazon.es/document/download?v=urn%3aalx%3adoc%3a9d8cab0f-1f96-4462-8642-ace99a371392%3af504a756-0ba0-4009-bd05-0fa52cbafba8&t=EU_Retail_Reversal",false,Pamplona,Navarra,ES,31001,807240000,cuenca,,ES,16003,807240000,,true,,,,,,,,,,,,
ES,122283732812,"27-Feb-2026 UTC",RETURN,FALSE,408-8114558-6635510,"06-Mar-2026 UTC",106925368779302,"amzn1:crow:Cg+lS5wmRIWQKRvsWI/N5Q",B071J8J73L,FBA259505-42,1,"28-Feb-2026 UTC",0.2100,A_GEN_STANDARD,EUR,VAT,Taxable,,Seller,ShipTo,Country,SPAIN,-75.49,-13.10,-62.39,0.00,0.00,0.00,-1.99,-0.35,-1.64,1.99,0.35,1.64,0.00,0.00,0.00,0.00,0.00,0.00,ESB71337349,ES,,,,,,0.0000,,0.00,ES60008U9FPVBX,"https://sellercentral.amazon.es/document/download?v=urn%3aalx%3adoc%3a9d8cab0f-1f96-4462-8642-ace99a371392%3a1d1e0563-e7a1-4f92-aea7-a08e63b65ae9&t=EU_Retail_Reversal",false,Illescas,Illescas,ES,45200,807240000,Torrelodones,madrid,ES,28250,807240000,ES,true,,,,,,,,,,,,
ES,122283732812,"10-Feb-2026 UTC",RETURN,FALSE,402-8702331-9573153,"03-Mar-2026 UTC",25983179892039,"amzn1:crow:b/DqRcdyQlWbMLFjlT9wlQ",B00K8QPXF8,220563-42,1,"10-Feb-2026 UTC",0.2100,A_GEN_STANDARD,EUR,VAT,Taxable,,Seller,ShipTo,Country,SPAIN,-144.99,-25.16,-119.83,0.00,0.00,0.00,0.00,0.00,0.00,0.00,0.00,0.00,0.00,0.00,0.00,0.00,0.00,0.00,ESB71337349,ES,,,,,,0.0000,,0.00,ES60008G9FPVBX,"https://sellercentral.amazon.es/document/download?v=urn%3aalx%3adoc%3a9d8cab0f-1f96-4462-8642-ace99a371392%3a4e575d1c-1c78-47ec-b145-f0d49c6a0cf1&t=EU_Retail_Reversal",false,Pamplona,Navarra,ES,31001,807240000,Lerín,Navarra,ES,31260,807240000,,true,,,,,,,,,,,,
ES,122283732812,"31-Mar-2026 UTC",SHIPMENT,FALSE,403-4490990-0961132,"31-Mar-2026 UTC",26165741649039,26165741649039,B08RW6J94R,023362-39,1,"31-Mar-2026 UTC",0.2100,A_GEN_STANDARD,EUR,VAT,Taxable,,Seller,ShipTo,Country,SPAIN,83.52,14.50,69.02,0.00,0.00,0.00,0.00,0.00,0.00,0.00,0.00,0.00,0.00,0.00,0.00,0.00,0.00,0.00,ESB71337349,ES,,,,,,0.0000,,0.00,ES6001139FPVBS,"https://sellercentral.amazon.es/document/download?v=urn%3aalx%3adoc%3a9d8cab0f-1f96-4462-8642-ace99a371392%3a670e106f-390f-493d-8a9a-524bae0c165d&t=EU_Retail_Forward",false,Pamplona,Navarra,ES,31001,807240000,Sodupe,Vizcaia,ES,48830,807240000,,true,,,,,,,,,,,,
ES,122283732812,"18-Mar-2026 UTC",REFUND,FALSE,171-6735768-8882702,"26-Mar-2026 UTC",26124440770039,"amzn1:crow:RHeFGmsDRY+OeO4hDN6pQg",B08QMRJM6F,909559-43,1,"18-Mar-2026 UTC",0.2100,A_GEN_STANDARD,EUR,VAT,Taxable,,Seller,ShipTo,Country,SPAIN,-60.41,-10.48,-49.93,0.00,0.00,0.00,0.00,0.00,0.00,0.00,0.00,0.00,0.00,0.00,0.00,0.00,0.00,0.00,ESB71337349,ES,,,,,,0.0000,,0.00,ES6000A29FPVBX,"https://sellercentral.amazon.es/document/download?v=urn%3aalx%3adoc%3a9d8cab0f-1f96-4462-8642-ace99a371392%3ad1936c38-5b3c-4b1b-b8a2-3490995866bc&t=EU_Retail_Reversal",false,Pamplona,Navarra,ES,31001,807240000,"POZUELO DE ALARCÓN",Madrid,ES,28223,807240000,,true,,,,,,,,,,,,
ES,122283732812,"12-Mar-2026 UTC",RETURN,FALSE,171-4689033-8626755,"17-Mar-2026 UTC",107476296837302,"amzn1:crow:2Qy8MCUoQzCYRcHoDDC1sg",B0772WJQNP,FBA633372-44,1,"14-Mar-2026 UTC",0.2100,A_GEN_STANDARD,EUR,VAT,Taxable,,Seller,ShipTo,Country,SPAIN,-86.49,-15.01,-71.48,0.00,0.00,0.00,0.00,0.00,0.00,0.00,0.00,0.00,0.00,0.00,0.00,0.00,0.00,0.00,ESB71337349,ES,,,,,,0.0000,,0.00,ES60009I9FPVBX,"https://sellercentral.amazon.es/document/download?v=urn%3aalx%3adoc%3a9d8cab0f-1f96-4462-8642-ace99a371392%3adeb5e21d-2695-43a9-89ea-a5b499d3b523&t=EU_Retail_Reversal",false,Murcia,Murcia,ES,30156,807240000,Terrassa,Barcelona,ES,08226,807240000,ES,true,,,,,,,,,,,,
ES,122283732812,"30-Mar-2026 UTC",SHIPMENT,FALSE,406-0551086-5025961,"31-Mar-2026 UTC",108206113561302,108206113561302,B071J8J669,FBA047768-41,1,"30-Mar-2026 UTC",0.2100,A_GEN_STANDARD,EUR,VAT,Taxable,,Seller,ShipTo,Country,SPAIN,83.49,14.49,69.00,0.00,0.00,0.00,0.00,0.00,0.00,0.00,0.00,0.00,0.00,0.00,0.00,0.00,0.00,0.00,ESB71337349,ES,,,,,,0.0000,,0.00,ES60011B9FPVBS,"https://sellercentral.amazon.es/document/download?v=urn%3aalx%3adoc%3a9d8cab0f-1f96-4462-8642-ace99a371392%3ac43e8648-6d38-4574-9e34-85eb23f5fa9a&t=EU_Retail_Forward",false,Murcia,Murcia,ES,30156,807240000,"Palomares del Río",Sevilla,ES,41928,807240000,,true,,,,,,,,,,,,
ES,122283732812,"30-Mar-2026 UTC",SHIPMENT,FALSE,405-3762747-0969140,"31-Mar-2026 UTC",26163388576039,26163388576039,B073D1GFZD,629033-43,1,"30-Mar-2026 UTC",0.2100,A_GEN_STANDARD,EUR,VAT,Taxable,,Seller,ShipTo,Country,SPAIN,72.41,12.57,59.84,0.00,0.00,0.00,0.00,0.00,0.00,0.00,0.00,0.00,0.00,0.00,0.00,0.00,0.00,0.00,ESB71337349,ES,,,,,,0.0000,,0.00,ES60010X9FPVBS,"https://sellercentral.amazon.es/document/download?v=urn%3aalx%3adoc%3a9d8cab0f-1f96-4462-8642-ace99a371392%3aad360e95-9a61-42c1-9ab5-c214a9458965&t=EU_Retail_Forward",false,Pamplona,Navarra,ES,31001,807240000,Santiponce,Sevilla,ES,41970,807240000,,true,,,,,,,,,,,,
ES,122283732812,"06-Mar-2026 UTC",RETURN,FALSE,403-7858303-2693918,"13-Mar-2026 UTC",26077560903039,"amzn1:crow:4yjDpZTwQWukDBH4Q//6Lg",B074Q2Y9C4,216279-39,1,"06-Mar-2026 UTC",0.2100,A_GEN_STANDARD,EUR,VAT,Taxable,,Seller,ShipTo,Country,SPAIN,-84.94,-14.74,-70.20,0.00,0.00,0.00,0.00,0.00,0.00,0.00,0.00,0.00,0.00,0.00,0.00,0.00,0.00,0.00,ESB71337349,ES,,,,,,0.0000,,0.00,ES60009C9FPVBX,"https://sellercentral.amazon.es/document/download?v=urn%3aalx%3adoc%3a9d8cab0f-1f96-4462-8642-ace99a371392%3a816dc188-6a3e-47da-8da5-67e75f7baf13&t=EU_Retail_Reversal",false,Pamplona,Navarra,ES,31001,807240000,Lleida,Lleida,ES,25006,807240000,,true,,,,,,,,,,,,
ES,122283732812,"28-Mar-2026 UTC",SHIPMENT,FALSE,403-5067494-7606736,"28-Mar-2026 UTC",108106327986302,108106327986302,B072Q18WRJ,FBA377785-42,1,"28-Mar-2026 UTC",0.2100,A_GEN_STANDARD,EUR,VAT,Taxable,,Seller,ShipTo,Country,SPAIN,80.99,14.06,66.93,0.00,0.00,0.00,0.00,0.00,0.00,0.00,0.00,0.00,0.00,0.00,0.00,0.00,0.00,0.00,ESB71337349,ES,,,,,,0.0000,,0.00,ES6001049FPVBS,"https://sellercentral.amazon.es/document/download?v=urn%3aalx%3adoc%3a9d8cab0f-1f96-4462-8642-ace99a371392%3a5dfd529a-ac6d-4f83-9d39-984a0388872f&t=EU_Retail_Forward",false,Illescas,Illescas,ES,45200,807240000,Barcelona,"Hospitalet de llobregat",ES,08906,807240000,,true,,,,,,,,,,,,
ES,122283732812,"27-Mar-2026 UTC",SHIPMENT,FALSE,403-0966989-3421100,"28-Mar-2026 UTC",26154834893039,26154834893039,B0CV71H4XQ,968438-37,1,"27-Mar-2026 UTC",0.2100,A_GEN_STANDARD,EUR,VAT,Taxable,,Seller,ShipTo,Country,SPAIN,89.91,15.60,74.31,0.00,0.00,0.00,0.00,0.00,0.00,0.00,0.00,0.00,0.00,0.00,0.00,0.00,0.00,0.00,ESB71337349,ES,,,,,,0.0000,,0.00,ES6000ZY9FPVBS,"https://sellercentral.amazon.es/document/download?v=urn%3aalx%3adoc%3a9d8cab0f-1f96-4462-8642-ace99a371392%3a147b4796-7263-4fbd-afc7-8a91c5c68ffa&t=EU_Retail_Forward",false,Pamplona,Navarra,ES,31001,807240000,Hondarribia,Gipuzkoa,ES,20280,807240000,,true,,,,,,,,,,,,
ES,122283732812,"03-Mar-2026 UTC",RETURN,FALSE,406-1846415-6491516,"09-Mar-2026 UTC",26067550809039,"amzn1:crow:bxgXpiMBTRSWMd96imvEzg",B0CT5T5TN8,575596-37,1,"03-Mar-2026 UTC",0.2100,A_GEN_STANDARD,EUR,VAT,Taxable,,Seller,ShipTo,Country,SPAIN,-106.27,-18.44,-87.83,0.00,0.00,0.00,0.00,0.00,0.00,0.00,0.00,0.00,0.00,0.00,0.00,0.00,0.00,0.00,ESB71337349,ES,,,,,,0.0000,,0.00,ES60008Y9FPVBX,"https://sellercentral.amazon.es/document/download?v=urn%3aalx%3adoc%3a9d8cab0f-1f96-4462-8642-ace99a371392%3ad737f3ca-30b4-4670-8911-05ad902834dc&t=EU_Retail_Reversal",false,Pamplona,Navarra,ES,31001,807240000,"puerto real",cadiz,ES,11510,807240000,,true,,,,,,,,,,,,
ES,122283732812,"27-Mar-2026 UTC",SHIPMENT,FALSE,171-8805278-1101922,"28-Mar-2026 UTC",26154912434039,26154912434039,B0DX2LJ5PS,533033-39,1,"27-Mar-2026 UTC",0.2100,A_GEN_STANDARD,EUR,VAT,Taxable,,Seller,ShipTo,Country,SPAIN,86.99,15.10,71.89,0.00,0.00,0.00,0.00,0.00,0.00,0.00,0.00,0.00,0.00,0.00,0.00,0.00,0.00,0.00,ESB71337349,ES,ESB97930572,ES,VAT,,,0.0000,,0.00,ES60000R9FPVBI,"https://sellercentral.amazon.es/document/download?v=urn%3aalx%3adoc%3a9d8cab0f-1f96-4462-8642-ace99a371392%3a77f879b4-fb46-4398-af9a-a3dc48963552&t=EU_Retail_Forward",false,Pamplona,Navarra,ES,31001,807240000,Pego,Alicante,ES,03780,807240000,,true,,,,,,,,,,,,
ES,122283732812,"01-Mar-2026 UTC",REFUND,FALSE,405-9521801-9591558,"10-Mar-2026 UTC",26058810908039,"amzn1:crow:WSFr1ESfSPCAAq+JLLlHUg",B00SYILQE4,168754-41,1,"01-Mar-2026 UTC",0.2100,A_GEN_STANDARD,EUR,VAT,Taxable,,Seller,ShipTo,Country,SPAIN,-55.84,-9.69,-46.15,0.00,0.00,0.00,0.00,0.00,0.00,0.00,0.00,0.00,0.00,0.00,0.00,0.00,0.00,0.00,ESB71337349,ES,,,,,,0.0000,,0.00,ES6000919FPVBX,"https://sellercentral.amazon.es/document/download?v=urn%3aalx%3adoc%3a9d8cab0f-1f96-4462-8642-ace99a371392%3ab38c0ba2-79d7-4ff2-be30-211d17f7b7c4&t=EU_Retail_Reversal",false,Pamplona,Navarra,ES,31001,807240000,mieres,asturias,ES,33600,807240000,,true,,,,,,,,,,,,
ES,122283732812,"27-Mar-2026 UTC",SHIPMENT,FALSE,408-7920190-8147553,"28-Mar-2026 UTC",545587260712001,545587260712001,B072JGYSFW,FBA377785-45,1,"28-Mar-2026 UTC",0.2100,A_GEN_STANDARD,EUR,VAT,Taxable,,Seller,ShipTo,Country,SPAIN,83.49,14.49,69.00,0.00,0.00,0.00,0.00,0.00,0.00,0.00,0.00,0.00,0.00,0.00,0.00,0.00,0.00,0.00,ESB71337349,ES,ESW0184081H,ES,VAT,,,0.0000,,0.00,N/A,N/A,false,Illescas,Illescas,ES,45200,807240000,Illescas,Illescas,ES,45200,807240000,,true,,,,,,,,,,,,
ES,122283732812,"06-Feb-2026 UTC",REFUND,FALSE,408-3154348-3561167,"05-Mar-2026 UTC",25970874027039,"amzn1:crow:OIOQzIRUTqyjLJUywtn/Aw",B0CFY5BV1L,731019-44,1,"06-Feb-2026 UTC",0.2100,A_GEN_STANDARD,EUR,VAT,Taxable,,Seller,ShipTo,Country,SPAIN,-91.97,-15.96,-76.01,0.00,0.00,0.00,0.00,0.00,0.00,0.00,0.00,0.00,0.00,0.00,0.00,0.00,0.00,0.00,ESB71337349,ES,,,,,,0.0000,,0.00,ES60008N9FPVBX,"https://sellercentral.amazon.es/document/download?v=urn%3aalx%3adoc%3a9d8cab0f-1f96-4462-8642-ace99a371392%3a40a8e49c-2faa-4f4c-a889-8545f2f6b67a&t=EU_Retail_Reversal",false,Pamplona,Navarra,ES,31001,807240000,LEON,LEÓN,ES,24007,807240000,,true,,,,,,,,,,,,
ES,122283732812,"28-Mar-2026 UTC",SHIPMENT,FALSE,171-1021280-3971538,"30-Mar-2026 UTC",26157415046039,26157415046039,B08QN5M14W,476658-43,1,"28-Mar-2026 UTC",0.2100,A_GEN_STANDARD,EUR,VAT,Taxable,,Seller,ShipTo,Country,SPAIN,59.89,10.39,49.50,0.00,0.00,0.00,0.00,0.00,0.00,0.00,0.00,0.00,0.00,0.00,0.00,0.00,0.00,0.00,ESB71337349,ES,,,,,,0.0000,,0.00,ES60010C9FPVBS,"https://sellercentral.amazon.es/document/download?v=urn%3aalx%3adoc%3a9d8cab0f-1f96-4462-8642-ace99a371392%3a6dbfa3e8-ea2b-4ede-952a-e6ba93efc08c&t=EU_Retail_Forward",false,Pamplona,Navarra,ES,31001,807240000,"ARROYO DE SAN SERVAN",Badajoz,ES,06850,807240000,,true,,,,,,,,,,,,
ES,122283732812,"06-Mar-2026 UTC",RETURN,FALSE,408-9325411-0830703,"25-Mar-2026 UTC",26077267924039,"amzn1:crow:PR2OMVcyRZqTh6AywqzWvw",B0CFY3MV42,936422-38,1,"06-Mar-2026 UTC",0.2100,A_GEN_STANDARD,EUR,VAT,Taxable,,Seller,ShipTo,Country,SPAIN,-80.82,-14.03,-66.79,0.00,0.00,0.00,0.00,0.00,0.00,0.00,0.00,0.00,0.00,0.00,0.00,0.00,0.00,0.00,ESB71337349,ES,,,,,,0.0000,,0.00,ES60009Z9FPVBX,"https://sellercentral.amazon.es/document/download?v=urn%3aalx%3adoc%3a9d8cab0f-1f96-4462-8642-ace99a371392%3a511481f8-c69e-4d6d-bdd4-3ff32fbfc69a&t=EU_Retail_Reversal",false,Pamplona,Navarra,ES,31001,807240000,Madrid,Madrid,ES,28027,807240000,,true,,,,,,,,,,,,
ES,122283732812,"23-Feb-2026 UTC",RETURN,FALSE,405-5749111-5330756,"29-Mar-2026 UTC",26032063267039,"amzn1:crow:yhRzl830Q26R6ti6UwPtzg",B0DC752WKG,235480-44,1,"23-Feb-2026 UTC",0.2100,A_GEN_STANDARD,EUR,VAT,Taxable,,Seller,ShipTo,Country,SPAIN,-98.76,-17.14,-81.62,0.00,0.00,0.00,0.00,0.00,0.00,0.00,0.00,0.00,0.00,0.00,0.00,0.00,0.00,0.00,ESB71337349,ES,,,,,,0.0000,,0.00,ES6000AA9FPVBX,"https://sellercentral.amazon.es/document/download?v=urn%3aalx%3adoc%3a9d8cab0f-1f96-4462-8642-ace99a371392%3a9b02e45d-5fbb-4d7e-8cfe-975e5a2803cf&t=EU_Retail_Reversal",false,Pamplona,Navarra,ES,31001,807240000,Madrid,Madrid,ES,28029,807240000,,true,,,,,,,,,,,,
ES,122283732812,"03-Mar-2026 UTC",RETURN,FALSE,407-2913729-4803568,"10-Mar-2026 UTC",26067810419039,"amzn1:crow:wnpaLduRRIO0paPR/a+cmg",B08DG6GXTJ,633372-46,1,"03-Mar-2026 UTC",0.2100,A_GEN_STANDARD,EUR,VAT,Taxable,,Seller,ShipTo,Country,SPAIN,-102.84,-17.85,-84.99,0.00,0.00,0.00,0.00,0.00,0.00,0.00,0.00,0.00,0.00,0.00,0.00,0.00,0.00,0.00,ESB71337349,ES,,,,,,0.0000,,0.00,ES6000909FPVBX,"https://sellercentral.amazon.es/document/download?v=urn%3aalx%3adoc%3a9d8cab0f-1f96-4462-8642-ace99a371392%3a7d85e897-bd56-408b-b099-44d1072ac582&t=EU_Retail_Reversal",false,Pamplona,Navarra,ES,31001,807240000,Alcorcón,Madrid,ES,28922,807240000,,true,,,,,,,,,,,,
ES,122283732812,"18-Feb-2026 UTC",RETURN,FALSE,406-9356163-0747507,"03-Mar-2026 UTC",106566847554302,"amzn1:crow:2p0dAddSSo+DBjKCnWvF6A",B0772P8XZX,FBA738825-42,1,"18-Feb-2026 UTC",0.2100,A_GEN_STANDARD,EUR,VAT,Taxable,,Seller,ShipTo,Country,SPAIN,-86.49,-15.01,-71.48,0.00,0.00,0.00,0.00,0.00,0.00,0.00,0.00,0.00,0.00,0.00,0.00,0.00,0.00,0.00,ESB71337349,ES,,,,,,0.0000,,0.00,ES60008I9FPVBX,"https://sellercentral.amazon.es/document/download?v=urn%3aalx%3adoc%3a9d8cab0f-1f96-4462-8642-ace99a371392%3a8637ae8a-1fc0-4742-836d-c727eb3a183c&t=EU_Retail_Reversal",false,Murcia,Murcia,ES,30156,807240000,Badalona,Barcelona,ES,08917,807240000,ES,true,,,,,,,,,,,,
ES,122283732812,"30-Mar-2026 UTC",SHIPMENT,FALSE,403-6714376-1178712,"30-Mar-2026 UTC",26162333573039,26162333573039,B0772RBYMJ,738825-44,1,"30-Mar-2026 UTC",0.2100,A_GEN_STANDARD,EUR,VAT,Taxable,,Seller,ShipTo,Country,SPAIN,88.90,15.43,73.47,0.00,0.00,0.00,0.00,0.00,0.00,0.00,0.00,0.00,0.00,0.00,0.00,0.00,0.00,0.00,ESB71337349,ES,,,,,,0.0000,,0.00,ES60010T9FPVBS,"https://sellercentral.amazon.es/document/download?v=urn%3aalx%3adoc%3a9d8cab0f-1f96-4462-8642-ace99a371392%3a7344da54-9d61-4996-81d3-ea7f26fe4521&t=EU_Retail_Forward",false,Pamplona,Navarra,ES,31001,807240000,"dos hermanas",sevilla,ES,41704,807240000,,true,,,,,,,,,,,,
ES,122283732812,"29-Jan-2026 UTC",REFUND,FALSE,407-6374030-5119555,"09-Mar-2026 UTC",25945048136039,"amzn1:crow:LkuSCfv1Tby2aTvJ0F5F7Q",B0FMRKGPVF,123006-37,1,"29-Jan-2026 UTC",0.2300,A_GEN_STANDARD,EUR,VAT,Taxable,VCS_EU_OSS,Seller,ShipTo,Country,PORTUGAL,-70.95,-13.27,-57.68,0.00,0.00,0.00,-5.00,-0.93,-4.07,0.00,0.00,0.00,0.00,0.00,0.00,0.00,0.00,0.00,ESB71337349,ES,,,,,,0.0000,,0.00,ES60000F9FPVBQ,"https://sellercentral.amazon.es/document/download?v=urn%3aalx%3adoc%3a9d8cab0f-1f96-4462-8642-ace99a371392%3a860bbe75-2b36-4f92-b47d-08b9ecb9fc69&t=EU_Retail_Reversal",false,Pamplona,Navarra,ES,31001,807240000,Lisbon,,PT,1000-271,,,true,,,,,,,,,,,,
ES,122283732812,"02-Feb-2026 UTC",RETURN,FALSE,408-6588992-2872346,"04-Mar-2026 UTC",25956010905039,"amzn1:crow:yE3ckXzuQjaXa/M+oQ3HXQ",B0DX2LJ5PS,533033-39,1,"02-Feb-2026 UTC",0.2100,A_GEN_STANDARD,EUR,VAT,Taxable,,Seller,ShipTo,Country,SPAIN,-86.99,-15.10,-71.89,0.00,0.00,0.00,0.00,0.00,0.00,0.00,0.00,0.00,0.00,0.00,0.00,0.00,0.00,0.00,ESB71337349,ES,,,,,,0.0000,,0.00,ES60008L9FPVBX,"https://sellercentral.amazon.es/document/download?v=urn%3aalx%3adoc%3a9d8cab0f-1f96-4462-8642-ace99a371392%3ab223b4be-7401-4e95-8fac-9660a352a488&t=EU_Retail_Reversal",false,Pamplona,Navarra,ES,31001,807240000,Foixà,GERONA,ES,17132,807240000,,true,,,,,,,,,,,,
ES,122283732812,"30-Mar-2026 UTC",SHIPMENT,FALSE,403-8562888-1294710,"30-Mar-2026 UTC",108200119187302,108200119187302,B0772QHX2Q,FBA633372-43,1,"30-Mar-2026 UTC",0.2100,A_GEN_STANDARD,EUR,VAT,Taxable,,Seller,ShipTo,Country,SPAIN,86.49,15.01,71.48,0.00,0.00,0.00,1.99,0.35,1.64,-1.99,-0.35,-1.64,0.00,0.00,0.00,0.00,0.00,0.00,ESB71337349,ES,,,,,,0.0000,,0.00,ES60010W9FPVBS,"https://sellercentral.amazon.es/document/download?v=urn%3aalx%3adoc%3a9d8cab0f-1f96-4462-8642-ace99a371392%3af36a0729-cb88-402b-9b04-6df0249f4b69&t=EU_Retail_Forward",false,Illescas,Illescas,ES,45200,807240000,"Villanueva del Pardillo",Madrid,ES,28229,807240000,,true,,,,,,,,,,,,
ES,122283732812,"26-Jan-2026 UTC",RETURN,FALSE,407-3123250-8583558,"01-Mar-2026 UTC",105591460751302,"amzn1:crow:F0c6BmyiTo+pI8ebQclkXQ",B0CF9YQHQ8,FBA014726-40,1,"27-Jan-2026 UTC",0.2100,A_GEN_STANDARD,EUR,VAT,Taxable,,Seller,ShipTo,Country,SPAIN,-85.60,-14.86,-70.74,0.00,0.00,0.00,0.00,0.00,0.00,0.00,0.00,0.00,0.00,0.00,0.00,0.00,0.00,0.00,ESB71337349,ES,,,,,,0.0000,,0.00,ES6000899FPVBX,"https://sellercentral.amazon.es/document/download?v=urn%3aalx%3adoc%3a9d8cab0f-1f96-4462-8642-ace99a371392%3a8a93ce15-8917-4cb9-9fb8-0c76c57d3425&t=EU_Retail_Reversal",false,Murcia,Murcia,ES,30156,807240000,"El Puerto de Santa María",Cádiz,ES,11500,807240000,ES,true,,,,,,,,,,,,
ES,122283732812,"31-Mar-2026 UTC",SHIPMENT,FALSE,404-5835566-9219508,"31-Mar-2026 UTC",26166619695039,26166619695039,B08QNCWHC8,909559-46,1,"31-Mar-2026 UTC",0.2100,A_GEN_STANDARD,EUR,VAT,Taxable,,Seller,ShipTo,Country,SPAIN,64.90,11.26,53.64,0.00,0.00,0.00,0.00,0.00,0.00,0.00,0.00,0.00,0.00,0.00,0.00,0.00,0.00,0.00,ESB71337349,ES,,,,,,0.0000,,0.00,ES6001189FPVBS,"https://sellercentral.amazon.es/document/download?v=urn%3aalx%3adoc%3a9d8cab0f-1f96-4462-8642-ace99a371392%3af8e1627b-be95-4a38-b847-c28fb48ba9a5&t=EU_Retail_Forward",false,Pamplona,Navarra,ES,31001,807240000,"Bollullos de la Mitación",Sevilla,ES,41110,807240000,,true,,,,,,,,,,,,
ES,122283732812,"31-Mar-2026 UTC",SHIPMENT,FALSE,405-8302245-4002722,"31-Mar-2026 UTC",108220513721302,108220513721302,B072Q1L4CQ,FBA969056-41,1,"31-Mar-2026 UTC",0.2100,A_GEN_STANDARD,EUR,VAT,Taxable,,Seller,ShipTo,Country,SPAIN,75.49,13.10,62.39,0.00,0.00,0.00,0.00,0.00,0.00,0.00,0.00,0.00,0.00,0.00,0.00,0.00,0.00,0.00,ESB71337349,ES,,,,,,0.0000,,0.00,ES60011C9FPVBS,"https://sellercentral.amazon.es/document/download?v=urn%3aalx%3adoc%3a9d8cab0f-1f96-4462-8642-ace99a371392%3a752e54d6-67e0-470b-8088-eb169d27f27b&t=EU_Retail_Forward",false,Murcia,Murcia,ES,30156,807240000,CADIZ,Cádiz,ES,11003,807240000,,true,,,,,,,,,,,,
ES,122283732812,"15-Mar-2026 UTC",RETURN,FALSE,407-5472691-7016354,"24-Mar-2026 UTC",26113411353039,"amzn1:crow:ykuuaoYlRH+rVkiluIcD2A",B072M2P357,140005-44,1,"15-Mar-2026 UTC",0.2100,A_GEN_STANDARD,EUR,VAT,Taxable,,Seller,ShipTo,Country,SPAIN,-77.21,-13.40,-63.81,0.00,0.00,0.00,0.00,0.00,0.00,0.00,0.00,0.00,0.00,0.00,0.00,0.00,0.00,0.00,ESB71337349,ES,,,,,,0.0000,,0.00,ES60009W9FPVBX,"https://sellercentral.amazon.es/document/download?v=urn%3aalx%3adoc%3a9d8cab0f-1f96-4462-8642-ace99a371392%3a23c3dcba-d3bb-432e-8e8a-beb809c52566&t=EU_Retail_Reversal",false,Pamplona,Navarra,ES,31001,807240000,Madrid,Madrid,ES,28001,807240000,,true,,,,,,,,,,,,
ES,122283732812,"25-Mar-2026 UTC",RETURN,FALSE,406-4380549-2199518,"30-Mar-2026 UTC",107988948145302,"amzn1:crow:HwGnUaQtQqalg+eSXzph6A",B072M2R4W6,FBA377785-41,1,"25-Mar-2026 UTC",0.2100,A_GEN_STANDARD,EUR,VAT,Taxable,,Seller,ShipTo,Country,SPAIN,-79.99,-13.88,-66.11,0.00,0.00,0.00,0.00,0.00,0.00,0.00,0.00,0.00,0.00,0.00,0.00,0.00,0.00,0.00,ESB71337349,ES,,,,,,0.0000,,0.00,ES6000AD9FPVBX,"https://sellercentral.amazon.es/document/download?v=urn%3aalx%3adoc%3a9d8cab0f-1f96-4462-8642-ace99a371392%3a90f13d59-89ed-4ef7-944d-33bdec685a7e&t=EU_Retail_Reversal",false,Illescas,Illescas,ES,45200,807240000,"Las navas del marqués",Avila,ES,05230,807240000,ES,true,,,,,,,,,,,,
ES,122283732812,"03-Mar-2026 UTC",RETURN,FALSE,405-2210535-7540305,"12-Mar-2026 UTC",26065144531039,"amzn1:crow:H9XRJ6kwTYmVdwdoe0WOYA",B092LHYV43,191937-39,1,"03-Mar-2026 UTC",0.2100,A_GEN_STANDARD,EUR,VAT,Taxable,,Seller,ShipTo,Country,SPAIN,-139.99,-24.30,-115.69,0.00,0.00,0.00,0.00,0.00,0.00,0.00,0.00,0.00,0.00,0.00,0.00,0.00,0.00,0.00,ESB71337349,ES,,,,,,0.0000,,0.00,ES60009B9FPVBX,"https://sellercentral.amazon.es/document/download?v=urn%3aalx%3adoc%3a9d8cab0f-1f96-4462-8642-ace99a371392%3a39bf2e15-ebb4-4b40-95cb-53ff3025669a&t=EU_Retail_Reversal",false,Pamplona,Navarra,ES,31001,807240000,Teulada,Alicante,ES,03725,807240000,,true,,,,,,,,,,,,
ES,122283732812,"23-Mar-2026 UTC",RETURN,FALSE,405-7577003-4229945,"26-Mar-2026 UTC",26140122949039,"amzn1:crow:MJ7Nwas9R3yZcZLSWfV0Ig",B08PDCYWDF,341039-44,1,"23-Mar-2026 UTC",0.2100,A_GEN_STANDARD,EUR,VAT,Taxable,,Seller,ShipTo,Country,SPAIN,-82.60,-14.34,-68.26,0.00,0.00,0.00,0.00,0.00,0.00,0.00,0.00,0.00,0.00,0.00,0.00,0.00,0.00,0.00,ESB71337349,ES,,,,,,0.0000,,0.00,ES6000A19FPVBX,"https://sellercentral.amazon.es/document/download?v=urn%3aalx%3adoc%3a9d8cab0f-1f96-4462-8642-ace99a371392%3a8b3ec0f0-a9dc-4732-a7ec-b4cbd6962136&t=EU_Retail_Reversal",false,Pamplona,Navarra,ES,31001,807240000,"Parets de Vallès",Barcelona,ES,08150,807240000,,true,,,,,,,,,,,,
ES,122283732812,"30-Mar-2026 UTC",SHIPMENT,FALSE,406-5053198-2895540,"30-Mar-2026 UTC",26163048915039,26163048915039,B00VAJRHJM,271239-43,1,"30-Mar-2026 UTC",0.2100,A_GEN_STANDARD,EUR,VAT,Taxable,,Seller,ShipTo,Country,SPAIN,54.99,9.54,45.45,0.00,0.00,0.00,0.00,0.00,0.00,0.00,0.00,0.00,0.00,0.00,0.00,0.00,0.00,0.00,ESB71337349,ES,,,,,,0.0000,,0.00,ES60010U9FPVBS,"https://sellercentral.amazon.es/document/download?v=urn%3aalx%3adoc%3a9d8cab0f-1f96-4462-8642-ace99a371392%3a3c7780cc-5370-4e83-9d12-c500b2fc8a3c&t=EU_Retail_Forward",false,Pamplona,Navarra,ES,31001,807240000,Benamocarra,Málaga,ES,29719,807240000,,true,,,,,,,,,,,,
ES,122283732812,"03-Mar-2026 UTC",RETURN,FALSE,403-0437853-8473101,"17-Mar-2026 UTC",26065190494039,"amzn1:crow:v/U15WJtQgaVDssKHMIlvA",B0772P8XZX,738825-42,1,"03-Mar-2026 UTC",0.2100,A_GEN_STANDARD,EUR,VAT,Taxable,,Seller,ShipTo,Country,SPAIN,-83.79,-14.54,-69.25,0.00,0.00,0.00,0.00,0.00,0.00,0.00,0.00,0.00,0.00,0.00,0.00,0.00,0.00,0.00,ESB71337349,ES,,,,,,0.0000,,0.00,ES60009F9FPVBX,"https://sellercentral.amazon.es/document/download?v=urn%3aalx%3adoc%3a9d8cab0f-1f96-4462-8642-ace99a371392%3af9498559-c9d8-4706-9b80-8dc93dece62d&t=EU_Retail_Reversal",false,Pamplona,Navarra,ES,31001,807240000,"Barriada San Ginés",Murcia,ES,30203,807240000,,true,,,,,,,,,,,,
ES,122283732812,"29-Mar-2026 UTC",SHIPMENT,FALSE,403-9670458-7653124,"30-Mar-2026 UTC",108164624676302,108164624676302,B072Q1L4CQ,FBA969056-41,1,"29-Mar-2026 UTC",0.2100,A_GEN_STANDARD,EUR,VAT,Taxable,,Seller,ShipTo,Country,SPAIN,75.49,13.10,62.39,0.00,0.00,0.00,1.99,0.35,1.64,-1.99,-0.35,-1.64,0.00,0.00,0.00,0.00,0.00,0.00,ESB71337349,ES,,,,,,0.0000,,0.00,ES6001089FPVBS,"https://sellercentral.amazon.es/document/download?v=urn%3aalx%3adoc%3a9d8cab0f-1f96-4462-8642-ace99a371392%3afeb32747-a7a8-4769-9129-b679810485c0&t=EU_Retail_Forward",false,Murcia,Murcia,ES,30156,807240000,"Los Alcázares",Murcia,ES,30710,807240000,,true,,,,,,,,,,,,
ES,122283732812,"29-Mar-2026 UTC",SHIPMENT,FALSE,404-1676867-3167534,"30-Mar-2026 UTC",26160587739039,26160587739039,B009KSUIFK,739032-44,1,"29-Mar-2026 UTC",0.2100,A_GEN_STANDARD,EUR,VAT,Taxable,,Seller,ShipTo,Country,SPAIN,97.78,16.97,80.81,0.00,0.00,0.00,0.00,0.00,0.00,0.00,0.00,0.00,0.00,0.00,0.00,0.00,0.00,0.00,ESB71337349,ES,,,,,,0.0000,,0.00,ES60010K9FPVBS,"https://sellercentral.amazon.es/document/download?v=urn%3aalx%3adoc%3a9d8cab0f-1f96-4462-8642-ace99a371392%3a59964856-93be-4d0c-a088-97c2650837f9&t=EU_Retail_Forward",false,Pamplona,Navarra,ES,31001,807240000,"GAROÑA ( VALLE DE TOBALINA)",BURGOS,ES,09212,807240000,,true,,,,,,,,,,,,
ES,122283732812,"09-Mar-2026 UTC",RETURN,FALSE,171-4437835-1177941,"21-Mar-2026 UTC",107310240111302,"amzn1:crow:vqvLSupzS5yACAh3GGUluA",B072M2Q16S,FBA047768-43,1,"10-Mar-2026 UTC",0.2100,A_GEN_STANDARD,EUR,VAT,Taxable,,Seller,ShipTo,Country,SPAIN,-82.50,-14.32,-68.18,0.00,0.00,0.00,0.00,0.00,0.00,0.00,0.00,0.00,0.00,0.00,0.00,0.00,0.00,0.00,ESB71337349,ES,,,,,,0.0000,,0.00,ES60009S9FPVBX,"https://sellercentral.amazon.es/document/download?v=urn%3aalx%3adoc%3a9d8cab0f-1f96-4462-8642-ace99a371392%3a2cc2cf12-296b-41a5-9dce-d7d5abe21752&t=EU_Retail_Reversal",false,Illescas,Illescas,ES,45200,807240000,Getafe,Madrid,ES,28903,807240000,ES,true,,,,,,,,,,,,
ES,122283732812,"29-Mar-2026 UTC",SHIPMENT,FALSE,403-5234960-2041121,"30-Mar-2026 UTC",26161263720039,26161263720039,B0F2GVKJND,594342-37,1,"29-Mar-2026 UTC",0.2100,A_GEN_STANDARD,EUR,VAT,Taxable,,Seller,ShipTo,Country,SPAIN,139.00,24.12,114.88,0.00,0.00,0.00,0.00,0.00,0.00,0.00,0.00,0.00,0.00,0.00,0.00,0.00,0.00,0.00,ESB71337349,ES,,,,,,0.0000,,0.00,ES60010Q9FPVBS,"https://sellercentral.amazon.es/document/download?v=urn%3aalx%3adoc%3a9d8cab0f-1f96-4462-8642-ace99a371392%3abfc68a1c-0f7f-4e05-8f25-f4afa03533ec&t=EU_Retail_Forward",false,Pamplona,Navarra,ES,31001,807240000,Lorca,Lorca/Murcia,ES,30800,807240000,,true,,,,,,,,,,,,
ES,122283732812,"30-Mar-2026 UTC",SHIPMENT,FALSE,404-6035308-2203529,"31-Mar-2026 UTC",26165010041039,26165010041039,B0B9J7QQYT,779490-41,1,"30-Mar-2026 UTC",0.2100,A_GEN_STANDARD,EUR,VAT,Taxable,,Seller,ShipTo,Country,SPAIN,93.39,16.21,77.18,0.00,0.00,0.00,0.00,0.00,0.00,0.00,0.00,0.00,0.00,0.00,0.00,0.00,0.00,0.00,ESB71337349,ES,,,,,,0.0000,,0.00,ES6001109FPVBS,"https://sellercentral.amazon.es/document/download?v=urn%3aalx%3adoc%3a9d8cab0f-1f96-4462-8642-ace99a371392%3a9b18bf0d-65a8-4d7d-abc5-42a3f9f67026&t=EU_Retail_Forward",false,Pamplona,Navarra,ES,31001,807240000,Láchar,Granada,ES,18327,807240000,,true,,,,,,,,,,,,
ES,122283732812,"29-Mar-2026 UTC",SHIPMENT,FALSE,408-8770860-5734756,"30-Mar-2026 UTC",26160842911039,26160842911039,B098LK1CGP,917962-40,1,"29-Mar-2026 UTC",0.2100,A_GEN_STANDARD,EUR,VAT,Taxable,,Seller,ShipTo,Country,SPAIN,77.99,13.54,64.45,0.00,0.00,0.00,0.00,0.00,0.00,0.00,0.00,0.00,0.00,0.00,0.00,0.00,0.00,0.00,ESB71337349,ES,,,,,,0.0000,,0.00,ES60010N9FPVBS,"https://sellercentral.amazon.es/document/download?v=urn%3aalx%3adoc%3a9d8cab0f-1f96-4462-8642-ace99a371392%3afb986e2b-6fc4-4471-8cf3-4020c12e8437&t=EU_Retail_Forward",false,Pamplona,Navarra,ES,31001,807240000,CORDOBA,CORDOBA,ES,14005,807240000,,true,,,,,,,,,,,,
ES,122283732812,"30-Mar-2026 UTC",SHIPMENT,FALSE,407-1179783-0806753,"30-Mar-2026 UTC",26162765504039,26162765504039,B0CPW47W19,610612-39,1,"30-Mar-2026 UTC",0.2300,A_GEN_STANDARD,EUR,VAT,Taxable,VCS_EU_OSS,Seller,ShipTo,Country,PORTUGAL,87.07,16.28,70.79,0.00,0.00,0.00,6.00,1.12,4.88,0.00,0.00,0.00,0.00,0.00,0.00,0.00,0.00,0.00,ESB71337349,ES,,,,,,0.0000,,0.00,ES6000229FPVBU,"https://sellercentral.amazon.es/document/download?v=urn%3aalx%3adoc%3a9d8cab0f-1f96-4462-8642-ace99a371392%3a913cbf09-9b5a-4e4b-92d6-b6147279c8b8&t=EU_Retail_Forward",false,Pamplona,Navarra,ES,31001,807240000,Aveiro,,PT,3770-909,,,true,,,,,,,,,,,,
ES,122283732812,"28-Mar-2026 UTC",SHIPMENT,FALSE,402-9932726-4743502,"28-Mar-2026 UTC",108090691607302,108090691607302,B0772VRXB3,FBA738825-40,1,"28-Mar-2026 UTC",0.2100,A_GEN_STANDARD,EUR,VAT,Taxable,,Seller,ShipTo,Country,SPAIN,86.49,15.01,71.48,0.00,0.00,0.00,0.00,0.00,0.00,0.00,0.00,0.00,0.00,0.00,0.00,0.00,0.00,0.00,ESB71337349,ES,,,,,,0.0000,,0.00,ES6001039FPVBS,"https://sellercentral.amazon.es/document/download?v=urn%3aalx%3adoc%3a9d8cab0f-1f96-4462-8642-ace99a371392%3af9a3af8a-f37d-447f-bb4e-13b6ee0653d6&t=EU_Retail_Forward",false,Illescas,Illescas,ES,45200,807240000,MALAGA,málaga,ES,29016,807240000,,true,,,,,,,,,,,,
ES,122283732812,"30-Mar-2026 UTC",SHIPMENT,FALSE,403-6677256-4865960,"30-Mar-2026 UTC",26162309108039,26162309108039,B073CZV3GC,629033-39,1,"30-Mar-2026 UTC",0.2100,A_GEN_STANDARD,EUR,VAT,Taxable,,Seller,ShipTo,Country,SPAIN,74.99,13.01,61.98,0.00,0.00,0.00,0.00,0.00,0.00,0.00,0.00,0.00,0.00,0.00,0.00,0.00,0.00,0.00,ESB71337349,ES,ESB30489520,ES,VAT,,,0.0000,,0.00,ES60000S9FPVBI,"https://sellercentral.amazon.es/document/download?v=urn%3aalx%3adoc%3a9d8cab0f-1f96-4462-8642-ace99a371392%3a5d8040b0-0d20-4e32-8a6c-44e1c6417cd4&t=EU_Retail_Forward",false,Pamplona,Navarra,ES,31001,807240000,"Molina de Segura",Murcia,ES,30500,807240000,,true,,,,,,,,,,,,
ES,122283732812,"16-Mar-2026 UTC",RETURN,FALSE,404-9423179-9978729,"24-Mar-2026 UTC",26119968743039,"amzn1:crow:5aGHRUAxSqyfC2FYnI8yrg",B09TNZLX4S,023997-39,1,"16-Mar-2026 UTC",0.2100,A_GEN_STANDARD,EUR,VAT,Taxable,,Seller,ShipTo,Country,SPAIN,-143.80,-24.96,-118.84,0.00,0.00,0.00,0.00,0.00,0.00,0.00,0.00,0.00,0.00,0.00,0.00,0.00,0.00,0.00,ESB71337349,ES,,,,,,0.0000,,0.00,ES60009Y9FPVBX,"https://sellercentral.amazon.es/document/download?v=urn%3aalx%3adoc%3a9d8cab0f-1f96-4462-8642-ace99a371392%3a121ea96e-edae-4bf8-8592-e11e8161e3e7&t=EU_Retail_Reversal",false,Pamplona,Navarra,ES,31001,807240000,Granada,Granada,ES,18014,807240000,,true,,,,,,,,,,,,
ES,122283732812,"06-Feb-2026 UTC",REFUND,FALSE,408-3154348-3561167,"05-Mar-2026 UTC",25970874027039,"amzn1:crow:3UQbcRC1QaindFlQiMmXbQ",B0CFY5BV1L,731019-44,1,"06-Feb-2026 UTC",0.2100,A_GEN_STANDARD,EUR,VAT,Taxable,,Seller,ShipTo,Country,SPAIN,0.00,0.00,0.00,0.00,0.00,0.00,0.00,0.00,0.00,0.00,0.00,0.00,0.00,0.00,0.00,0.00,0.00,0.00,ESB71337349,ES,,,,,,0.0000,,0.00,ES60008O9FPVBX,"https://sellercentral.amazon.es/document/download?v=urn%3aalx%3adoc%3a9d8cab0f-1f96-4462-8642-ace99a371392%3ade9cd0a6-069f-4bcc-8272-a4af71f8e289&t=EU_Retail_Reversal",false,Pamplona,Navarra,ES,31001,807240000,LEON,LEÓN,ES,24007,807240000,,true,,,,,,,,,,,,
ES,122283732812,"09-Feb-2026 UTC",REFUND,FALSE,406-3671969-5433911,"07-Mar-2026 UTC",25981968095039,"amzn1:crow:WFwlEOREQaiB2crZ4TGIWg",B0CJ5CFKN9,442597-43,1,"09-Feb-2026 UTC",0.2100,A_GEN_STANDARD,EUR,VAT,Taxable,,Seller,ShipTo,Country,SPAIN,-109.89,-19.07,-90.82,0.00,0.00,0.00,0.00,0.00,0.00,0.00,0.00,0.00,0.00,0.00,0.00,0.00,0.00,0.00,ESB71337349,ES,,,,,,0.0000,,0.00,ES60008X9FPVBX,"https://sellercentral.amazon.es/document/download?v=urn%3aalx%3adoc%3a9d8cab0f-1f96-4462-8642-ace99a371392%3a973f8935-bbb0-4e68-9dda-04c5d1eef45b&t=EU_Retail_Reversal",false,Pamplona,Navarra,ES,31001,807240000,Cáceres,Cáceres,ES,10001,807240000,,true,,,,,,,,,,,,
ES,122283732812,"30-Mar-2026 UTC",SHIPMENT,FALSE,171-6681233-9961123,"31-Mar-2026 UTC",26165107659039,26165107659039,B0DK3QG2XJ,139984-39,1,"30-Mar-2026 UTC",0.2100,A_GEN_STANDARD,EUR,VAT,Taxable,,Seller,ShipTo,Country,SPAIN,89.95,15.61,74.34,0.00,0.00,0.00,0.00,0.00,0.00,0.00,0.00,0.00,0.00,0.00,0.00,0.00,0.00,0.00,ESB71337349,ES,,,,,,0.0000,,0.00,ES6001119FPVBS,"https://sellercentral.amazon.es/document/download?v=urn%3aalx%3adoc%3a9d8cab0f-1f96-4462-8642-ace99a371392%3a8f6b26cf-cf91-4331-805d-56ddf2951f55&t=EU_Retail_Forward",false,Pamplona,Navarra,ES,31001,807240000,Andújar,Jaen,ES,23740,807240000,,true,,,,,,,,,,,,
ES,122283732812,"01-Mar-2026 UTC",RETURN,FALSE,402-4129796-0585902,"05-Mar-2026 UTC",26059822714039,"amzn1:crow:GojQPNiCTXKUWDHEjd/GBA",B0F63CLKHY,611624-42,1,"01-Mar-2026 UTC",0.2100,A_GEN_STANDARD,EUR,VAT,Taxable,,Seller,ShipTo,Country,SPAIN,-95.19,-16.52,-78.67,0.00,0.00,0.00,0.00,0.00,0.00,0.00,0.00,0.00,0.00,0.00,0.00,0.00,0.00,0.00,ESB71337349,ES,,,,,,0.0000,,0.00,ES60008Q9FPVBX,"https://sellercentral.amazon.es/document/download?v=urn%3aalx%3adoc%3a9d8cab0f-1f96-4462-8642-ace99a371392%3a25213399-a22c-44fa-9464-5ce216b04919&t=EU_Retail_Reversal",false,Pamplona,Navarra,ES,31001,807240000,Puertollano,"Ciudad Real",ES,13500,807240000,,true,,,,,,,,,,,,
ES,122283732812,"31-Mar-2026 UTC",SHIPMENT,FALSE,405-6766176-7018703,"31-Mar-2026 UTC",26166216223039,26166216223039,B07GC8B4Y2,505385-38,1,"31-Mar-2026 UTC",0.2100,A_GEN_STANDARD,EUR,VAT,Taxable,,Seller,ShipTo,Country,SPAIN,43.99,7.63,36.36,0.00,0.00,0.00,0.00,0.00,0.00,0.00,0.00,0.00,0.00,0.00,0.00,0.00,0.00,0.00,ESB71337349,ES,,,,,,0.0000,,0.00,ES6001169FPVBS,"https://sellercentral.amazon.es/document/download?v=urn%3aalx%3adoc%3a9d8cab0f-1f96-4462-8642-ace99a371392%3a07efbb5e-f880-4839-af41-1f053a726b49&t=EU_Retail_Forward",false,Pamplona,Navarra,ES,31001,807240000,"Ermita de Burgos",Murcia,ES,30166,807240000,,true,,,,,,,,,,,,
ES,122283732812,"30-Mar-2026 UTC",SHIPMENT,FALSE,404-5608769-3789101,"30-Mar-2026 UTC",26163197828039,26163197828039,B0CDCJ2R5Y,813250-38,1,"30-Mar-2026 UTC",0.2100,A_GEN_STANDARD,EUR,VAT,Taxable,,Seller,ShipTo,Country,SPAIN,94.70,16.44,78.26,0.00,0.00,0.00,0.00,0.00,0.00,0.00,0.00,0.00,0.00,0.00,0.00,0.00,0.00,0.00,ESB71337349,ES,ESB21407713,ES,VAT,,,0.0000,,0.00,ES60000T9FPVBI,"https://sellercentral.amazon.es/document/download?v=urn%3aalx%3adoc%3a9d8cab0f-1f96-4462-8642-ace99a371392%3aea3af080-240b-4a96-98ea-6aa3f4dcf947&t=EU_Retail_Forward",false,Pamplona,Navarra,ES,31001,807240000,Huelva,Huelva,ES,21005,807240000,,true,,,,,,,,,,,,
ES,122283732812,"31-Mar-2026 UTC",SHIPMENT,FALSE,404-9536406-9736323,"31-Mar-2026 UTC",26166432807039,26166432807039,B0DBZ3LC89,543168-41,1,"31-Mar-2026 UTC",0.2100,A_GEN_STANDARD,EUR,VAT,Taxable,,Seller,ShipTo,Country,SPAIN,89.74,15.57,74.17,0.00,0.00,0.00,0.00,0.00,0.00,0.00,0.00,0.00,0.00,0.00,0.00,0.00,0.00,0.00,ESB71337349,ES,,,,,,0.0000,,0.00,ES6001199FPVBS,"https://sellercentral.amazon.es/document/download?v=urn%3aalx%3adoc%3a9d8cab0f-1f96-4462-8642-ace99a371392%3a1e659154-15a7-4622-8913-0ae5d9217223&t=EU_Retail_Forward",false,Pamplona,Navarra,ES,31001,807240000,Casalarreina,Logroño,ES,26230,807240000,,true,,,,,,,,,,,,
ES,122283732812,"14-Feb-2026 UTC",RETURN,FALSE,405-8305261-4633951,"03-Mar-2026 UTC",26002927857039,"amzn1:crow:W7VU8PdbSiCzzUYp/juFpA",B0B7BRL6JY,145712-39,1,"14-Feb-2026 UTC",0.2100,A_GEN_STANDARD,EUR,VAT,Taxable,,Seller,ShipTo,Country,SPAIN,-92.40,-16.04,-76.36,0.00,0.00,0.00,0.00,0.00,0.00,0.00,0.00,0.00,0.00,0.00,0.00,0.00,0.00,0.00,ESB71337349,ES,,,,,,0.0000,,0.00,ES60008H9FPVBX,"https://sellercentral.amazon.es/document/download?v=urn%3aalx%3adoc%3a9d8cab0f-1f96-4462-8642-ace99a371392%3add2acc21-2b69-4c54-8c37-3edf7b8ac34c&t=EU_Retail_Reversal",false,Pamplona,Navarra,ES,31001,807240000,Adamuz,Córdoba,ES,14430,807240000,,true,,,,,,,,,,,,
ES,122283732812,"30-Mar-2026 UTC",SHIPMENT,FALSE,403-4639057-5252341,"30-Mar-2026 UTC",26162058238039,26162058238039,B0F9443VJ8,562710-27,1,"30-Mar-2026 UTC",0.2100,A_GEN_STANDARD,EUR,VAT,Taxable,,Seller,ShipTo,Country,SPAIN,54.99,9.54,45.45,0.00,0.00,0.00,0.00,0.00,0.00,0.00,0.00,0.00,0.00,0.00,0.00,0.00,0.00,0.00,ESB71337349,ES,,,,,,0.0000,,0.00,ES60010R9FPVBS,"https://sellercentral.amazon.es/document/download?v=urn%3aalx%3adoc%3a9d8cab0f-1f96-4462-8642-ace99a371392%3ac92fa7da-51fe-47d1-9fa5-6c12f018f713&t=EU_Retail_Forward",false,Pamplona,Navarra,ES,31001,807240000,zaragoza,zaragoza,ES,50018,807240000,,true,,,,,,,,,,,,
ES,122283732812,"18-Mar-2026 UTC",RETURN,FALSE,403-0014584-6854730,"27-Mar-2026 UTC",26125102327039,"amzn1:crow:LDiaPYt9TDmsRi5UgCHEWQ",B07DPSJFRH,999945-38,1,"18-Mar-2026 UTC",0.2100,A_GEN_STANDARD,EUR,VAT,Taxable,,Seller,ShipTo,Country,SPAIN,-77.99,-13.54,-64.45,0.00,0.00,0.00,0.00,0.00,0.00,0.00,0.00,0.00,0.00,0.00,0.00,0.00,0.00,0.00,ESB71337349,ES,,,,,,0.0000,,0.00,ES6000A49FPVBX,"https://sellercentral.amazon.es/document/download?v=urn%3aalx%3adoc%3a9d8cab0f-1f96-4462-8642-ace99a371392%3ae0c9bd59-f191-4e3d-8707-454e83af9813&t=EU_Retail_Reversal",false,Pamplona,Navarra,ES,31001,807240000,Palma,Baleares,ES,07009,807240000,,true,,,,,,,,,,,,
ES,122283732812,"08-Feb-2026 UTC",REFUND,FALSE,403-5476002-4678719,"04-Mar-2026 UTC",25976628076039,"amzn1:crow:NK5JD9ENSmyuaBGYvKZzfg",B0CJ58V7KQ,442597-40,1,"08-Feb-2026 UTC",0.2100,A_GEN_STANDARD,EUR,VAT,Taxable,,Seller,ShipTo,Country,SPAIN,-92.99,-16.14,-76.85,0.00,0.00,0.00,0.00,0.00,0.00,0.00,0.00,0.00,0.00,0.00,0.00,0.00,0.00,0.00,ESB71337349,ES,,,,,,0.0000,,0.00,ES60008M9FPVBX,"https://sellercentral.amazon.es/document/download?v=urn%3aalx%3adoc%3a9d8cab0f-1f96-4462-8642-ace99a371392%3a26664268-ae94-4bf0-a13f-491138f381af&t=EU_Retail_Reversal",false,Pamplona,Navarra,ES,31001,807240000,CÓRDOBA,CÓRDOBA,ES,14004,807240000,,true,,,,,,,,,,,,
ES,122283732812,"08-Feb-2026 UTC",RETURN,FALSE,404-2110097-9783565,"07-Mar-2026 UTC",25977496713039,"amzn1:crow:36zT6bJ8QOSR1EP3ey8KCg",B004YOYWD4,790176-38,1,"08-Feb-2026 UTC",0.2100,A_GEN_STANDARD,EUR,VAT,Taxable,,Seller,ShipTo,Country,SPAIN,-139.20,-24.16,-115.04,0.00,0.00,0.00,0.00,0.00,0.00,0.00,0.00,0.00,0.00,0.00,0.00,0.00,0.00,0.00,ESB71337349,ES,47777637J,ES,BusinessReg,,,0.0000,,0.00,ES6000039FPVBC,"https://sellercentral.amazon.es/document/download?v=urn%3aalx%3adoc%3a9d8cab0f-1f96-4462-8642-ace99a371392%3ad1c64c86-84db-4f56-9691-3c78b11e7fba&t=EU_Retail_Reversal",false,Pamplona,Navarra,ES,31001,807240000,"Sant cugat del valles",Barcelona,ES,08172,807240000,,true,,,,,,,,,,,,
ES,122283732812,"20-Mar-2026 UTC",RETURN,FALSE,402-6792354-5069160,"24-Mar-2026 UTC",107795263750302,"amzn1:crow:yauS5icDRraxfKyJFu5sCQ",B07DPXTGM5,FBA747828-41,1,"20-Mar-2026 UTC",0.2100,A_GEN_STANDARD,EUR,VAT,Taxable,,Seller,ShipTo,Country,SPAIN,-80.00,-13.88,-66.12,0.00,0.00,0.00,0.00,0.00,0.00,0.00,0.00,0.00,0.00,0.00,0.00,0.00,0.00,0.00,ESB71337349,ES,,,,,,0.0000,,0.00,ES60009X9FPVBX,"https://sellercentral.amazon.es/document/download?v=urn%3aalx%3adoc%3a9d8cab0f-1f96-4462-8642-ace99a371392%3a2e7cd8b2-9722-4763-b969-78c0b1bc3cc9&t=EU_Retail_Reversal",false,Murcia,Murcia,ES,30156,807240000,Honrubia,Cuenca,ES,16730,807240000,ES,true,,,,,,,,,,,,
ES,122283732812,"18-Mar-2026 UTC",RETURN,FALSE,171-0823524-3798700,"27-Mar-2026 UTC",26125201999039,"amzn1:crow:Gyo00Bc2Ra+4lS6o46O8Bw",B0F5NZL1NX,464415-37,1,"18-Mar-2026 UTC",0.2100,A_GEN_STANDARD,EUR,VAT,Taxable,,Seller,ShipTo,Country,SPAIN,-119.89,-20.81,-99.08,0.00,0.00,0.00,0.00,0.00,0.00,0.00,0.00,0.00,0.00,0.00,0.00,0.00,0.00,0.00,ESB71337349,ES,,,,,,0.0000,,0.00,ES6000A69FPVBX,"https://sellercentral.amazon.es/document/download?v=urn%3aalx%3adoc%3a9d8cab0f-1f96-4462-8642-ace99a371392%3a7cedd143-0f09-4061-ad7f-b93a6d9529c1&t=EU_Retail_Reversal",false,Pamplona,Navarra,ES,31001,807240000,EIVISSA,"ISLAS BALEARES",ES,07800,807240000,,true,,,,,,,,,,,,
ES,122283732812,"30-Mar-2026 UTC",SHIPMENT,FALSE,407-6053918-8789108,"31-Mar-2026 UTC",26163720326039,26163720326039,B07DPXGHNC,999945-41,1,"30-Mar-2026 UTC",0.2100,A_GEN_STANDARD,EUR,VAT,Taxable,,Seller,ShipTo,Country,SPAIN,87.90,15.26,72.64,0.00,0.00,0.00,0.00,0.00,0.00,0.00,0.00,0.00,0.00,0.00,0.00,0.00,0.00,0.00,ESB71337349,ES,,,,,,0.0000,,0.00,ES60010Z9FPVBS,"https://sellercentral.amazon.es/document/download?v=urn%3aalx%3adoc%3a9d8cab0f-1f96-4462-8642-ace99a371392%3a0f33c161-e565-4aaa-8fa4-d755b3ecfe93&t=EU_Retail_Forward",false,Pamplona,Navarra,ES,31001,807240000,Tarragona,"L’hospitalet del Infant",ES,43890,807240000,,true,,,,,,,,,,,,
ES,122283732812,"15-Mar-2026 UTC",RETURN,FALSE,403-1312956-0565117,"17-Mar-2026 UTC",107571864809302,"amzn1:crow:FlL55QZzTxShxxPvijSFzg",B0772R92YC,FBA738825-41,1,"15-Mar-2026 UTC",0.2100,A_GEN_STANDARD,EUR,VAT,Taxable,,Seller,ShipTo,Country,SPAIN,-86.49,-15.01,-71.48,0.00,0.00,0.00,0.00,0.00,0.00,0.00,0.00,0.00,0.00,0.00,0.00,0.00,0.00,0.00,ESB71337349,ES,,,,,,0.0000,,0.00,ES60009J9FPVBX,"https://sellercentral.amazon.es/document/download?v=urn%3aalx%3adoc%3a9d8cab0f-1f96-4462-8642-ace99a371392%3a96f1b62f-1218-4596-bccb-771019e2d735&t=EU_Retail_Reversal",false,Illescas,Illescas,ES,45200,807240000,"JEREZ DE LA FRONTERA",ESPAÑA,ES,11405,807240000,ES,true,,,,,,,,,,,,
ES,122283732812,"28-Mar-2026 UTC",SHIPMENT,FALSE,408-3685837-0928304,"29-Mar-2026 UTC",545327001759001,545327001759001,B072JGYSFW,FBA377785-45,1,"29-Mar-2026 UTC",0.2100,A_GEN_STANDARD,EUR,VAT,Taxable,,Seller,ShipTo,Country,SPAIN,83.49,14.49,69.00,0.00,0.00,0.00,0.00,0.00,0.00,0.00,0.00,0.00,0.00,0.00,0.00,0.00,0.00,0.00,ESB71337349,ES,ESW0184081H,ES,VAT,,,0.0000,,0.00,N/A,N/A,false,Illescas,Illescas,ES,45200,807240000,Illescas,Illescas,ES,45200,807240000,,true,,,,,,,,,,,,
ES,122283732812,"17-Feb-2026 UTC",RETURN,FALSE,403-0817516-1752312,"11-Mar-2026 UTC",26012737311039,"amzn1:crow:gftW+wTjTz2k2DkQKAuuSQ",B0CDCPQGH9,232146-41,1,"17-Feb-2026 UTC",0.2100,A_GEN_STANDARD,EUR,VAT,Taxable,,Seller,ShipTo,Country,SPAIN,-107.90,-18.73,-89.17,0.00,0.00,0.00,0.00,0.00,0.00,0.00,0.00,0.00,0.00,0.00,0.00,0.00,0.00,0.00,ESB71337349,ES,,,,,,0.0000,,0.00,ES6000969FPVBX,"https://sellercentral.amazon.es/document/download?v=urn%3aalx%3adoc%3a9d8cab0f-1f96-4462-8642-ace99a371392%3a0136e525-9113-4a65-8876-8f18a49b1462&t=EU_Retail_Reversal",false,Pamplona,Navarra,ES,31001,807240000,"Palma de mallorca",Baleares,ES,07010,807240000,,true,,,,,,,,,,,,
ES,122283732812,"27-Mar-2026 UTC",SHIPMENT,FALSE,407-2331016-1621961,"28-Mar-2026 UTC",26154457518039,26154457518039,B08QMRJM6F,909559-43,1,"27-Mar-2026 UTC",0.2100,A_GEN_STANDARD,EUR,VAT,Taxable,,Seller,ShipTo,Country,SPAIN,60.41,10.48,49.93,0.00,0.00,0.00,0.00,0.00,0.00,0.00,0.00,0.00,0.00,0.00,0.00,0.00,0.00,0.00,ESB71337349,ES,,,,,,0.0000,,0.00,ES6000ZV9FPVBS,"https://sellercentral.amazon.es/document/download?v=urn%3aalx%3adoc%3a9d8cab0f-1f96-4462-8642-ace99a371392%3aaae671eb-6efa-4249-94bc-729b2b6d8445&t=EU_Retail_Forward",false,Pamplona,Navarra,ES,31001,807240000,Benidorm,Alicante,ES,03502,807240000,,true,,,,,,,,,,,,
ES,122283732812,"30-Mar-2026 UTC",SHIPMENT,FALSE,171-6888147-2333151,"31-Mar-2026 UTC",26163851466039,26163851466039,B0CL34FC1K,640056-40,1,"30-Mar-2026 UTC",0.2100,A_GEN_STANDARD,EUR,VAT,Taxable,,Seller,ShipTo,Country,SPAIN,90.90,15.78,75.12,0.00,0.00,0.00,0.00,0.00,0.00,0.00,0.00,0.00,0.00,0.00,0.00,0.00,0.00,0.00,ESB71337349,ES,,,,,,0.0000,,0.00,ES6001149FPVBS,"https://sellercentral.amazon.es/document/download?v=urn%3aalx%3adoc%3a9d8cab0f-1f96-4462-8642-ace99a371392%3a37c524a7-86cf-4ef8-b833-bae4a38d438b&t=EU_Retail_Forward",false,Pamplona,Navarra,ES,31001,807240000,"Riba de saelices",Guadalajara,ES,19441,807240000,,true,,,,,,,,,,,,
ES,122283732812,"11-Feb-2026 UTC",REFUND,FALSE,402-5864284-0582754,"05-Mar-2026 UTC",25987537143039,"amzn1:crow:JT5YnI3MQDqPC335JAIIjA",B09CLD8YBS,018999-37,1,"11-Feb-2026 UTC",0.2100,A_GEN_STANDARD,EUR,VAT,Taxable,,Seller,ShipTo,Country,SPAIN,-86.80,-15.06,-71.74,0.00,0.00,0.00,0.00,0.00,0.00,0.00,0.00,0.00,0.00,0.00,0.00,0.00,0.00,0.00,ESB71337349,ES,,,,,,0.0000,,0.00,ES60008S9FPVBX,"https://sellercentral.amazon.es/document/download?v=urn%3aalx%3adoc%3a9d8cab0f-1f96-4462-8642-ace99a371392%3a30c31eb1-9e08-4dd7-b2c4-3228fda5b4d7&t=EU_Retail_Reversal",false,Pamplona,Navarra,ES,31001,807240000,Granada,Granada,ES,18008,807240000,,true,,,,,,,,,,,,
ES,122283732812,"07-Mar-2026 UTC",REFUND,FALSE,406-1464469-8300334,"18-Mar-2026 UTC",26081155534039,"amzn1:crow:NVTznzbiSgGjOVgIaimfBQ",B0BGHWD2GW,490347-43,1,"07-Mar-2026 UTC",0.2100,A_GEN_STANDARD,EUR,VAT,Taxable,,Seller,ShipTo,Country,SPAIN,-103.00,-17.88,-85.12,0.00,0.00,0.00,0.00,0.00,0.00,0.00,0.00,0.00,0.00,0.00,0.00,0.00,0.00,0.00,ESB71337349,ES,,,,,,0.0000,,0.00,ES60009M9FPVBX,"https://sellercentral.amazon.es/document/download?v=urn%3aalx%3adoc%3a9d8cab0f-1f96-4462-8642-ace99a371392%3a46564c1f-ff0d-4c23-b324-a42763830175&t=EU_Retail_Reversal",false,Pamplona,Navarra,ES,31001,807240000,Madrid,Madrid,ES,28020,807240000,,true,,,,,,,,,,,,
ES,122283732812,"02-Mar-2026 UTC",RETURN,FALSE,404-0126033-5522712,"06-Mar-2026 UTC",26062726612039,"amzn1:crow:pxcKOLQwSz2n2wE0qhIerg",B01CDIYD9K,755558-39,1,"02-Mar-2026 UTC",0.2100,A_GEN_STANDARD,EUR,VAT,Taxable,,Seller,ShipTo,Country,SPAIN,-36.90,-6.40,-30.50,0.00,0.00,0.00,0.00,0.00,0.00,0.00,0.00,0.00,0.00,0.00,0.00,0.00,0.00,0.00,ESB71337349,ES,,,,,,0.0000,,0.00,ES60008W9FPVBX,"https://sellercentral.amazon.es/document/download?v=urn%3aalx%3adoc%3a9d8cab0f-1f96-4462-8642-ace99a371392%3ae75f371a-bd41-439c-acd7-7efa43b7ae0c&t=EU_Retail_Reversal",false,Pamplona,Navarra,ES,31001,807240000,"Molina de segura",Murcia,ES,30506,807240000,,true,,,,,,,,,,,,
ES,122283732812,"18-Mar-2026 UTC",RETURN,FALSE,171-2489029-8667549,"20-Mar-2026 UTC",26124505855039,"amzn1:crow:lVwDu98QRXqQqufInmv5gw",B07DPSJFRH,999945-38,1,"18-Mar-2026 UTC",0.2100,A_GEN_STANDARD,EUR,VAT,Taxable,,Seller,ShipTo,Country,SPAIN,-77.99,-13.54,-64.45,0.00,0.00,0.00,0.00,0.00,0.00,0.00,0.00,0.00,0.00,0.00,0.00,0.00,0.00,0.00,ESB71337349,ES,,,,,,0.0000,,0.00,ES60009Q9FPVBX,"https://sellercentral.amazon.es/document/download?v=urn%3aalx%3adoc%3a9d8cab0f-1f96-4462-8642-ace99a371392%3ac16d2c88-a2e8-4175-85aa-466ba0e0b1d2&t=EU_Retail_Reversal",false,Pamplona,Navarra,ES,31001,807240000,Madrid,Madrid,ES,28043,807240000,,true,,,,,,,,,,,,
ES,122283732812,"16-Mar-2026 UTC",RETURN,FALSE,403-5632013-1287546,"19-Mar-2026 UTC",26119462215039,"amzn1:crow:+NVPekOhQ069i9wkN1oKsw",B09RSSWG33,850345-42,1,"16-Mar-2026 UTC",0.2100,A_GEN_STANDARD,EUR,VAT,Taxable,,Seller,ShipTo,Country,SPAIN,-109.90,-19.07,-90.83,0.00,0.00,0.00,0.00,0.00,0.00,0.00,0.00,0.00,0.00,0.00,0.00,0.00,0.00,0.00,ESB71337349,ES,,,,,,0.0000,,0.00,ES60009O9FPVBX,"https://sellercentral.amazon.es/document/download?v=urn%3aalx%3adoc%3a9d8cab0f-1f96-4462-8642-ace99a371392%3a41f7cac1-087c-4c48-9e45-15613b945437&t=EU_Retail_Reversal",false,Pamplona,Navarra,ES,31001,807240000,Madrid,Madrid,ES,28049,807240000,,true,,,,,,,,,,,,
ES,122283732812,"21-Mar-2026 UTC",RETURN,FALSE,407-1645519-9164309,"31-Mar-2026 UTC",107840790857302,"amzn1:crow:8Ysl4IPaSwiLPDyROH7wfw",B0772QHX2Q,FBA633372-43,1,"21-Mar-2026 UTC",0.2100,A_GEN_STANDARD,EUR,VAT,Taxable,,Seller,ShipTo,Country,SPAIN,-86.49,-15.01,-71.48,0.00,0.00,0.00,0.00,0.00,0.00,0.00,0.00,0.00,0.00,0.00,0.00,0.00,0.00,0.00,ESB71337349,ES,,,,,,0.0000,,0.00,ES6000AF9FPVBX,"https://sellercentral.amazon.es/document/download?v=urn%3aalx%3adoc%3a9d8cab0f-1f96-4462-8642-ace99a371392%3a633410e8-3d2e-4cbf-a1ec-610245867259&t=EU_Retail_Reversal",false,Illescas,Illescas,ES,45200,807240000,mérida,badajoz,ES,06800,807240000,ES,true,,,,,,,,,,,,
ES,122283732812,"23-Mar-2026 UTC",RETURN,FALSE,171-5768900-2183564,"26-Mar-2026 UTC",26142227889039,"amzn1:crow:pmwCmzmbT7WALY8PL/dOcg",B078RR9N8B,832639-24,1,"23-Mar-2026 UTC",0.2100,A_GEN_STANDARD,EUR,VAT,Taxable,,Seller,ShipTo,Country,SPAIN,-39.80,-6.91,-32.89,0.00,0.00,0.00,0.00,0.00,0.00,0.00,0.00,0.00,0.00,0.00,0.00,0.00,0.00,0.00,ESB71337349,ES,,,,,,0.0000,,0.00,ES6000A09FPVBX,"https://sellercentral.amazon.es/document/download?v=urn%3aalx%3adoc%3a9d8cab0f-1f96-4462-8642-ace99a371392%3abaecde67-d33f-43a1-95e9-27aaea0d716a&t=EU_Retail_Reversal",false,Pamplona,Navarra,ES,31001,807240000,pontevedra,pontevedra,ES,36163,807240000,,true,,,,,,,,,,,,
ES,122283732812,"29-Mar-2026 UTC",SHIPMENT,FALSE,407-9176462-7811524,"30-Mar-2026 UTC",108136312676302,108136312676302,B0772VF96V,FBA633372-41,1,"29-Mar-2026 UTC",0.2100,A_GEN_STANDARD,EUR,VAT,Taxable,,Seller,ShipTo,Country,SPAIN,87.60,15.20,72.40,0.00,0.00,0.00,0.00,0.00,0.00,0.00,0.00,0.00,0.00,0.00,0.00,0.00,0.00,0.00,ESB71337349,ES,,,,,,0.0000,,0.00,ES6001099FPVBS,"https://sellercentral.amazon.es/document/download?v=urn%3aalx%3adoc%3a9d8cab0f-1f96-4462-8642-ace99a371392%3a67edfdd6-b42d-4ccd-a543-43f8c914f7c3&t=EU_Retail_Forward",false,Murcia,Murcia,ES,30156,807240000,mérida,badajoz,ES,06800,807240000,,true,,,,,,,,,,,,
ES,122283732812,"10-Mar-2026 UTC",RETURN,FALSE,406-1089154-0829935,"22-Mar-2026 UTC",107374761737302,"amzn1:crow:rteNIQXsTQOuX/yvALhXag",B072M2Q172,FBA969056-40,1,"10-Mar-2026 UTC",0.2100,A_GEN_STANDARD,EUR,VAT,Taxable,,Seller,ShipTo,Country,SPAIN,-75.49,-13.10,-62.39,0.00,0.00,0.00,0.00,0.00,0.00,0.00,0.00,0.00,0.00,0.00,0.00,0.00,0.00,0.00,ESB71337349,ES,,,,,,0.0000,,0.00,ES60009T9FPVBX,"https://sellercentral.amazon.es/document/download?v=urn%3aalx%3adoc%3a9d8cab0f-1f96-4462-8642-ace99a371392%3a20b8948d-a4a8-483a-abec-3e69a56a58d8&t=EU_Retail_Reversal",false,Murcia,Murcia,ES,30156,807240000,"Castellon de la Plana","Castellon de la Plana",ES,12005,807240000,ES,true,,,,,,,,,,,,
ES,122283732812,"08-Mar-2026 UTC",RETURN,FALSE,408-3513629-9037102,"12-Mar-2026 UTC",26082609624039,"amzn1:crow:uLFjB1DdSIeujfY7dniFgg",B07V2J4PX9,601060-42,1,"08-Mar-2026 UTC",0.2100,A_GEN_STANDARD,EUR,VAT,Taxable,,Seller,ShipTo,Country,SPAIN,-77.79,-13.50,-64.29,0.00,0.00,0.00,0.00,0.00,0.00,0.00,0.00,0.00,0.00,0.00,0.00,0.00,0.00,0.00,ESB71337349,ES,,,,,,0.0000,,0.00,ES60009A9FPVBX,"https://sellercentral.amazon.es/document/download?v=urn%3aalx%3adoc%3a9d8cab0f-1f96-4462-8642-ace99a371392%3ab9784045-ad4c-4de8-bdba-8140d16e4bb4&t=EU_Retail_Reversal",false,Pamplona,Navarra,ES,31001,807240000,Badajoz,Badajoz,ES,06011,807240000,,true,,,,,,,,,,,,
ES,122283732812,"22-Mar-2026 UTC",RETURN,FALSE,407-2928063-1357117,"28-Mar-2026 UTC",26138526614039,"amzn1:crow:Ve9fbLveR6eVebhzlEnJbg",B0CDCNNGW1,232146-43,1,"22-Mar-2026 UTC",0.2100,A_GEN_STANDARD,EUR,VAT,Taxable,,Seller,ShipTo,Country,SPAIN,-108.10,-18.76,-89.34,0.00,0.00,0.00,0.00,0.00,0.00,0.00,0.00,0.00,0.00,0.00,0.00,0.00,0.00,0.00,ESB71337349,ES,,,,,,0.0000,,0.00,ES6000A99FPVBX,"https://sellercentral.amazon.es/document/download?v=urn%3aalx%3adoc%3a9d8cab0f-1f96-4462-8642-ace99a371392%3a3d3bbc21-6ee9-463a-883e-c4f4ece824ab&t=EU_Retail_Reversal",false,Pamplona,Navarra,ES,31001,807240000,Antequera,Málaga,ES,29200,807240000,,true,,,,,,,,,,,,
ES,122283732812,"30-Mar-2026 UTC",SHIPMENT,FALSE,408-5463835-6753122,"31-Mar-2026 UTC",545501898722001,545501898722001,B072Q1L4CQ,FBA969056-41,1,"31-Mar-2026 UTC",0.2100,A_GEN_STANDARD,EUR,VAT,Taxable,,Seller,ShipTo,Country,SPAIN,75.49,13.10,62.39,0.00,0.00,0.00,0.00,0.00,0.00,0.00,0.00,0.00,0.00,0.00,0.00,0.00,0.00,0.00,ESB71337349,ES,ESW0184081H,ES,VAT,,,0.0000,,0.00,N/A,N/A,false,Murcia,Murcia,ES,30156,807240000,Murcia,Murcia,ES,30156,807240000,,true,,,,,,,,,,,,
ES,122283732812,"08-Mar-2026 UTC",RETURN,FALSE,404-6308099-3559513,"11-Mar-2026 UTC",26083473485039,"amzn1:crow:VkPQvE4ASh+2B5wVbkhoMg",B0772P8XZX,738825-42,1,"08-Mar-2026 UTC",0.2100,A_GEN_STANDARD,EUR,VAT,Taxable,,Seller,ShipTo,Country,SPAIN,-83.79,-14.54,-69.25,0.00,0.00,0.00,0.00,0.00,0.00,0.00,0.00,0.00,0.00,0.00,0.00,0.00,0.00,0.00,ESB71337349,ES,,,,,,0.0000,,0.00,ES6000979FPVBX,"https://sellercentral.amazon.es/document/download?v=urn%3aalx%3adoc%3a9d8cab0f-1f96-4462-8642-ace99a371392%3aec3ed00a-66ea-4f7e-997c-627d1c354f12&t=EU_Retail_Reversal",false,Pamplona,Navarra,ES,31001,807240000,Madrid,Madrid,ES,28049,807240000,,true,,,,,,,,,,,,
ES,122283732812,"28-Mar-2026 UTC",SHIPMENT,FALSE,402-3912511-9669101,"28-Mar-2026 UTC",108097561232302,108097561232302,B07DPX25ZM,FBA341203-40,1,"28-Mar-2026 UTC",0.2100,A_GEN_STANDARD,EUR,VAT,Taxable,,Seller,ShipTo,Country,SPAIN,87.90,15.26,72.64,0.00,0.00,0.00,0.00,0.00,0.00,0.00,0.00,0.00,0.00,0.00,0.00,0.00,0.00,0.00,ESB71337349,ES,,,,,,0.0000,,0.00,ES6001019FPVBS,"https://sellercentral.amazon.es/document/download?v=urn%3aalx%3adoc%3a9d8cab0f-1f96-4462-8642-ace99a371392%3a9cc69556-ffa7-474b-ae46-d930114ca13f&t=EU_Retail_Forward",false,Murcia,Murcia,ES,30156,807240000,Niao,asturias,ES,33310,807240000,,true,,,,,,,,,,,,
ES,122283732812,"16-Mar-2026 UTC",RETURN,FALSE,407-6079151-2321934,"30-Mar-2026 UTC",107654159166302,"amzn1:crow:tfXQEEOvTr2T9C+AeiBmrQ",B071W6NT3F,FBA969056-42,1,"16-Mar-2026 UTC",0.2100,A_GEN_STANDARD,EUR,VAT,Taxable,,Seller,ShipTo,Country,SPAIN,-75.49,-13.10,-62.39,0.00,0.00,0.00,0.00,0.00,0.00,0.00,0.00,0.00,0.00,0.00,0.00,0.00,0.00,0.00,ESB71337349,ES,,,,,,0.0000,,0.00,ES6000AB9FPVBX,"https://sellercentral.amazon.es/document/download?v=urn%3aalx%3adoc%3a9d8cab0f-1f96-4462-8642-ace99a371392%3aa8f3da5a-3eb7-47af-aa98-73d05bcec461&t=EU_Retail_Reversal",false,Murcia,Murcia,ES,30156,807240000,"Molina De Segura",Murcia,ES,30500,807240000,ES,true,,,,,,,,,,,,
ES,122283732812,"03-Mar-2026 UTC",RETURN,FALSE,402-3416440-5501934,"05-Mar-2026 UTC",26065009519039,"amzn1:crow:sA6QmrmrQ+SOHokqmGAFsg",B0FHTGPKW4,189101-40,1,"03-Mar-2026 UTC",0.2100,A_GEN_STANDARD,EUR,VAT,Taxable,,Seller,ShipTo,Country,SPAIN,-87.10,-15.12,-71.98,0.00,0.00,0.00,0.00,0.00,0.00,0.00,0.00,0.00,0.00,0.00,0.00,0.00,0.00,0.00,ESB71337349,ES,,,,,,0.0000,,0.00,ES60008R9FPVBX,"https://sellercentral.amazon.es/document/download?v=urn%3aalx%3adoc%3a9d8cab0f-1f96-4462-8642-ace99a371392%3a3cfc3027-bbaa-4a2d-9616-6073541bd74e&t=EU_Retail_Reversal",false,Pamplona,Navarra,ES,31001,807240000,Alovera,Guadalajara,ES,19208,807240000,,true,,,,,,,,,,,,
ES,122283732812,"20-Feb-2026 UTC",RETURN,FALSE,407-7185147-0935530,"30-Mar-2026 UTC",26021893602039,"amzn1:crow:QEqS5bN5RKyGKIzET66WKA",B09V1GKWXQ,089635-42,1,"21-Feb-2026 UTC",0.2100,A_GEN_STANDARD,EUR,VAT,Taxable,,Seller,ShipTo,Country,SPAIN,-91.99,-15.97,-76.02,0.00,0.00,0.00,0.00,0.00,0.00,0.00,0.00,0.00,0.00,0.00,0.00,0.00,0.00,0.00,ESB71337349,ES,B07872385,ES,VAT,,,0.0000,,0.00,ES6000069FPVBC,"https://sellercentral.amazon.es/document/download?v=urn%3aalx%3adoc%3a9d8cab0f-1f96-4462-8642-ace99a371392%3a1bf11886-23dd-4f12-a87a-f48b35c09983&t=EU_Retail_Reversal",false,Pamplona,Navarra,ES,31001,807240000,Palma,Baleares,ES,07006,807240000,,true,,,,,,,,,,,,
ES,122283732812,"17-Feb-2026 UTC",RETURN,FALSE,403-3582898-7935553,"21-Mar-2026 UTC",26012761528039,"amzn1:crow:wN1YxD7nRf+rB80tK9mPcA",B0FHSZ7M9W,189101-37,1,"17-Feb-2026 UTC",0.2100,A_GEN_STANDARD,EUR,VAT,Taxable,,Seller,ShipTo,Country,SPAIN,-83.02,-14.41,-68.61,0.00,0.00,0.00,0.00,0.00,0.00,0.00,0.00,0.00,0.00,0.00,0.00,0.00,0.00,0.00,ESB71337349,ES,,,,,,0.0000,,0.00,ES60009R9FPVBX,"https://sellercentral.amazon.es/document/download?v=urn%3aalx%3adoc%3a9d8cab0f-1f96-4462-8642-ace99a371392%3a4eeff85b-b00e-4bcf-8ca1-6f1853d83255&t=EU_Retail_Reversal",false,Pamplona,Navarra,ES,31001,807240000,Valdepeñas,"Ciudad Real",ES,13300,807240000,,true,,,,,,,,,,,,
ES,122283732812,"29-Mar-2026 UTC",SHIPMENT,FALSE,402-1383850-6303503,"30-Mar-2026 UTC",26160245057039,26160245057039,B0F5P211G5,464415-38,1,"29-Mar-2026 UTC",0.2100,A_GEN_STANDARD,EUR,VAT,Taxable,,Seller,ShipTo,Country,SPAIN,119.95,20.82,99.13,0.00,0.00,0.00,0.00,0.00,0.00,0.00,0.00,0.00,0.00,0.00,0.00,0.00,0.00,0.00,ESB71337349,ES,,,,,,0.0000,,0.00,ES60010L9FPVBS,"https://sellercentral.amazon.es/document/download?v=urn%3aalx%3adoc%3a9d8cab0f-1f96-4462-8642-ace99a371392%3a939ce8d3-06ff-4e3f-909c-19bc565dc3c8&t=EU_Retail_Forward",false,Pamplona,Navarra,ES,31001,807240000,"La Campana",Sevilla,ES,41429,807240000,,true,,,,,,,,,,,,
ES,122283732812,"28-Mar-2026 UTC",SHIPMENT,FALSE,406-4711969-6811502,"30-Mar-2026 UTC",26157738659039,26157738659039,B072Q1L4CL,047768-42,1,"28-Mar-2026 UTC",0.2300,A_GEN_STANDARD,EUR,VAT,Taxable,VCS_EU_OSS,Seller,ShipTo,Country,PORTUGAL,83.86,15.68,68.18,0.00,0.00,0.00,6.00,1.12,4.88,0.00,0.00,0.00,0.00,0.00,0.00,0.00,0.00,0.00,ESB71337349,ES,,,,,,0.0000,,0.00,ES60001Z9FPVBU,"https://sellercentral.amazon.es/document/download?v=urn%3aalx%3adoc%3a9d8cab0f-1f96-4462-8642-ace99a371392%3a77d75d57-483f-4a0a-9002-1495c0491c1c&t=EU_Retail_Forward",false,Pamplona,Navarra,ES,31001,807240000,"Castelo Branco",Portugal,PT,6000-279,,,true,,,,,,,,,,,,
ES,122283732812,"13-Feb-2026 UTC",RETURN,FALSE,406-2189524-0229117,"04-Mar-2026 UTC",25998234779039,"amzn1:crow:BN+NJRrZTOyR1ZLvUThvUg",B0DW3YW39S,873273-36,1,"13-Feb-2026 UTC",0.2100,A_GEN_STANDARD,EUR,VAT,Taxable,,Seller,ShipTo,Country,SPAIN,-120.90,-20.98,-99.92,0.00,0.00,0.00,0.00,0.00,0.00,0.00,0.00,0.00,0.00,0.00,0.00,0.00,0.00,0.00,ESB71337349,ES,,,,,,0.0000,,0.00,ES60008K9FPVBX,"https://sellercentral.amazon.es/document/download?v=urn%3aalx%3adoc%3a9d8cab0f-1f96-4462-8642-ace99a371392%3a2c6ba7cc-ad7a-4d0c-a951-22313edf50f0&t=EU_Retail_Reversal",false,Pamplona,Navarra,ES,31001,807240000,Barcelona,Barcelona,ES,08005,807240000,,true,,,,,,,,,,,,
ES,122283732812,"30-Mar-2026 UTC",SHIPMENT,FALSE,408-0085307-7377920,"30-Mar-2026 UTC",26162946150039,26162946150039,B0CB7W1D1T,420290-36,1,"30-Mar-2026 UTC",0.2100,A_GEN_STANDARD,EUR,VAT,Taxable,,Seller,ShipTo,Country,SPAIN,89.20,15.48,73.72,0.00,0.00,0.00,0.00,0.00,0.00,0.00,0.00,0.00,0.00,0.00,0.00,0.00,0.00,0.00,ESB71337349,ES,,,,,,0.0000,,0.00,ES60010S9FPVBS,"https://sellercentral.amazon.es/document/download?v=urn%3aalx%3adoc%3a9d8cab0f-1f96-4462-8642-ace99a371392%3aeb3ec07d-652e-4ef0-bdff-2c3e75ab2b44&t=EU_Retail_Forward",false,Pamplona,Navarra,ES,31001,807240000,"Ciudad Quesada",Alicante,ES,03170,807240000,,true,,,,,,,,,,,,
ES,122283732812,"21-Mar-2026 UTC",RETURN,FALSE,407-2839529-5873946,"27-Mar-2026 UTC",26133376803039,"amzn1:crow:hmZz12YfSoOnAExkbbXm9A",B0C3JKX8QK,856763-43,1,"21-Mar-2026 UTC",0.2100,A_GEN_STANDARD,EUR,VAT,Taxable,,Seller,ShipTo,Country,SPAIN,-67.27,-11.67,-55.60,0.00,0.00,0.00,0.00,0.00,0.00,0.00,0.00,0.00,0.00,0.00,0.00,0.00,0.00,0.00,ESB71337349,ES,,,,,,0.0000,,0.00,ES6000A89FPVBX,"https://sellercentral.amazon.es/document/download?v=urn%3aalx%3adoc%3a9d8cab0f-1f96-4462-8642-ace99a371392%3af424932d-7b85-4d67-ad04-75e7c0877986&t=EU_Retail_Reversal",false,Pamplona,Navarra,ES,31001,807240000,"Sant Feliu de Llobregat",Barcelona,ES,08980,807240000,,true,,,,,,,,,,,,
ES,122283732812,"29-Mar-2026 UTC",SHIPMENT,FALSE,403-9152340-2406718,"29-Mar-2026 UTC",108132462479302,108132462479302,B07DPPKKLL,FBA426046-37,1,"29-Mar-2026 UTC",0.2100,A_GEN_STANDARD,EUR,VAT,Taxable,,Seller,ShipTo,Country,SPAIN,78.82,13.68,65.14,0.00,0.00,0.00,0.00,0.00,0.00,0.00,0.00,0.00,0.00,0.00,0.00,0.00,0.00,0.00,ESB71337349,ES,,,,,,0.0000,,0.00,ES6001069FPVBS,"https://sellercentral.amazon.es/document/download?v=urn%3aalx%3adoc%3a9d8cab0f-1f96-4462-8642-ace99a371392%3ac78a5137-de95-40a1-aa46-ebbf015ce6a9&t=EU_Retail_Forward",false,Murcia,Murcia,ES,30156,807240000,Sevilla,Sevilla,ES,41015,807240000,,true,,,,,,,,,,,,
ES,122283732812,"12-Mar-2026 UTC",REFUND,FALSE,406-2148118-7405130,"19-Mar-2026 UTC",26105656333039,"amzn1:crow:j6eV13BPSUCheB3FXd6WSA",B0F2GLCKKS,183342-40,1,"12-Mar-2026 UTC",0.2100,A_GEN_STANDARD,EUR,VAT,Taxable,,Seller,ShipTo,Country,SPAIN,-75.99,-13.19,-62.80,0.00,0.00,0.00,0.00,0.00,0.00,0.00,0.00,0.00,0.00,0.00,0.00,0.00,0.00,0.00,ESB71337349,ES,,,,,,0.0000,,0.00,ES60009N9FPVBX,"https://sellercentral.amazon.es/document/download?v=urn%3aalx%3adoc%3a9d8cab0f-1f96-4462-8642-ace99a371392%3a37d5bd56-e7d8-43cc-a036-b59dd8461bd5&t=EU_Retail_Reversal",false,Pamplona,Navarra,ES,31001,807240000,LEON,LEON,ES,24009,807240000,,true,,,,,,,,,,,,
ES,122283732812,"15-Mar-2026 UTC",RETURN,FALSE,403-5606383-5439506,"19-Mar-2026 UTC",107607099275302,"amzn1:crow:0fUEP3q6TMSOWdbJjVcgHQ",B071W6NT38,FBA047768-45,1,"15-Mar-2026 UTC",0.2100,A_GEN_STANDARD,EUR,VAT,Taxable,,Seller,ShipTo,Country,SPAIN,-83.49,-14.49,-69.00,0.00,0.00,0.00,0.00,0.00,0.00,0.00,0.00,0.00,0.00,0.00,0.00,0.00,0.00,0.00,ESB71337349,ES,,,,,,0.0000,,0.00,ES60009P9FPVBX,"https://sellercentral.amazon.es/document/download?v=urn%3aalx%3adoc%3a9d8cab0f-1f96-4462-8642-ace99a371392%3ab62cc203-3890-4dd0-9116-0bda34156aac&t=EU_Retail_Reversal",false,Murcia,Murcia,ES,30156,807240000,Madrid,Madrid,ES,28027,807240000,ES,true,,,,,,,,,,,,
ES,122283732812,"03-Mar-2026 UTC",RETURN,FALSE,404-8808819-1600306,"05-Mar-2026 UTC",26068007320039,"amzn1:crow:/AwdFNb2TEa7KKCZlNKpMQ",B071W6NSBD,969056-44,1,"03-Mar-2026 UTC",0.2100,A_GEN_STANDARD,EUR,VAT,Taxable,,Seller,ShipTo,Country,SPAIN,-72.99,-12.67,-60.32,0.00,0.00,0.00,0.00,0.00,0.00,0.00,0.00,0.00,0.00,0.00,0.00,0.00,0.00,0.00,ESB71337349,ES,,,,,,0.0000,,0.00,ES60008T9FPVBX,"https://sellercentral.amazon.es/document/download?v=urn%3aalx%3adoc%3a9d8cab0f-1f96-4462-8642-ace99a371392%3a40bc557f-b2dd-4f66-9141-6f14fe67019a&t=EU_Retail_Reversal",false,Pamplona,Navarra,ES,31001,807240000,Albal,Valencia,ES,46470,807240000,,true,,,,,,,,,,,,
ES,122283732812,"27-Mar-2026 UTC",SHIPMENT,FALSE,402-8742245-1805157,"28-Mar-2026 UTC",26154331797039,26154331797039,B0DTJLTF5F,482627-39,1,"27-Mar-2026 UTC",0.2100,A_GEN_STANDARD,EUR,VAT,Taxable,,Seller,ShipTo,Country,SPAIN,89.90,15.60,74.30,0.00,0.00,0.00,0.00,0.00,0.00,0.00,0.00,0.00,0.00,0.00,0.00,0.00,0.00,0.00,ESB71337349,ES,,,,,,0.0000,,0.00,ES6000ZZ9FPVBS,"https://sellercentral.amazon.es/document/download?v=urn%3aalx%3adoc%3a9d8cab0f-1f96-4462-8642-ace99a371392%3a68822713-a5eb-4804-b3cf-9874baec14d2&t=EU_Retail_Forward",false,Pamplona,Navarra,ES,31001,807240000,Sevilla,Sevilla,ES,41015,807240000,,true,,,,,,,,,,,,
ES,122283732812,"25-Mar-2026 UTC",RETURN,FALSE,408-0433772-6979513,"26-Mar-2026 UTC",26146201043039,"amzn1:crow:4ZO1uPSLQ8SP9vljgbQG9Q",B0772R92YC,738825-41,1,"25-Mar-2026 UTC",0.2100,A_GEN_STANDARD,EUR,VAT,Taxable,,Seller,ShipTo,Country,SPAIN,-83.99,-14.58,-69.41,0.00,0.00,0.00,0.00,0.00,0.00,0.00,0.00,0.00,0.00,0.00,0.00,0.00,0.00,0.00,ESB71337349,ES,ESB13006374,ES,VAT,,,0.0000,,0.00,ES6000059FPVBC,"https://sellercentral.amazon.es/document/download?v=urn%3aalx%3adoc%3a9d8cab0f-1f96-4462-8642-ace99a371392%3ab240a624-c52c-4fb6-8f1d-e72995a7549b&t=EU_Retail_Reversal",false,Pamplona,Navarra,ES,31001,807240000,MANZANARES,"CIUDAD REAL",ES,13200,807240000,,true,,,,,,,,,,,,
ES,122283732812,"29-Mar-2026 UTC",SHIPMENT,FALSE,407-2294757-4942716,"30-Mar-2026 UTC",26159120738039,26159120738039,B0DXRP3YVN,361855-38,1,"29-Mar-2026 UTC",0.2100,A_GEN_STANDARD,EUR,VAT,Taxable,,Seller,ShipTo,Country,SPAIN,65.00,11.28,53.72,0.00,0.00,0.00,0.00,0.00,0.00,0.00,0.00,0.00,0.00,0.00,0.00,0.00,0.00,0.00,ESB71337349,ES,,,,,,0.0000,,0.00,ES60010F9FPVBS,"https://sellercentral.amazon.es/document/download?v=urn%3aalx%3adoc%3a9d8cab0f-1f96-4462-8642-ace99a371392%3a9fbccffa-fb85-45f9-bd3d-1762c080c2b9&t=EU_Retail_Forward",false,Pamplona,Navarra,ES,31001,807240000,"San Cristóbal de segovia",Segovia,ES,40197,807240000,,true,,,,,,,,,,,,
ES,122283732812,"29-Mar-2026 UTC",SHIPMENT,FALSE,403-5570572-6754723,"30-Mar-2026 UTC",26160725664039,26160725664039,B0772R92YD,738825-43,1,"29-Mar-2026 UTC",0.2300,A_GEN_STANDARD,EUR,VAT,Taxable,VCS_EU_OSS,Seller,ShipTo,Country,PORTUGAL,85.79,16.04,69.75,0.00,0.00,0.00,6.00,1.12,4.88,0.00,0.00,0.00,0.00,0.00,0.00,0.00,0.00,0.00,ESB71337349,ES,,,,,,0.0000,,0.00,ES60001Y9FPVBU,"https://sellercentral.amazon.es/document/download?v=urn%3aalx%3adoc%3a9d8cab0f-1f96-4462-8642-ace99a371392%3a5b20362e-a7ec-4596-a90e-3d2515142913&t=EU_Retail_Forward",false,Pamplona,Navarra,ES,31001,807240000,azeitao,Portugal,PT,2925-528,,,true,,,,,,,,,,,,
ES,122283732812,"29-Mar-2026 UTC",SHIPMENT,FALSE,404-4529250-1168344,"30-Mar-2026 UTC",26160605477039,26160605477039,B0DXQ3T7F7,090749-38,1,"29-Mar-2026 UTC",0.2100,A_GEN_STANDARD,EUR,VAT,Taxable,,Seller,ShipTo,Country,SPAIN,94.57,16.41,78.16,0.00,0.00,0.00,0.00,0.00,0.00,0.00,0.00,0.00,0.00,0.00,0.00,0.00,0.00,0.00,ESB71337349,ES,,,,,,0.0000,,0.00,ES60010M9FPVBS,"https://sellercentral.amazon.es/document/download?v=urn%3aalx%3adoc%3a9d8cab0f-1f96-4462-8642-ace99a371392%3a2fe7b52e-ffe5-47a2-9523-ac2e48450860&t=EU_Retail_Forward",false,Pamplona,Navarra,ES,31001,807240000,Écija,Sevilla,ES,41400,807240000,,true,,,,,,,,,,,,
ES,122283732812,"30-Mar-2026 UTC",SHIPMENT,FALSE,408-1571357-8236354,"31-Mar-2026 UTC",26165201118039,26165201118039,B082MY8K7W,729421-38,1,"31-Mar-2026 UTC",0.2100,A_GEN_STANDARD,EUR,VAT,Taxable,,Seller,ShipTo,Country,SPAIN,51.99,9.02,42.97,0.00,0.00,0.00,0.00,0.00,0.00,0.00,0.00,0.00,0.00,0.00,0.00,0.00,0.00,0.00,ESB71337349,ES,,,,,,0.0000,,0.00,ES6001129FPVBS,"https://sellercentral.amazon.es/document/download?v=urn%3aalx%3adoc%3a9d8cab0f-1f96-4462-8642-ace99a371392%3a4e2908e5-be1e-486a-9832-6da8997cddd8&t=EU_Retail_Forward",false,Pamplona,Navarra,ES,31001,807240000,"Palma de Mallorca","Islas Baleares",ES,07600,807240000,,true,,,,,,,,,,,,
ES,122283732812,"28-Mar-2026 UTC",SHIPMENT,FALSE,403-5751162-7473167,"30-Mar-2026 UTC",26155953509039,26155953509039,B0DWFTNSLP,169147-38,1,"28-Mar-2026 UTC",0.2100,A_GEN_STANDARD,EUR,VAT,Taxable,,Seller,ShipTo,Country,SPAIN,77.99,13.54,64.45,0.00,0.00,0.00,0.00,0.00,0.00,0.00,0.00,0.00,0.00,0.00,0.00,0.00,0.00,0.00,ESB71337349,ES,,,,,,0.0000,,0.00,ES60010A9FPVBS,"https://sellercentral.amazon.es/document/download?v=urn%3aalx%3adoc%3a9d8cab0f-1f96-4462-8642-ace99a371392%3a46ef0f8c-1fde-454e-8ea5-6efe55a1d060&t=EU_Retail_Forward",false,Pamplona,Navarra,ES,31001,807240000,Tordera,Barcelona,ES,08490,807240000,,true,,,,,,,,,,,,
ES,122283732812,"27-Mar-2026 UTC",SHIPMENT,FALSE,404-2547371-7208327,"28-Mar-2026 UTC",26154166563039,26154166563039,B0772R92YD,738825-43,1,"27-Mar-2026 UTC",0.2100,A_GEN_STANDARD,EUR,VAT,Taxable,,Seller,ShipTo,Country,SPAIN,84.40,14.65,69.75,0.00,0.00,0.00,0.00,0.00,0.00,0.00,0.00,0.00,0.00,0.00,0.00,0.00,0.00,0.00,ESB71337349,ES,,,,,,0.0000,,0.00,ES6000ZX9FPVBS,"https://sellercentral.amazon.es/document/download?v=urn%3aalx%3adoc%3a9d8cab0f-1f96-4462-8642-ace99a371392%3ae3a8aeba-f54c-4122-b4ee-d9d7c9c3e35b&t=EU_Retail_Forward",false,Pamplona,Navarra,ES,31001,807240000,Aranjuez,Madrid,ES,28300,807240000,,true,,,,,,,,,,,,
ES,122283732812,"22-Feb-2026 UTC",REFUND,FALSE,406-9491955-3052352,"10-Mar-2026 UTC",26028901226039,"amzn1:crow:XtfbQgoIQYGzUUkNplwnYQ",B07DPQB3P4,999945-36,1,"22-Feb-2026 UTC",0.2100,A_GEN_STANDARD,EUR,VAT,Taxable,,Seller,ShipTo,Country,SPAIN,-78.99,-13.71,-65.28,0.00,0.00,0.00,0.00,0.00,0.00,0.00,0.00,0.00,0.00,0.00,0.00,0.00,0.00,0.00,ESB71337349,ES,,,,,,0.0000,,0.00,ES6000939FPVBX,"https://sellercentral.amazon.es/document/download?v=urn%3aalx%3adoc%3a9d8cab0f-1f96-4462-8642-ace99a371392%3a3e1ddc2c-4750-4c0f-92f8-e65312417a5e&t=EU_Retail_Reversal",false,Pamplona,Navarra,ES,31001,807240000,"Albalat dels Sorells",Valencia,ES,46135,807240000,,true,,,,,,,,,,,,
ES,122283732812,"22-Mar-2026 UTC",RETURN,FALSE,403-3209731-3527535,"27-Mar-2026 UTC",26138784514039,"amzn1:crow:lkBBiyK1RYuK8/ytV4ZX5A",B0F5P211G5,464415-38,1,"22-Mar-2026 UTC",0.2100,A_GEN_STANDARD,EUR,VAT,Taxable,,Seller,ShipTo,Country,SPAIN,-119.95,-20.82,-99.13,0.00,0.00,0.00,0.00,0.00,0.00,0.00,0.00,0.00,0.00,0.00,0.00,0.00,0.00,0.00,ESB71337349,ES,,,,,,0.0000,,0.00,ES6000A39FPVBX,"https://sellercentral.amazon.es/document/download?v=urn%3aalx%3adoc%3a9d8cab0f-1f96-4462-8642-ace99a371392%3a5f7236fb-91e8-414b-ac23-46e6d6a9dd2b&t=EU_Retail_Reversal",false,Pamplona,Navarra,ES,31001,807240000,"Medina de rioseco",Valladolid,ES,47800,807240000,,true,,,,,,,,,,,,
ES,122283732812,"28-Mar-2026 UTC",SHIPMENT,FALSE,171-9618237-1157958,"30-Mar-2026 UTC",26156621844039,26156621844039,B08QMRJM6F,909559-43,1,"28-Mar-2026 UTC",0.2100,A_GEN_STANDARD,EUR,VAT,Taxable,,Seller,ShipTo,Country,SPAIN,60.41,10.48,49.93,0.00,0.00,0.00,0.00,0.00,0.00,0.00,0.00,0.00,0.00,0.00,0.00,0.00,0.00,0.00,ESB71337349,ES,,,,,,0.0000,,0.00,ES60010B9FPVBS,"https://sellercentral.amazon.es/document/download?v=urn%3aalx%3adoc%3a9d8cab0f-1f96-4462-8642-ace99a371392%3a39fc898e-b350-4e1c-9a0e-7ae5a2e88311&t=EU_Retail_Forward",false,Pamplona,Navarra,ES,31001,807240000,"Mairena del Alcor",Sevilla,ES,41510,807240000,,true,,,,,,,,,,,,
ES,122283732812,"04-Mar-2026 UTC",REFUND,FALSE,405-4680887-8753918,"30-Mar-2026 UTC",26069413238039,"amzn1:crow:XU9wV1GbTUmN4oE1Ru/85A",B0BB2LSXQM,918781-42,1,"04-Mar-2026 UTC",0.2100,A_GEN_STANDARD,EUR,VAT,Taxable,,Seller,ShipTo,Country,SPAIN,-94.66,-16.43,-78.23,0.00,0.00,0.00,0.00,0.00,0.00,0.00,0.00,0.00,0.00,0.00,0.00,0.00,0.00,0.00,ESB71337349,ES,,,,,,0.0000,,0.00,ES6000AE9FPVBX,"https://sellercentral.amazon.es/document/download?v=urn%3aalx%3adoc%3a9d8cab0f-1f96-4462-8642-ace99a371392%3ac30ecad0-211d-4a5a-b397-09cae5f802ed&t=EU_Retail_Reversal",false,Pamplona,Navarra,ES,31001,807240000,"Don Benito",Badajoz,ES,06400,807240000,,true,,,,,,,,,,,,
ES,122283732812,"05-Mar-2026 UTC",RETURN,FALSE,406-0254402-5775540,"09-Mar-2026 UTC",26072582770039,"amzn1:crow:XJLyPuBdQx2eBaK+W/G8mQ",B07VWX38W9,854790-41,1,"05-Mar-2026 UTC",0.2100,A_GEN_STANDARD,EUR,VAT,Taxable,,Seller,ShipTo,Country,SPAIN,-93.79,-16.28,-77.51,0.00,0.00,0.00,0.00,0.00,0.00,0.00,0.00,0.00,0.00,0.00,0.00,0.00,0.00,0.00,ESB71337349,ES,,,,,,0.0000,,0.00,ES60008Z9FPVBX,"https://sellercentral.amazon.es/document/download?v=urn%3aalx%3adoc%3a9d8cab0f-1f96-4462-8642-ace99a371392%3a6786d8c9-6819-414f-a5a8-055f73f87272&t=EU_Retail_Reversal",false,Pamplona,Navarra,ES,31001,807240000,"Jaraíz de la Vera",Caceres,ES,10400,807240000,,true,,,,,,,,,,,,
ES,122283732812,"06-Mar-2026 UTC",RETURN,FALSE,171-0259585-0217938,"11-Mar-2026 UTC",26076159526039,"amzn1:crow:1Xk10klMT+ee+cSI2t+2RA",B0CPJ9KX6L,521465-44,1,"06-Mar-2026 UTC",0.2100,A_GEN_STANDARD,EUR,VAT,Taxable,,Seller,ShipTo,Country,SPAIN,-79.20,-13.75,-65.45,0.00,0.00,0.00,0.00,0.00,0.00,0.00,0.00,0.00,0.00,0.00,0.00,0.00,0.00,0.00,ESB71337349,ES,,,,,,0.0000,,0.00,ES6000999FPVBX,"https://sellercentral.amazon.es/document/download?v=urn%3aalx%3adoc%3a9d8cab0f-1f96-4462-8642-ace99a371392%3a3fd3ad5d-fc25-44b0-b405-490ddb49fcda&t=EU_Retail_Reversal",false,Pamplona,Navarra,ES,31001,807240000,Caceres,Caceres,ES,10001,807240000,,true,,,,,,,,,,,,
ES,122283732812,"17-Feb-2026 UTC",RETURN,FALSE,171-4555943-1647533,"01-Mar-2026 UTC",106524269461302,"amzn1:crow:eJ7Ox80oRvmkV2qfQ7RgJA",B0772XFRHR,FBA633372-42,1,"17-Feb-2026 UTC",0.2100,A_GEN_STANDARD,EUR,VAT,Taxable,,Seller,ShipTo,Country,SPAIN,-83.99,-14.58,-69.41,0.00,0.00,0.00,0.00,0.00,0.00,0.00,0.00,0.00,0.00,0.00,0.00,0.00,0.00,0.00,ESB71337349,ES,,,,,,0.0000,,0.00,ES60008A9FPVBX,"https://sellercentral.amazon.es/document/download?v=urn%3aalx%3adoc%3a9d8cab0f-1f96-4462-8642-ace99a371392%3a6f37bb32-c896-4a36-a47d-eede197174d5&t=EU_Retail_Reversal",false,Murcia,Murcia,ES,30156,807240000,"Jerez de la Frontera",Cádiz,ES,11405,807240000,ES,true,,,,,,,,,,,,
ES,122283732812,"08-Mar-2026 UTC",RETURN,FALSE,407-8100389-2868364,"11-Mar-2026 UTC",26083945886039,"amzn1:crow:YXbMUWODSLC+oYLC2cygUw",B07BHRXNZW,738825-46,1,"08-Mar-2026 UTC",0.2100,A_GEN_STANDARD,EUR,VAT,Taxable,,Seller,ShipTo,Country,SPAIN,-95.90,-16.64,-79.26,0.00,0.00,0.00,0.00,0.00,0.00,0.00,0.00,0.00,0.00,0.00,0.00,0.00,0.00,0.00,ESB71337349,ES,,,,,,0.0000,,0.00,ES6000989FPVBX,"https://sellercentral.amazon.es/document/download?v=urn%3aalx%3adoc%3a9d8cab0f-1f96-4462-8642-ace99a371392%3aa1ad216d-ded7-41c7-8da0-eee1e2c4004d&t=EU_Retail_Reversal",false,Pamplona,Navarra,ES,31001,807240000,Sevilla,Sevilla,ES,41020,807240000,,true,,,,,,,,,,,,
ES,122283732812,"29-Mar-2026 UTC",SHIPMENT,FALSE,403-2760271-5522714,"30-Mar-2026 UTC",26159284936039,26159284936039,B071FNMML1,173323-42,1,"29-Mar-2026 UTC",0.2100,A_GEN_STANDARD,EUR,VAT,Taxable,,Seller,ShipTo,Country,SPAIN,72.99,12.67,60.32,0.00,0.00,0.00,0.00,0.00,0.00,0.00,0.00,0.00,0.00,0.00,0.00,0.00,0.00,0.00,ESB71337349,ES,,,,,,0.0000,,0.00,ES60010H9FPVBS,"https://sellercentral.amazon.es/document/download?v=urn%3aalx%3adoc%3a9d8cab0f-1f96-4462-8642-ace99a371392%3ab4fae851-3036-4b48-b817-f88a8f526e64&t=EU_Retail_Forward",false,Pamplona,Navarra,ES,31001,807240000,"El Soto",Madrid,ES,28978,807240000,,true,,,,,,,,,,,,
ES,122283732812,"30-Mar-2026 UTC",SHIPMENT,FALSE,408-6975954-1792356,"30-Mar-2026 UTC",545654601971001,545654601971001,B07DQ3K43W,FBA747828-39,1,"30-Mar-2026 UTC",0.2100,A_GEN_STANDARD,EUR,VAT,Taxable,,Seller,ShipTo,Country,SPAIN,79.99,13.88,66.11,0.00,0.00,0.00,0.00,0.00,0.00,0.00,0.00,0.00,0.00,0.00,0.00,0.00,0.00,0.00,ESB71337349,ES,ESW0184081H,ES,VAT,,,0.0000,,0.00,N/A,N/A,false,Murcia,Murcia,ES,30156,807240000,Murcia,Murcia,ES,30156,807240000,,true,,,,,,,,,,,,
ES,122283732812,"29-Mar-2026 UTC",SHIPMENT,FALSE,408-8980832-4917101,"30-Mar-2026 UTC",545328581937001,545328581937001,B07DPXD6QW,FBA341203-38,1,"30-Mar-2026 UTC",0.2100,A_GEN_STANDARD,EUR,VAT,Taxable,,Seller,ShipTo,Country,SPAIN,77.99,13.54,64.45,0.00,0.00,0.00,0.00,0.00,0.00,0.00,0.00,0.00,0.00,0.00,0.00,0.00,0.00,0.00,ESB71337349,ES,ESW0184081H,ES,VAT,,,0.0000,,0.00,N/A,N/A,false,Murcia,Murcia,ES,30156,807240000,Murcia,Murcia,ES,30156,807240000,,true,,,,,,,,,,,,
ES,122283732812,"29-Mar-2026 UTC",SHIPMENT,FALSE,403-0131046-7253918,"30-Mar-2026 UTC",26159168104039,26159168104039,B0BGJ5LW1B,490347-44,1,"29-Mar-2026 UTC",0.2100,A_GEN_STANDARD,EUR,VAT,Taxable,,Seller,ShipTo,Country,SPAIN,101.23,17.57,83.66,0.00,0.00,0.00,0.00,0.00,0.00,0.00,0.00,0.00,0.00,0.00,0.00,0.00,0.00,0.00,ESB71337349,ES,,,,,,0.0000,,0.00,ES60010G9FPVBS,"https://sellercentral.amazon.es/document/download?v=urn%3aalx%3adoc%3a9d8cab0f-1f96-4462-8642-ace99a371392%3ad184839d-1a7c-40c3-afed-f7cbd3c8c0cf&t=EU_Retail_Forward",false,Pamplona,Navarra,ES,31001,807240000,Lucena,Cordoba,ES,14900,807240000,,true,,,,,,,,,,,,
ES,122283732812,"15-Mar-2026 UTC",RETURN,FALSE,405-6386923-0797925,"23-Mar-2026 UTC",26115706164039,"amzn1:crow:H6a36etLTBenDPEXb00ZpQ",B08QN3YZB1,909559-39,1,"15-Mar-2026 UTC",0.2100,A_GEN_STANDARD,EUR,VAT,Taxable,,Seller,ShipTo,Country,SPAIN,-61.44,-10.66,-50.78,0.00,0.00,0.00,0.00,0.00,0.00,0.00,0.00,0.00,0.00,0.00,0.00,0.00,0.00,0.00,ESB71337349,ES,,,,,,0.0000,,0.00,ES60009V9FPVBX,"https://sellercentral.amazon.es/document/download?v=urn%3aalx%3adoc%3a9d8cab0f-1f96-4462-8642-ace99a371392%3a9296bf65-6169-480f-8b5e-f21f03d64b5f&t=EU_Retail_Reversal",false,Pamplona,Navarra,ES,31001,807240000,SEVILLA,Sevilla,ES,41011,807240000,,true,,,,,,,,,,,,
ES,122283732812,"31-Mar-2026 UTC",SHIPMENT,FALSE,408-3226528-1864341,"31-Mar-2026 UTC",26166603683039,26166603683039,B0F442JBZ4,917619-37,1,"31-Mar-2026 UTC",0.2100,A_GEN_STANDARD,EUR,VAT,Taxable,,Seller,ShipTo,Country,SPAIN,70.49,12.23,58.26,0.00,0.00,0.00,0.00,0.00,0.00,0.00,0.00,0.00,0.00,0.00,0.00,0.00,0.00,0.00,ESB71337349,ES,,,,,,0.0000,,0.00,ES6001179FPVBS,"https://sellercentral.amazon.es/document/download?v=urn%3aalx%3adoc%3a9d8cab0f-1f96-4462-8642-ace99a371392%3ac7967e3c-9815-41c9-8544-323685eccc59&t=EU_Retail_Forward",false,Pamplona,Navarra,ES,31001,807240000,Oviedo,Asturias,ES,33013,807240000,,true,,,,,,,,,,,,
ES,122283732812,"24-Feb-2026 UTC",REFUND,FALSE,406-8596374-7237109,"02-Mar-2026 UTC",26035735508039,"amzn1:crow:3/PMwT1wT5W5nhUrx2WC8w",B0F638VCDB,611624-40,1,"24-Feb-2026 UTC",0.2100,A_GEN_STANDARD,EUR,VAT,Taxable,,Seller,ShipTo,Country,SPAIN,-118.90,-20.64,-98.26,0.00,0.00,0.00,0.00,0.00,0.00,0.00,0.00,0.00,0.00,0.00,0.00,0.00,0.00,0.00,ESB71337349,ES,,,,,,0.0000,,0.00,ES60008E9FPVBX,"https://sellercentral.amazon.es/document/download?v=urn%3aalx%3adoc%3a9d8cab0f-1f96-4462-8642-ace99a371392%3a109df36a-3820-4bd8-bc44-72c670bb6280&t=EU_Retail_Reversal",false,Pamplona,Navarra,ES,31001,807240000,badajoz,badajoz,ES,06009,807240000,,true,,,,,,,,,,,,
ES,122283732812,"26-Jan-2026 UTC",REFUND,FALSE,403-3709741-9490762,"02-Mar-2026 UTC",25927095237039,"amzn1:crow:oKEwsj68R3irsWk90JU49w",B071ZZH35V,156196-43,1,"26-Jan-2026 UTC",0.2100,A_GEN_STANDARD,EUR,VAT,Taxable,,Seller,ShipTo,Country,SPAIN,-156.94,-27.24,-129.70,0.00,0.00,0.00,0.00,0.00,0.00,0.00,0.00,0.00,0.00,0.00,0.00,0.00,0.00,0.00,ESB71337349,ES,,,,,,0.0000,,0.00,ES60008C9FPVBX,"https://sellercentral.amazon.es/document/download?v=urn%3aalx%3adoc%3a9d8cab0f-1f96-4462-8642-ace99a371392%3a1e962ccf-c5f5-4094-9621-8baf8d31ed5d&t=EU_Retail_Reversal",false,Pamplona,Navarra,ES,31001,807240000,"San Vicente De Barakaldo",Bizkaia,ES,48901,807240000,,true,,,,,,,,,,,,
ES,122283732812,"29-Mar-2026 UTC",SHIPMENT,FALSE,408-5071379-0901139,"30-Mar-2026 UTC",26159634052039,26159634052039,B0DHQNVQWP,680109-41,1,"29-Mar-2026 UTC",0.2100,A_GEN_STANDARD,EUR,VAT,Taxable,,Seller,ShipTo,Country,SPAIN,84.91,14.74,70.17,0.00,0.00,0.00,0.00,0.00,0.00,0.00,0.00,0.00,0.00,0.00,0.00,0.00,0.00,0.00,ESB71337349,ES,,,,,,0.0000,,0.00,ES60010I9FPVBS,"https://sellercentral.amazon.es/document/download?v=urn%3aalx%3adoc%3a9d8cab0f-1f96-4462-8642-ace99a371392%3a4428368d-b47b-4a11-8af8-6cdc255ddc6f&t=EU_Retail_Forward",false,Pamplona,Navarra,ES,31001,807240000,"Comte De Sert",Barcelona,ES,08755,807240000,,true,,,,,,,,,,,,
ES,122283732812,"07-Mar-2026 UTC",RETURN,FALSE,406-2173877-9911505,"16-Mar-2026 UTC",26078589912039,"amzn1:crow:e0ZavgnwTbSZwmD4DXoGQQ",B0FHT83WK5,189101-38,1,"07-Mar-2026 UTC",0.2100,A_GEN_STANDARD,EUR,VAT,Taxable,,Seller,ShipTo,Country,SPAIN,-87.10,-15.12,-71.98,0.00,0.00,0.00,0.00,0.00,0.00,0.00,0.00,0.00,0.00,0.00,0.00,0.00,0.00,0.00,ESB71337349,ES,,,,,,0.0000,,0.00,ES60009D9FPVBX,"https://sellercentral.amazon.es/document/download?v=urn%3aalx%3adoc%3a9d8cab0f-1f96-4462-8642-ace99a371392%3a45ee60aa-c2ea-4df1-98cf-6b1350ee71f6&t=EU_Retail_Reversal",false,Pamplona,Navarra,ES,31001,807240000,Barcelona,Barcelona,ES,08013,807240000,,true,,,,,,,,,,,,
ES,122283732812,"30-Mar-2026 UTC",SHIPMENT,FALSE,405-3458158-7083527,"30-Mar-2026 UTC",108186682362302,108186682362302,B07DPWWZBS,FBA426046-39,1,"30-Mar-2026 UTC",0.2100,A_GEN_STANDARD,EUR,VAT,Taxable,,Seller,ShipTo,Country,SPAIN,78.85,13.68,65.17,0.00,0.00,0.00,4.99,0.87,4.12,0.00,0.00,0.00,0.00,0.00,0.00,0.00,0.00,0.00,ESB71337349,ES,,,,,,0.0000,,0.00,ES60010V9FPVBS,"https://sellercentral.amazon.es/document/download?v=urn%3aalx%3adoc%3a9d8cab0f-1f96-4462-8642-ace99a371392%3a503fe092-0159-422c-ba6a-148fd9e6c67f&t=EU_Retail_Forward",false,Illescas,Illescas,ES,45200,807240000,Ibiza,Baleares,ES,07800,807240000,,true,,,,,,,,,,,,
ES,122283732812,"26-Feb-2026 UTC",RETURN,FALSE,171-5212900-1754719,"05-Mar-2026 UTC",26041807400039,"amzn1:crow:JalFIoCMS+G8WGktogTonA",B0CDCQDPC9,232146-40,1,"26-Feb-2026 UTC",0.2100,A_GEN_STANDARD,EUR,VAT,Taxable,,Seller,ShipTo,Country,SPAIN,-104.61,-18.16,-86.45,0.00,0.00,0.00,0.00,0.00,0.00,0.00,0.00,0.00,0.00,0.00,0.00,0.00,0.00,0.00,ESB71337349,ES,,,,,,0.0000,,0.00,ES60008P9FPVBX,"https://sellercentral.amazon.es/document/download?v=urn%3aalx%3adoc%3a9d8cab0f-1f96-4462-8642-ace99a371392%3a620f77a2-eeb0-4f6d-8759-bcec3e13249f&t=EU_Retail_Reversal",false,Pamplona,Navarra,ES,31001,807240000,"La Canonja",Tarragona,ES,43110,807240000,,true,,,,,,,,,,,,
ES,122283732812,"12-Mar-2026 UTC",RETURN,FALSE,405-3363178-0309104,"17-Mar-2026 UTC",26103813318039,"amzn1:crow:kZwamXNtSUS6TxoJgT+6VA",B0B69LGXGF,840941-43,1,"12-Mar-2026 UTC",0.2100,A_GEN_STANDARD,EUR,VAT,Taxable,,Seller,ShipTo,Country,SPAIN,-75.99,-13.19,-62.80,0.00,0.00,0.00,0.00,0.00,0.00,0.00,0.00,0.00,0.00,0.00,0.00,0.00,0.00,0.00,ESB71337349,ES,,,,,,0.0000,,0.00,ES60009H9FPVBX,"https://sellercentral.amazon.es/document/download?v=urn%3aalx%3adoc%3a9d8cab0f-1f96-4462-8642-ace99a371392%3a88b189ce-5c33-44df-9cc1-5111b37c315b&t=EU_Retail_Reversal",false,Pamplona,Navarra,ES,31001,807240000,Benicarlo,Castello,ES,12580,807240000,,true,,,,,,,,,,,,
ES,122283732812,"28-Feb-2026 UTC",RETURN,FALSE,405-2410305-6559501,"27-Mar-2026 UTC",106933236315302,"amzn1:crow:IuUI5E1tRcqdZH08pNtClA",B07DPXD6QW,FBA341203-38,1,"28-Feb-2026 UTC",0.2100,A_GEN_STANDARD,EUR,VAT,Taxable,,Seller,ShipTo,Country,SPAIN,-77.99,-13.54,-64.45,0.00,0.00,0.00,0.00,0.00,0.00,0.00,0.00,0.00,0.00,0.00,0.00,0.00,0.00,0.00,ESB71337349,ES,,,,,,0.0000,,0.00,ES6000A79FPVBX,"https://sellercentral.amazon.es/document/download?v=urn%3aalx%3adoc%3a9d8cab0f-1f96-4462-8642-ace99a371392%3a95280159-951f-4626-b056-d45872a69039&t=EU_Retail_Reversal",false,Murcia,Murcia,ES,30156,807240000,"El Casar",Guadalajara,ES,19170,807240000,ES,true,,,,,,,,,,,,
ES,122283732812,"04-Mar-2026 UTC",RETURN,FALSE,402-8340161-8941137,"11-Mar-2026 UTC",26070851165039,"amzn1:crow:vQ2nkGzpQimb7Uhk0A3bmQ",B071FNMML1,173323-42,1,"04-Mar-2026 UTC",0.2100,A_GEN_STANDARD,EUR,VAT,Taxable,,Seller,ShipTo,Country,SPAIN,-72.99,-12.67,-60.32,0.00,0.00,0.00,0.00,0.00,0.00,0.00,0.00,0.00,0.00,0.00,0.00,0.00,0.00,0.00,ESB71337349,ES,,,,,,0.0000,,0.00,ES6000949FPVBX,"https://sellercentral.amazon.es/document/download?v=urn%3aalx%3adoc%3a9d8cab0f-1f96-4462-8642-ace99a371392%3ae072931c-33d1-4890-83ba-61a1b2d98859&t=EU_Retail_Reversal",false,Pamplona,Navarra,ES,31001,807240000,"BENIFAIRÓ DE LA VALLDIGNA",valencia,ES,46791,807240000,,true,,,,,,,,,,,,
ES,122283732812,"03-Mar-2026 UTC",REFUND,FALSE,402-1449827-5286755,"10-Mar-2026 UTC",26067484362039,"amzn1:crow:RKNfOjB7RB+OZgvFufWpAA",B0DBZ3LC89,543168-41,1,"03-Mar-2026 UTC",0.2100,A_GEN_STANDARD,EUR,VAT,Taxable,,Seller,ShipTo,Country,SPAIN,-81.10,-14.08,-67.02,0.00,0.00,0.00,0.00,0.00,0.00,0.00,0.00,0.00,0.00,0.00,0.00,0.00,0.00,0.00,ESB71337349,ES,,,,,,0.0000,,0.00,ES6000929FPVBX,"https://sellercentral.amazon.es/document/download?v=urn%3aalx%3adoc%3a9d8cab0f-1f96-4462-8642-ace99a371392%3af5e08070-87b2-436d-b6d5-59f026134e2d&t=EU_Retail_Reversal",false,Pamplona,Navarra,ES,31001,807240000,Madrid,Madrid,ES,28027,807240000,,true,,,,,,,,,,,,
ES,122283732812,"28-Mar-2026 UTC",SHIPMENT,FALSE,171-3027869-7165149,"30-Mar-2026 UTC",26157699693039,26157699693039,B07VVR6TVQ,092880-45,1,"28-Mar-2026 UTC",0.2100,A_GEN_STANDARD,EUR,VAT,Taxable,,Seller,ShipTo,Country,SPAIN,93.99,16.31,77.68,0.00,0.00,0.00,0.00,0.00,0.00,0.00,0.00,0.00,0.00,0.00,0.00,0.00,0.00,0.00,ESB71337349,ES,,,,,,0.0000,,0.00,ES60010E9FPVBS,"https://sellercentral.amazon.es/document/download?v=urn%3aalx%3adoc%3a9d8cab0f-1f96-4462-8642-ace99a371392%3a95a3683d-8a90-41a0-be9d-95a52221bd56&t=EU_Retail_Forward",false,Pamplona,Navarra,ES,31001,807240000,Algemesi,Valencia,ES,46680,807240000,,true,,,,,,,,,,,,
ES,122283732812,"29-Mar-2026 UTC",SHIPMENT,FALSE,405-0309152-0623527,"30-Mar-2026 UTC",26161357344039,26161357344039,B0F5NZPK7W,464415-39,1,"29-Mar-2026 UTC",0.2100,A_GEN_STANDARD,EUR,VAT,Taxable,,Seller,ShipTo,Country,SPAIN,119.89,20.81,99.08,0.00,0.00,0.00,0.00,0.00,0.00,0.00,0.00,0.00,0.00,0.00,0.00,0.00,0.00,0.00,ESB71337349,ES,,,,,,0.0000,,0.00,ES60010O9FPVBS,"https://sellercentral.amazon.es/document/download?v=urn%3aalx%3adoc%3a9d8cab0f-1f96-4462-8642-ace99a371392%3a807a266a-1a9f-4623-bbc6-c47f3b2ecbae&t=EU_Retail_Forward",false,Pamplona,Navarra,ES,31001,807240000,"La Cellera De Ter",Girona,ES,17165,807240000,,true,,,,,,,,,,,,
ES,122283732812,"02-Mar-2026 UTC",REFUND,FALSE,403-1376822-2854722,"03-Mar-2026 UTC",26063321592039,"amzn1:crow:ruvZNeA2T76eKma3rjLDzQ",B071W6NT3F,969056-42,1,"02-Mar-2026 UTC",0.2100,A_GEN_STANDARD,EUR,VAT,Taxable,,Seller,ShipTo,Country,SPAIN,-73.99,-12.84,-61.15,0.00,0.00,0.00,0.00,0.00,0.00,0.00,0.00,0.00,0.00,0.00,0.00,0.00,0.00,0.00,ESB71337349,ES,,,,,,0.0000,,0.00,ES60008J9FPVBX,"https://sellercentral.amazon.es/document/download?v=urn%3aalx%3adoc%3a9d8cab0f-1f96-4462-8642-ace99a371392%3ab48a3f4b-cf14-4a0d-98b7-dce43eef2535&t=EU_Retail_Reversal",false,Pamplona,Navarra,ES,31001,807240000,Barcelona,Barcelona,ES,08015,807240000,,true,,,,,,,,,,,,
ES,122283732812,"30-Mar-2026 UTC",SHIPMENT,FALSE,404-5380831-6685914,"31-Mar-2026 UTC",26163781804039,26163781804039,B0D81ZRYC3,962758-43,1,"30-Mar-2026 UTC",0.2100,A_GEN_STANDARD,EUR,VAT,Taxable,,Seller,ShipTo,Country,SPAIN,89.90,15.60,74.30,0.00,0.00,0.00,0.00,0.00,0.00,0.00,0.00,0.00,0.00,0.00,0.00,0.00,0.00,0.00,ESB71337349,ES,,,,,,0.0000,,0.00,ES60010Y9FPVBS,"https://sellercentral.amazon.es/document/download?v=urn%3aalx%3adoc%3a9d8cab0f-1f96-4462-8642-ace99a371392%3ad4a32c07-c866-4911-be1f-3e5e32fe7384&t=EU_Retail_Forward",false,Pamplona,Navarra,ES,31001,807240000,Lorca,Murcia,ES,30800,807240000,,true,,,,,,,,,,,,
ES,122283732812,"27-Mar-2026 UTC",SHIPMENT,FALSE,405-4300593-0835556,"28-Mar-2026 UTC",26154515072039,26154515072039,B09RSL9G66,022918-37,1,"27-Mar-2026 UTC",0.2100,A_GEN_STANDARD,EUR,VAT,Taxable,,Seller,ShipTo,Country,SPAIN,109.90,19.07,90.83,0.00,0.00,0.00,0.00,0.00,0.00,0.00,0.00,0.00,0.00,0.00,0.00,0.00,0.00,0.00,ESB71337349,ES,,,,,,0.0000,,0.00,ES6000ZW9FPVBS,"https://sellercentral.amazon.es/document/download?v=urn%3aalx%3adoc%3a9d8cab0f-1f96-4462-8642-ace99a371392%3a0cd4093e-8328-4615-82c7-52940ef2a812&t=EU_Retail_Forward",false,Pamplona,Navarra,ES,31001,807240000,Barcelona,Barcelona,ES,08017,807240000,,true,,,,,,,,,,,,
ES,122283732812,"24-Feb-2026 UTC",RETURN,FALSE,404-9616248-4178750,"03-Mar-2026 UTC",26035816102039,"amzn1:crow:7+T1WOk9Q7mBRXldWrXq7g",B07DPSF5PJ,426046-36,1,"24-Feb-2026 UTC",0.2100,A_GEN_STANDARD,EUR,VAT,Taxable,,Seller,ShipTo,Country,SPAIN,-79.25,-13.75,-65.50,0.00,0.00,0.00,0.00,0.00,0.00,0.00,0.00,0.00,0.00,0.00,0.00,0.00,0.00,0.00,ESB71337349,ES,,,,,,0.0000,,0.00,ES60008F9FPVBX,"https://sellercentral.amazon.es/document/download?v=urn%3aalx%3adoc%3a9d8cab0f-1f96-4462-8642-ace99a371392%3a9c273d56-2a61-4d68-8e3c-179b6c92becc&t=EU_Retail_Reversal",false,Pamplona,Navarra,ES,31001,807240000,tarragona,,ES,43006,807240000,,true,,,,,,,,,,,,
ES,122283732812,"09-Mar-2026 UTC",RETURN,FALSE,407-1656158-9333147,"17-Mar-2026 UTC",26086864478039,"amzn1:crow:t75eK4vxStm48CvPQ9ZLPQ",B073D1GFZD,629033-43,1,"09-Mar-2026 UTC",0.2100,A_GEN_STANDARD,EUR,VAT,Taxable,,Seller,ShipTo,Country,SPAIN,-72.41,-12.57,-59.84,0.00,0.00,0.00,0.00,0.00,0.00,0.00,0.00,0.00,0.00,0.00,0.00,0.00,0.00,0.00,ESB71337349,ES,,,,,,0.0000,,0.00,ES60009G9FPVBX,"https://sellercentral.amazon.es/document/download?v=urn%3aalx%3adoc%3a9d8cab0f-1f96-4462-8642-ace99a371392%3add08d94f-3a1b-4e3a-9dd5-4ffb11eb3d76&t=EU_Retail_Reversal",false,Pamplona,Navarra,ES,31001,807240000,guadalajara,Guadalajara,ES,19001,807240000,,true,,,,,,,,,,,,
ES,122283732812,"26-Feb-2026 UTC",RETURN,FALSE,405-0804401-7951508,"27-Mar-2026 UTC",26041980951039,"amzn1:crow:/1NgVO8bQQiNlTjtP2hUvA",B0BGQLWYZZ,311031-40,1,"26-Feb-2026 UTC",0.2100,A_GEN_STANDARD,EUR,VAT,Taxable,,Seller,ShipTo,Country,SPAIN,-59.90,-10.40,-49.50,0.00,0.00,0.00,0.00,0.00,0.00,0.00,0.00,0.00,0.00,0.00,0.00,0.00,0.00,0.00,ESB71337349,ES,,,,,,0.0000,,0.00,ES6000A59FPVBX,"https://sellercentral.amazon.es/document/download?v=urn%3aalx%3adoc%3a9d8cab0f-1f96-4462-8642-ace99a371392%3a99bcbb3b-7a79-4108-85bf-f4bc4d75ce11&t=EU_Retail_Reversal",false,Pamplona,Navarra,ES,31001,807240000,León,Leon,ES,24009,807240000,,true,,,,,,,,,,,,
ES,122283732812,"31-Mar-2026 UTC",SHIPMENT,FALSE,407-5172476-3409922,"31-Mar-2026 UTC",26167043518039,26167043518039,B0BG5QTD3X,203421-42,1,"31-Mar-2026 UTC",0.2100,A_GEN_STANDARD,EUR,VAT,Taxable,,Seller,ShipTo,Country,SPAIN,92.99,16.14,76.85,0.00,0.00,0.00,0.00,0.00,0.00,0.00,0.00,0.00,0.00,0.00,0.00,0.00,0.00,0.00,ESB71337349,ES,B11886108,ES,VAT,,,0.0000,,0.00,ES60000U9FPVBI,"https://sellercentral.amazon.es/document/download?v=urn%3aalx%3adoc%3a9d8cab0f-1f96-4462-8642-ace99a371392%3a2d3a291a-68f6-4470-98f2-7ad066e9f343&t=EU_Retail_Forward",false,Pamplona,Navarra,ES,31001,807240000,Lomopardo,Cadiz,ES,11406,807240000,,true,,,,,,,,,,,,
ES,122283732812,"22-Mar-2026 UTC",RETURN,FALSE,171-7387774-3797131,"30-Mar-2026 UTC",26136983006039,"amzn1:crow:VnEsCmqMSv+8hWFsbg4+UQ",B09G326C8S,523989-41,1,"22-Mar-2026 UTC",0.2100,A_GEN_STANDARD,EUR,VAT,Taxable,,Seller,ShipTo,Country,SPAIN,-85.49,-14.84,-70.65,0.00,0.00,0.00,0.00,0.00,0.00,0.00,0.00,0.00,0.00,0.00,0.00,0.00,0.00,0.00,ESB71337349,ES,,,,,,0.0000,,0.00,ES6000AC9FPVBX,"https://sellercentral.amazon.es/document/download?v=urn%3aalx%3adoc%3a9d8cab0f-1f96-4462-8642-ace99a371392%3af5f6406e-d502-4550-a988-0bdc3408d299&t=EU_Retail_Reversal",false,Pamplona,Navarra,ES,31001,807240000,"Castro del Río",CORDOBA,ES,14840,807240000,,true,,,,,,,,,,,,
ES,122283732812,"03-Mar-2026 UTC",RETURN,FALSE,406-8463653-0967509,"06-Mar-2026 UTC",26068059588039,"amzn1:crow:9bjgBbytRU+4AnXJGjgtyA",B0BJQJX8PB,209504-37,1,"03-Mar-2026 UTC",0.2100,A_GEN_STANDARD,EUR,VAT,Taxable,,Seller,ShipTo,Country,SPAIN,-99.99,-17.35,-82.64,0.00,0.00,0.00,0.00,0.00,0.00,0.00,0.00,0.00,0.00,0.00,0.00,0.00,0.00,0.00,ESB71337349,ES,,,,,,0.0000,,0.00,ES60008V9FPVBX,"https://sellercentral.amazon.es/document/download?v=urn%3aalx%3adoc%3a9d8cab0f-1f96-4462-8642-ace99a371392%3ada7175da-228c-448d-871b-5a400baa2482&t=EU_Retail_Reversal",false,Pamplona,Navarra,ES,31001,807240000,Barcelona,Barcelona,ES,08031,807240000,,true,,,,,,,,,,,,
ES,122283732812,"23-Feb-2026 UTC",RETURN,FALSE,171-2448240-7671510,"02-Mar-2026 UTC",26033085654039,"amzn1:crow:I0zFAeucSxWw9S6C2Cheyg",B09RSMKCLV,850345-41,1,"23-Feb-2026 UTC",0.2100,A_GEN_STANDARD,EUR,VAT,Taxable,,Seller,ShipTo,Country,SPAIN,-109.90,-19.07,-90.83,0.00,0.00,0.00,0.00,0.00,0.00,0.00,0.00,0.00,0.00,0.00,0.00,0.00,0.00,0.00,ESB71337349,ES,,,,,,0.0000,,0.00,ES60008D9FPVBX,"https://sellercentral.amazon.es/document/download?v=urn%3aalx%3adoc%3a9d8cab0f-1f96-4462-8642-ace99a371392%3ac95e439c-92d7-4817-be26-d0f62bd40334&t=EU_Retail_Reversal",false,Pamplona,Navarra,ES,31001,807240000,Sevilla,Sevilla,ES,41009,807240000,,true,,,,,,,,,,,,
ES,122283732812,"16-Mar-2026 UTC",RETURN,FALSE,406-0176039-6382768,"18-Mar-2026 UTC",26116984621039,"amzn1:crow:UODhWHa6R/S1ODX4ng94KA",B0CFY5BV1L,731019-44,1,"16-Mar-2026 UTC",0.2100,A_GEN_STANDARD,EUR,VAT,Taxable,,Seller,ShipTo,Country,SPAIN,-95.82,-16.63,-79.19,0.00,0.00,0.00,0.00,0.00,0.00,0.00,0.00,0.00,0.00,0.00,0.00,0.00,0.00,0.00,ESB71337349,ES,,,,,,0.0000,,0.00,ES60009K9FPVBX,"https://sellercentral.amazon.es/document/download?v=urn%3aalx%3adoc%3a9d8cab0f-1f96-4462-8642-ace99a371392%3adcedac99-fcfb-4313-9fd6-0305be08efe9&t=EU_Retail_Reversal",false,Pamplona,Navarra,ES,31001,807240000,Requejada,Cantabria,ES,39312,807240000,,true,,,,,,,,,,,,
ES,122283732812,"28-Mar-2026 UTC",SHIPMENT,FALSE,408-7739310-5937904,"30-Mar-2026 UTC",108120295405302,108120295405302,B07DPXJHB8,FBA426046-38,1,"29-Mar-2026 UTC",0.2100,A_GEN_STANDARD,EUR,VAT,Taxable,,Seller,ShipTo,Country,SPAIN,77.90,13.52,64.38,0.00,0.00,0.00,0.00,0.00,0.00,0.00,0.00,0.00,0.00,0.00,0.00,0.00,0.00,0.00,ESB71337349,ES,,,,,,0.0000,,0.00,ES6001079FPVBS,"https://sellercentral.amazon.es/document/download?v=urn%3aalx%3adoc%3a9d8cab0f-1f96-4462-8642-ace99a371392%3a5d8c57db-85fa-49e4-bb9e-c699c1b118cc&t=EU_Retail_Forward",false,Murcia,Murcia,ES,30156,807240000,TURRE,Almería,ES,04639,807240000,,true,,,,,,,,,,,,
FR,122283732812,"24-Mar-2026 UTC",SHIPMENT,FALSE,404-1655095-2439538,"25-Mar-2026 UTC",107965038333302,107965038333302,B072Q1L4CL,FBA047768-42,1,"24-Mar-2026 UTC",0.2000,A_GEN_STANDARD,EUR,VAT,Taxable,VCS_EU_OSS,Seller,ShipTo,Country,FRANCE,109.99,18.33,91.66,0.00,0.00,0.00,0.00,0.00,0.00,0.00,0.00,0.00,0.00,0.00,0.00,0.00,0.00,0.00,ESB71337349,ES,,,,,,0.0000,,0.00,ES60001X9FPVBU,"https://sellercentral.amazon.fr/document/download?v=urn%3aalx%3adoc%3a9d8cab0f-1f96-4462-8642-ace99a371392%3a33a43e98-eadd-4069-b9f3-7b40ab267398&t=EU_Retail_Forward",false,Murcia,Murcia,ES,30156,807240000,LYON,,FR,69006,802500000,,true,,,,,,,,,,,,
IT,122283732812,"24-Mar-2026 UTC",SHIPMENT,FALSE,404-7950269-7351519,"24-Mar-2026 UTC",26144200160039,26144200160039,B09NPN3P4X,844202-42,1,"24-Mar-2026 UTC",0.2200,A_GEN_STANDARD,EUR,VAT,Taxable,VCS_EU_OSS,Seller,ShipTo,Country,ITALY,90.20,16.27,73.93,0.00,0.00,0.00,0.00,0.00,0.00,0.00,0.00,0.00,0.00,0.00,0.00,0.00,0.00,0.00,ESB71337349,ES,,,,,,0.0000,,0.00,ES60001W9FPVBU,"https://sellercentral.amazon.it/document/download?v=urn%3aalx%3adoc%3a9d8cab0f-1f96-4462-8642-ace99a371392%3ad66bb11d-db1b-43a1-abef-d323facf9788&t=EU_Retail_Forward",false,Pamplona,Navarra,ES,31001,807240000,Varese,Varese,IT,21100,803800000,,true,,,,,,,,,,,,
IT,122283732812,"09-Mar-2026 UTC",SHIPMENT,FALSE,171-5009150-5208325,"10-Mar-2026 UTC",26087080133039,26087080133039,B07QNCL7MZ,097483-40,1,"09-Mar-2026 UTC",0.2200,A_GEN_STANDARD,EUR,VAT,Taxable,VCS_EU_OSS,Seller,ShipTo,Country,ITALY,89.09,16.07,73.02,0.00,0.00,0.00,0.00,0.00,0.00,0.00,0.00,0.00,0.00,0.00,0.00,0.00,0.00,0.00,ESB71337349,ES,,,,,,0.0000,,0.00,ES60001M9FPVBU,"https://sellercentral.amazon.it/document/download?v=urn%3aalx%3adoc%3a9d8cab0f-1f96-4462-8642-ace99a371392%3a2e259d11-d44e-43e1-bfd1-087e70b0b0b3&t=EU_Retail_Forward",false,Pamplona,Navarra,ES,31001,807240000,TOSCOLANO-MADERNO,Brescia,IT,25088,803800000,,true,,,,,,,,,,,,
IT,122283732812,"12-Mar-2026 UTC",SHIPMENT,FALSE,171-2701536-1009161,"13-Mar-2026 UTC",26101840574039,26101840574039,B09NPN7YC9,888316-38,1,"12-Mar-2026 UTC",0.2200,A_GEN_STANDARD,EUR,VAT,Taxable,VCS_EU_OSS,Seller,ShipTo,Country,ITALY,104.50,18.84,85.66,0.00,0.00,0.00,0.00,0.00,0.00,0.00,0.00,0.00,0.00,0.00,0.00,0.00,0.00,0.00,ESB71337349,ES,,,,,,0.0000,,0.00,ES60001Q9FPVBU,"https://sellercentral.amazon.it/document/download?v=urn%3aalx%3adoc%3a9d8cab0f-1f96-4462-8642-ace99a371392%3a534403cd-66b4-425b-b142-4ee6514d0bed&t=EU_Retail_Forward",false,Pamplona,Navarra,ES,31001,807240000,"Reggio Emilia","Reggio Emilia",IT,42122,803800000,,true,,,,,,,,,,,,
IT,122283732812,"19-Mar-2026 UTC",SHIPMENT,FALSE,402-5255829-6010759,"20-Mar-2026 UTC",26129165987039,26129165987039,B07DPXD516,999945-37,1,"19-Mar-2026 UTC",0.2200,A_GEN_STANDARD,EUR,VAT,Taxable,VCS_EU_OSS,Seller,ShipTo,Country,ITALY,85.57,15.43,70.14,0.00,0.00,0.00,0.00,0.00,0.00,0.00,0.00,0.00,0.00,0.00,0.00,0.00,0.00,0.00,ESB71337349,ES,,,,,,0.0000,,0.00,ES60001U9FPVBU,"https://sellercentral.amazon.it/document/download?v=urn%3aalx%3adoc%3a9d8cab0f-1f96-4462-8642-ace99a371392%3ab8f823d3-9775-4fc4-8eb4-1c3c3e0efc4a&t=EU_Retail_Forward",false,Pamplona,Navarra,ES,31001,807240000,Roma,RM,IT,00142,803800000,,true,,,,,,,,,,,,
IT,122283732812,"12-Mar-2026 UTC",SHIPMENT,FALSE,404-2721817-9458714,"12-Mar-2026 UTC",26103123716039,26103123716039,B075BWZ7PG,969056-46,1,"12-Mar-2026 UTC",0.2200,A_GEN_STANDARD,EUR,VAT,Taxable,VCS_EU_OSS,Seller,ShipTo,Country,ITALY,80.29,14.48,65.81,0.00,0.00,0.00,0.00,0.00,0.00,0.00,0.00,0.00,0.00,0.00,0.00,0.00,0.00,0.00,ESB71337349,ES,,,,,,0.0000,,0.00,ES60001O9FPVBU,"https://sellercentral.amazon.it/document/download?v=urn%3aalx%3adoc%3a9d8cab0f-1f96-4462-8642-ace99a371392%3adc8ef9f5-59c4-4b55-8bfa-d433c458bcaa&t=EU_Retail_Forward",false,Pamplona,Navarra,ES,31001,807240000,ROMA,Roma,IT,00142,803800000,,true,,,,,,,,,,,,
IT,122283732812,"11-Mar-2026 UTC",SHIPMENT,FALSE,402-7504352-4805931,"12-Mar-2026 UTC",26103559159039,26103559159039,B0BQTYMWBF,683421-41,1,"11-Mar-2026 UTC",0.2200,A_GEN_STANDARD,EUR,VAT,Taxable,VCS_EU_OSS,Seller,ShipTo,Country,ITALY,92.25,16.64,75.61,0.00,0.00,0.00,0.00,0.00,0.00,0.00,0.00,0.00,0.00,0.00,0.00,0.00,0.00,0.00,ESB71337349,ES,,,,,,0.0000,,0.00,ES60001N9FPVBU,"https://sellercentral.amazon.it/document/download?v=urn%3aalx%3adoc%3a9d8cab0f-1f96-4462-8642-ace99a371392%3a880d9df8-b2cc-438f-8552-8592d340e674&t=EU_Retail_Forward",false,Pamplona,Navarra,ES,31001,807240000,"Rocchetta Tanaro",Asti,IT,14030,803800000,,true,,,,,,,,,,,,
